<?xml version="1.0" encoding="UTF-8" standalone="no"?>
<construct>
    <construct_parameters>
        <param name="verbose initialization" value="true"/>
        <param name="verbose runtime" value="false"/>
        <param name="custom library" value="./libconstructAPI.dylib"/>
    </construct_parameters>
    <models>
        <model name="Toxic Moderation Model">
            <param name="platform model names" value="ToxicModel" />
            <param name="moderation threshold" value="0.25" />
            <param name="interval time duration" value="1.0"/>
            <param name="maximum post inactivity" value="10.0"/>
        </model>
    </models>
    <nodesets>
        <nodeset name="agent">
            <generator type="constant">
                <count value="20" />
                <attribute name="add follower density" value="1" />
                <attribute name="auto follow" value="true" />
                <attribute name="charisma" value=".5" />
                <attribute name="ToxicModel post density" value="1" />
                <attribute name="ToxicModel quote probability" value=".1" />
                <attribute name="ToxicModel reading density" value="5" />
                <attribute name="ToxicModel remove follower scale factor" value="50" />
                <attribute name="ToxicModel reply probability" value=".1" />
                <attribute name="ToxicModel repost probability" value=".1" />
                <attribute name="can receive knowledge" value="true" />
                <attribute name="can receive knowledge trust" value="true" />
                <attribute name="can send knowledge" value="true" />
                <attribute name="can send knowledge trust" value="true" />
                <attribute name="agent trust resistance" value="0.5" />
                <attribute name="alter trust weight" value="1" />
                <attribute name="can send emotion" value="true" />
                <attribute name="can receive emotion" value="false" />
            </generator>
        </nodeset>
        <nodeset name="knowledge">
            <node name="knowledge_0" />
            <node name="knowledge_1" />
            <node name="knowledge_2" />
            <node name="knowledge_3" />
            <node name="knowledge_4" />
            <node name="knowledge_5" />
            <node name="knowledge_6" />
            <node name="knowledge_7" />
            <node name="knowledge_8" />
            <node name="knowledge_9" />
            <node name="knowledge_10" />
            <node name="knowledge_11" />
            <node name="knowledge_12" />
            <node name="knowledge_13" />
            <node name="knowledge_14" />
            <node name="knowledge_15" />
            <node name="knowledge_16" />
            <node name="knowledge_17" />
            <node name="knowledge_18" />
            <node name="knowledge_19" />
        </nodeset>
        <nodeset name="time">
            <generator type="constant">
                <count value="500" />
            </generator>
        </nodeset>
        <nodeset name="emotion">
            <generator type="constant">
                <count value="8" />
            </generator>
        </nodeset>
        <nodeset name="toxic">
            <generator type="constant">
                <count value="5" />
            </generator>
        </nodeset>
    </nodesets>
    <networks>
        <network default="0" edge_type="bool" name="knowledge network">
            <source nodeset="agent" representation="dense" />
            <target nodeset="knowledge" representation="sparse" />
            <generator type="random binary">
                <param name="density" value="0.2" />
            </generator>
        </network>
        <network default="0.1" edge_type="float" name="emotion network">
            <source nodeset="agent" representation="dense" />
            <target nodeset="emotion" representation="dense" />
            <generator type="random uniform">
                <param name="min" value="0.1" />
                <param name="max" value="1.0" />
            </generator>
        </network>
        <network default="0" edge_type="float" name="emotion reading first order network">
            <source nodeset="emotion" representation="dense" />
            <target nodeset="emotion" representation="dense" />
            <generator type="random uniform">
                <param name="min" value="-0.1" />
                <param name="max" value="0.1" />
            </generator>
        </network>
        <network default="0" edge_type="float" name="emotion regulation bias network">
            <source nodeset="agent" representation="dense" />
            <target nodeset="emotion" representation="dense" />
            <generator type="random uniform">
                <param name="min" value="0" />
                <param name="max" value="0.2" />
            </generator>
        </network>
        <network default="0" edge_type="float" name="emotion regulation first order network">
            <source nodeset="emotion" representation="dense" />
            <target nodeset="emotion" representation="dense" />
            <generator type="random uniform">
                <param name="min" value="0" />
                <param name="max" value="0.1" />
            </generator>
        </network>
        <network default="0" edge_type="bool" name="twitter follower network">
            <source nodeset="agent" representation="dense" />
            <target nodeset="agent" representation="sparse" />
            <generator type="random binary">
                <param name="density" value="0.2" />
            </generator>
        </network>
        <network default="0" edge_type="float" name="knowledge trust network">
            <source nodeset="agent" representation="dense" />
            <target nodeset="knowledge" representation="sparse" />
            <generator type="random uniform">
                <param name="density" value="0.2" />
                <param name="min" value="0.0" />
                <param name="max" value="1.0" />
            </generator>
        </network>
        <network name="influence network" edge_type="float" default="0.1">
            <source nodeset="agent" representation="dense" />
            <target nodeset="agent" representation="dense" />
            <generator type="random uniform">
                <param name="min" value="0.0" />
                <param name="max" value="1.0" />
            </generator>
        </network>
        <network name="toxic agent network" edge_type="float" default="0.1">
            <source nodeset="agent" representation="dense" />
            <target nodeset="toxic" representation="dense" />
        </network>
        <network name="toxic susceptibility network" edge_type="float" default="0.1">
            <source nodeset="agent" representation="dense" />
            <target nodeset="toxic" representation="dense" />
        </network>
        <network name="toxic knowledge network" edge_type="float" default="0.1">
            <source nodeset="knowledge" representation="dense" />
            <target nodeset="toxic" representation="dense" />
        </network>
    </networks>
    <outputs>
        <output type="dynetml">
            <param name="network names"
                value="knowledge network,knowledge trust network,twitter follower network,emotion network,toxic agent network,toxic susceptibility network,toxic knowledge network" />
            <param name="output file" value="my_ouput.xml"/>
            <param name="timeperiods" value="last"/>
        </output>
    </outputs>
</construct>
