<DynamicMetaNetwork id="Construct"><MetaNetwork id="timeperiod_499" timePeriod="499"><nodes><nodeset type="toxic" id="toxic"><node id="toxic_0"/><node id="toxic_1"/><node id="toxic_2"/><node id="toxic_3"/><node id="toxic_4"/></nodeset><nodeset type="emotion" id="emotion"><node id="emotion_0"/><node id="emotion_1"/><node id="emotion_2"/><node id="emotion_3"/><node id="emotion_4"/><node id="emotion_5"/><node id="emotion_6"/><node id="emotion_7"/></nodeset><nodeset type="knowledge" id="knowledge"><node id="knowledge_0"/><node id="knowledge_1"/><node id="knowledge_2"/><node id="knowledge_3"/><node id="knowledge_4"/><node id="knowledge_5"/><node id="knowledge_6"/><node id="knowledge_7"/><node id="knowledge_8"/><node id="knowledge_9"/><node id="knowledge_10"/><node id="knowledge_11"/><node id="knowledge_12"/><node id="knowledge_13"/><node id="knowledge_14"/><node id="knowledge_15"/><node id="knowledge_16"/><node id="knowledge_17"/><node id="knowledge_18"/><node id="knowledge_19"/></nodeset><nodeset type="agent" id="agent"><node id="agent_0"/><node id="agent_1"/><node id="agent_2"/><node id="agent_3"/><node id="agent_4"/><node id="agent_5"/><node id="agent_6"/><node id="agent_7"/><node id="agent_8"/><node id="agent_9"/><node id="agent_10"/><node id="agent_11"/><node id="agent_12"/><node id="agent_13"/><node id="agent_14"/><node id="agent_15"/><node id="agent_16"/><node id="agent_17"/><node id="agent_18"/><node id="agent_19"/></nodeset></nodes><networks><network sourceType="agent" source="agent" targetType="knowledge" target="knowledge" id="knowledge network" isDirected="true" allowSelfLoops="true" isBinary="true" dynetmlUndirectedCompressed="false"><link source="agent_0" target="knowledge_0"/><link source="agent_0" target="knowledge_1"/><link source="agent_0" target="knowledge_5"/><link source="agent_0" target="knowledge_10"/><link source="agent_1" target="knowledge_1"/><link source="agent_1" target="knowledge_6"/><link source="agent_1" target="knowledge_19"/><link source="agent_2" target="knowledge_1"/><link source="agent_2" target="knowledge_6"/><link source="agent_2" target="knowledge_7"/><link source="agent_2" target="knowledge_10"/><link source="agent_2" target="knowledge_11"/><link source="agent_3" target="knowledge_1"/><link source="agent_3" target="knowledge_5"/><link source="agent_3" target="knowledge_6"/><link source="agent_3" target="knowledge_7"/><link source="agent_3" target="knowledge_9"/><link source="agent_3" target="knowledge_14"/><link source="agent_3" target="knowledge_15"/><link source="agent_3" target="knowledge_18"/><link source="agent_3" target="knowledge_19"/><link source="agent_4" target="knowledge_1"/><link source="agent_4" target="knowledge_2"/><link source="agent_4" target="knowledge_8"/><link source="agent_4" target="knowledge_14"/><link source="agent_4" target="knowledge_17"/><link source="agent_5" target="knowledge_0"/><link source="agent_5" target="knowledge_1"/><link source="agent_5" target="knowledge_2"/><link source="agent_5" target="knowledge_5"/><link source="agent_5" target="knowledge_10"/><link source="agent_5" target="knowledge_14"/><link source="agent_5" target="knowledge_16"/><link source="agent_6" target="knowledge_0"/><link source="agent_6" target="knowledge_1"/><link source="agent_6" target="knowledge_13"/><link source="agent_7" target="knowledge_1"/><link source="agent_7" target="knowledge_2"/><link source="agent_7" target="knowledge_14"/><link source="agent_8" target="knowledge_1"/><link source="agent_8" target="knowledge_7"/><link source="agent_8" target="knowledge_11"/><link source="agent_8" target="knowledge_14"/><link source="agent_9" target="knowledge_1"/><link source="agent_9" target="knowledge_6"/><link source="agent_9" target="knowledge_7"/><link source="agent_9" target="knowledge_11"/><link source="agent_9" target="knowledge_12"/><link source="agent_9" target="knowledge_14"/><link source="agent_10" target="knowledge_1"/><link source="agent_10" target="knowledge_4"/><link source="agent_10" target="knowledge_7"/><link source="agent_10" target="knowledge_13"/><link source="agent_10" target="knowledge_16"/><link source="agent_11" target="knowledge_1"/><link source="agent_11" target="knowledge_3"/><link source="agent_11" target="knowledge_9"/><link source="agent_11" target="knowledge_11"/><link source="agent_11" target="knowledge_17"/><link source="agent_12" target="knowledge_1"/><link source="agent_12" target="knowledge_9"/><link source="agent_12" target="knowledge_10"/><link source="agent_12" target="knowledge_11"/><link source="agent_12" target="knowledge_13"/><link source="agent_12" target="knowledge_18"/><link source="agent_12" target="knowledge_19"/><link source="agent_13" target="knowledge_1"/><link source="agent_13" target="knowledge_8"/><link source="agent_13" target="knowledge_9"/><link source="agent_13" target="knowledge_13"/><link source="agent_14" target="knowledge_1"/><link source="agent_14" target="knowledge_14"/><link source="agent_15" target="knowledge_0"/><link source="agent_15" target="knowledge_1"/><link source="agent_15" target="knowledge_8"/><link source="agent_15" target="knowledge_9"/><link source="agent_15" target="knowledge_13"/><link source="agent_16" target="knowledge_1"/><link source="agent_16" target="knowledge_4"/><link source="agent_16" target="knowledge_13"/><link source="agent_16" target="knowledge_16"/><link source="agent_17" target="knowledge_1"/><link source="agent_17" target="knowledge_2"/><link source="agent_17" target="knowledge_4"/><link source="agent_17" target="knowledge_7"/><link source="agent_17" target="knowledge_8"/><link source="agent_17" target="knowledge_16"/><link source="agent_18" target="knowledge_1"/><link source="agent_18" target="knowledge_6"/><link source="agent_18" target="knowledge_15"/><link source="agent_18" target="knowledge_16"/><link source="agent_18" target="knowledge_18"/><link source="agent_19" target="knowledge_1"/><link source="agent_19" target="knowledge_10"/><link source="agent_19" target="knowledge_12"/><link source="agent_19" target="knowledge_16"/><link source="agent_19" target="knowledge_17"/><link source="agent_19" target="knowledge_18"/><link source="agent_19" target="knowledge_19"/></network><network sourceType="agent" source="agent" targetType="knowledge" target="knowledge" id="knowledge trust network" isDirected="true" allowSelfLoops="true" isBinary="false" dynetmlUndirectedCompressed="false"><link source="agent_0" target="knowledge_9" value="0.46364"/><link source="agent_1" target="knowledge_1" value="0.0469705"/><link source="agent_1" target="knowledge_6" value="0.592794"/><link source="agent_1" target="knowledge_14" value="0.599648"/><link source="agent_1" target="knowledge_16" value="0.931327"/><link source="agent_1" target="knowledge_17" value="0.702275"/><link source="agent_2" target="knowledge_0" value="0.980493"/><link source="agent_2" target="knowledge_2" value="0.396512"/><link source="agent_2" target="knowledge_3" value="0.0710567"/><link source="agent_2" target="knowledge_10" value="0.157521"/><link source="agent_2" target="knowledge_12" value="0.75765"/><link source="agent_2" target="knowledge_15" value="0.994683"/><link source="agent_3" target="knowledge_0" value="0.174333"/><link source="agent_3" target="knowledge_3" value="0.416906"/><link source="agent_3" target="knowledge_9" value="0.217756"/><link source="agent_3" target="knowledge_15" value="0.578206"/><link source="agent_4" target="knowledge_3" value="0.788733"/><link source="agent_4" target="knowledge_7" value="0.256533"/><link source="agent_4" target="knowledge_8" value="0.33254"/><link source="agent_4" target="knowledge_9" value="0.67576"/><link source="agent_4" target="knowledge_11" value="0.830491"/><link source="agent_4" target="knowledge_13" value="0.917989"/><link source="agent_4" target="knowledge_19" value="0.963514"/><link source="agent_5" target="knowledge_12" value="0.955024"/><link source="agent_5" target="knowledge_14" value="0.84369"/><link source="agent_6" target="knowledge_5" value="0.257473"/><link source="agent_7" target="knowledge_3" value="0.440005"/><link source="agent_7" target="knowledge_7" value="0.848214"/><link source="agent_7" target="knowledge_8" value="0.421008"/><link source="agent_7" target="knowledge_18" value="0.128507"/><link source="agent_7" target="knowledge_19" value="0.329748"/><link source="agent_8" target="knowledge_3" value="0.0226366"/><link source="agent_8" target="knowledge_5" value="0.815504"/><link source="agent_8" target="knowledge_6" value="0.870363"/><link source="agent_8" target="knowledge_9" value="0.121991"/><link source="agent_8" target="knowledge_15" value="0.354661"/><link source="agent_9" target="knowledge_1" value="0.972292"/><link source="agent_9" target="knowledge_6" value="0.925914"/><link source="agent_9" target="knowledge_8" value="0.157147"/><link source="agent_9" target="knowledge_12" value="0.274072"/><link source="agent_10" target="knowledge_0" value="0.222402"/><link source="agent_10" target="knowledge_9" value="0.829022"/><link source="agent_11" target="knowledge_0" value="0.39526"/><link source="agent_11" target="knowledge_7" value="0.100021"/><link source="agent_11" target="knowledge_8" value="0.57431"/><link source="agent_11" target="knowledge_17" value="0.957441"/><link source="agent_12" target="knowledge_2" value="0.261339"/><link source="agent_12" target="knowledge_3" value="0.621518"/><link source="agent_12" target="knowledge_11" value="0.951966"/><link source="agent_12" target="knowledge_19" value="0.683283"/><link source="agent_13" target="knowledge_10" value="0.343373"/><link source="agent_13" target="knowledge_13" value="0.832239"/><link source="agent_13" target="knowledge_19" value="0.588423"/><link source="agent_14" target="knowledge_1" value="0.0348646"/><link source="agent_14" target="knowledge_3" value="0.0414035"/><link source="agent_14" target="knowledge_6" value="0.0703683"/><link source="agent_15" target="knowledge_1" value="0.133276"/><link source="agent_15" target="knowledge_4" value="0.029553"/><link source="agent_15" target="knowledge_9" value="0.909466"/><link source="agent_15" target="knowledge_14" value="0.234176"/><link source="agent_17" target="knowledge_0" value="0.474198"/><link source="agent_17" target="knowledge_1" value="0.155512"/><link source="agent_17" target="knowledge_4" value="0.839581"/><link source="agent_17" target="knowledge_12" value="0.609875"/><link source="agent_17" target="knowledge_14" value="0.118715"/><link source="agent_18" target="knowledge_6" value="0.976062"/><link source="agent_18" target="knowledge_10" value="0.827708"/><link source="agent_18" target="knowledge_12" value="0.817727"/><link source="agent_18" target="knowledge_14" value="0.459361"/><link source="agent_18" target="knowledge_18" value="0.833425"/></network><network sourceType="agent" source="agent" targetType="agent" target="agent" id="twitter follower network" isDirected="true" allowSelfLoops="true" isBinary="true" dynetmlUndirectedCompressed="false"><link source="agent_0" target="agent_4"/><link source="agent_0" target="agent_8"/><link source="agent_0" target="agent_18"/><link source="agent_1" target="agent_8"/><link source="agent_1" target="agent_9"/><link source="agent_1" target="agent_11"/><link source="agent_1" target="agent_13"/><link source="agent_1" target="agent_14"/><link source="agent_2" target="agent_10"/><link source="agent_2" target="agent_12"/><link source="agent_2" target="agent_14"/><link source="agent_2" target="agent_19"/><link source="agent_3" target="agent_0"/><link source="agent_3" target="agent_3"/><link source="agent_3" target="agent_7"/><link source="agent_3" target="agent_18"/><link source="agent_4" target="agent_6"/><link source="agent_4" target="agent_10"/><link source="agent_4" target="agent_13"/><link source="agent_4" target="agent_15"/><link source="agent_4" target="agent_17"/><link source="agent_4" target="agent_18"/><link source="agent_5" target="agent_1"/><link source="agent_5" target="agent_9"/><link source="agent_5" target="agent_12"/><link source="agent_6" target="agent_3"/><link source="agent_6" target="agent_5"/><link source="agent_6" target="agent_15"/><link source="agent_7" target="agent_2"/><link source="agent_7" target="agent_8"/><link source="agent_7" target="agent_10"/><link source="agent_7" target="agent_17"/><link source="agent_7" target="agent_19"/><link source="agent_8" target="agent_2"/><link source="agent_8" target="agent_7"/><link source="agent_8" target="agent_9"/><link source="agent_8" target="agent_12"/><link source="agent_8" target="agent_13"/><link source="agent_8" target="agent_15"/><link source="agent_9" target="agent_7"/><link source="agent_9" target="agent_11"/><link source="agent_9" target="agent_14"/><link source="agent_10" target="agent_2"/><link source="agent_10" target="agent_12"/><link source="agent_10" target="agent_13"/><link source="agent_10" target="agent_14"/><link source="agent_11" target="agent_8"/><link source="agent_11" target="agent_14"/><link source="agent_11" target="agent_17"/><link source="agent_12" target="agent_0"/><link source="agent_12" target="agent_3"/><link source="agent_12" target="agent_6"/><link source="agent_12" target="agent_8"/><link source="agent_13" target="agent_9"/><link source="agent_13" target="agent_12"/><link source="agent_13" target="agent_14"/><link source="agent_14" target="agent_7"/><link source="agent_14" target="agent_8"/><link source="agent_14" target="agent_11"/><link source="agent_14" target="agent_14"/><link source="agent_14" target="agent_15"/><link source="agent_14" target="agent_17"/><link source="agent_14" target="agent_19"/><link source="agent_15" target="agent_5"/><link source="agent_15" target="agent_8"/><link source="agent_15" target="agent_9"/><link source="agent_15" target="agent_10"/><link source="agent_15" target="agent_12"/><link source="agent_15" target="agent_13"/><link source="agent_15" target="agent_14"/><link source="agent_16" target="agent_1"/><link source="agent_16" target="agent_4"/><link source="agent_16" target="agent_12"/><link source="agent_16" target="agent_14"/><link source="agent_17" target="agent_12"/><link source="agent_17" target="agent_13"/><link source="agent_17" target="agent_17"/><link source="agent_17" target="agent_18"/><link source="agent_18" target="agent_3"/><link source="agent_18" target="agent_6"/><link source="agent_18" target="agent_10"/><link source="agent_18" target="agent_19"/><link source="agent_19" target="agent_2"/><link source="agent_19" target="agent_5"/><link source="agent_19" target="agent_9"/><link source="agent_19" target="agent_16"/><link source="agent_19" target="agent_19"/></network><network sourceType="agent" source="agent" targetType="emotion" target="emotion" id="emotion network" isDirected="true" allowSelfLoops="true" isBinary="false" dynetmlUndirectedCompressed="false"><link source="agent_0" target="emotion_0" value="0.878509"/><link source="agent_0" target="emotion_1" value="0.187103"/><link source="agent_0" target="emotion_2" value="0.508794"/><link source="agent_0" target="emotion_3" value="0.393173"/><link source="agent_0" target="emotion_4" value="0.562923"/><link source="agent_0" target="emotion_5" value="0.220285"/><link source="agent_0" target="emotion_6" value="0.162773"/><link source="agent_0" target="emotion_7" value="0.12658"/><link source="agent_1" target="emotion_0" value="0.985194"/><link source="agent_1" target="emotion_1" value="0.962829"/><link source="agent_1" target="emotion_2" value="0.101815"/><link source="agent_1" target="emotion_3" value="0.441496"/><link source="agent_1" target="emotion_4" value="0.465165"/><link source="agent_1" target="emotion_5" value="0.280873"/><link source="agent_1" target="emotion_6" value="0.420556"/><link source="agent_1" target="emotion_7" value="0.761185"/><link source="agent_2" target="emotion_0" value="0.662695"/><link source="agent_2" target="emotion_1" value="0.421109"/><link source="agent_2" target="emotion_2" value="0.205401"/><link source="agent_2" target="emotion_3" value="0.694397"/><link source="agent_2" target="emotion_4" value="0.867404"/><link source="agent_2" target="emotion_5" value="0.255852"/><link source="agent_2" target="emotion_6" value="0.261834"/><link source="agent_2" target="emotion_7" value="0.670295"/><link source="agent_3" target="emotion_0" value="0.532216"/><link source="agent_3" target="emotion_1" value="0.488167"/><link source="agent_3" target="emotion_2" value="0.778598"/><link source="agent_3" target="emotion_3" value="0.126041"/><link source="agent_3" target="emotion_4" value="0.173841"/><link source="agent_3" target="emotion_5" value="0.647218"/><link source="agent_3" target="emotion_6" value="0.686116"/><link source="agent_3" target="emotion_7" value="0.868672"/><link source="agent_4" target="emotion_0" value="0.349021"/><link source="agent_4" target="emotion_1" value="0.68584"/><link source="agent_4" target="emotion_2" value="0.164216"/><link source="agent_4" target="emotion_3" value="0.228113"/><link source="agent_4" target="emotion_4" value="0.213288"/><link source="agent_4" target="emotion_5" value="0.951165"/><link source="agent_4" target="emotion_6" value="0.942875"/><link source="agent_4" target="emotion_7" value="0.926623"/><link source="agent_5" target="emotion_0" value="0.202729"/><link source="agent_5" target="emotion_1" value="0.759028"/><link source="agent_5" target="emotion_2" value="0.764885"/><link source="agent_5" target="emotion_3" value="0.54841"/><link source="agent_5" target="emotion_4" value="0.719513"/><link source="agent_5" target="emotion_5" value="0.757233"/><link source="agent_5" target="emotion_6" value="0.916638"/><link source="agent_5" target="emotion_7" value="0.895198"/><link source="agent_6" target="emotion_0" value="0.824588"/><link source="agent_6" target="emotion_1" value="0.880272"/><link source="agent_6" target="emotion_2" value="0.4783"/><link source="agent_6" target="emotion_3" value="0.532538"/><link source="agent_6" target="emotion_4" value="0.794234"/><link source="agent_6" target="emotion_5" value="0.29519"/><link source="agent_6" target="emotion_6" value="0.113859"/><link source="agent_6" target="emotion_7" value="0.908264"/><link source="agent_7" target="emotion_0" value="0.633885"/><link source="agent_7" target="emotion_1" value="0.17696"/><link source="agent_7" target="emotion_2" value="0.24911"/><link source="agent_7" target="emotion_3" value="0.360789"/><link source="agent_7" target="emotion_4" value="0.988639"/><link source="agent_7" target="emotion_5" value="0.932645"/><link source="agent_7" target="emotion_6" value="0.855161"/><link source="agent_7" target="emotion_7" value="0.848411"/><link source="agent_8" target="emotion_0" value="0.265504"/><link source="agent_8" target="emotion_1" value="0.691417"/><link source="agent_8" target="emotion_2" value="0.299978"/><link source="agent_8" target="emotion_3" value="0.450423"/><link source="agent_8" target="emotion_4" value="0.730775"/><link source="agent_8" target="emotion_5" value="0.149191"/><link source="agent_8" target="emotion_6" value="0.874434"/><link source="agent_8" target="emotion_7" value="0.708199"/><link source="agent_9" target="emotion_0" value="0.703754"/><link source="agent_9" target="emotion_1" value="0.109538"/><link source="agent_9" target="emotion_2" value="0.14136"/><link source="agent_9" target="emotion_3" value="0.697031"/><link source="agent_9" target="emotion_4" value="0.946736"/><link source="agent_9" target="emotion_5" value="0.375972"/><link source="agent_9" target="emotion_6" value="0.956666"/><link source="agent_9" target="emotion_7" value="0.197792"/><link source="agent_10" target="emotion_0" value="0.940046"/><link source="agent_10" target="emotion_1" value="0.437015"/><link source="agent_10" target="emotion_2" value="0.233921"/><link source="agent_10" target="emotion_3" value="0.318995"/><link source="agent_10" target="emotion_4" value="0.454101"/><link source="agent_10" target="emotion_5" value="0.240795"/><link source="agent_10" target="emotion_6" value="0.445863"/><link source="agent_10" target="emotion_7" value="0.97777"/><link source="agent_11" target="emotion_0" value="0.843437"/><link source="agent_11" target="emotion_1" value="0.387205"/><link source="agent_11" target="emotion_2" value="0.266355"/><link source="agent_11" target="emotion_3" value="0.524906"/><link source="agent_11" target="emotion_4" value="0.859144"/><link source="agent_11" target="emotion_5" value="0.409896"/><link source="agent_11" target="emotion_6" value="0.698727"/><link source="agent_11" target="emotion_7" value="0.490966"/><link source="agent_12" target="emotion_0" value="0.453988"/><link source="agent_12" target="emotion_1" value="0.786375"/><link source="agent_12" target="emotion_2" value="0.814422"/><link source="agent_12" target="emotion_3" value="0.946994"/><link source="agent_12" target="emotion_4" value="0.564919"/><link source="agent_12" target="emotion_5" value="0.966909"/><link source="agent_12" target="emotion_6" value="0.274401"/><link source="agent_12" target="emotion_7" value="0.396588"/><link source="agent_13" target="emotion_0" value="0.586604"/><link source="agent_13" target="emotion_1" value="0.909821"/><link source="agent_13" target="emotion_2" value="0.281405"/><link source="agent_13" target="emotion_3" value="0.531098"/><link source="agent_13" target="emotion_4" value="0.822901"/><link source="agent_13" target="emotion_5" value="0.841222"/><link source="agent_13" target="emotion_6" value="0.360315"/><link source="agent_13" target="emotion_7" value="0.952126"/><link source="agent_14" target="emotion_0" value="0.224254"/><link source="agent_14" target="emotion_1" value="0.745449"/><link source="agent_14" target="emotion_2" value="0.790265"/><link source="agent_14" target="emotion_3" value="0.297842"/><link source="agent_14" target="emotion_4" value="0.245156"/><link source="agent_14" target="emotion_5" value="0.200537"/><link source="agent_14" target="emotion_6" value="0.899953"/><link source="agent_14" target="emotion_7" value="0.686534"/><link source="agent_15" target="emotion_0" value="0.928382"/><link source="agent_15" target="emotion_1" value="0.936316"/><link source="agent_15" target="emotion_2" value="0.537006"/><link source="agent_15" target="emotion_3" value="0.612068"/><link source="agent_15" target="emotion_4" value="0.231787"/><link source="agent_15" target="emotion_5" value="0.765008"/><link source="agent_15" target="emotion_6" value="0.902643"/><link source="agent_15" target="emotion_7" value="0.445522"/><link source="agent_16" target="emotion_0" value="0.134671"/><link source="agent_16" target="emotion_1" value="0.327091"/><link source="agent_16" target="emotion_2" value="0.847722"/><link source="agent_16" target="emotion_3" value="0.788904"/><link source="agent_16" target="emotion_4" value="0.523466"/><link source="agent_16" target="emotion_5" value="0.931181"/><link source="agent_16" target="emotion_6" value="0.464074"/><link source="agent_16" target="emotion_7" value="0.902814"/><link source="agent_17" target="emotion_0" value="0.64728"/><link source="agent_17" target="emotion_1" value="0.369678"/><link source="agent_17" target="emotion_2" value="0.471124"/><link source="agent_17" target="emotion_3" value="0.741541"/><link source="agent_17" target="emotion_4" value="0.647016"/><link source="agent_17" target="emotion_5" value="0.531738"/><link source="agent_17" target="emotion_6" value="0.372918"/><link source="agent_17" target="emotion_7" value="0.244942"/><link source="agent_18" target="emotion_0" value="0.512328"/><link source="agent_18" target="emotion_1" value="0.351235"/><link source="agent_18" target="emotion_2" value="0.878068"/><link source="agent_18" target="emotion_3" value="0.495467"/><link source="agent_18" target="emotion_4" value="0.755179"/><link source="agent_18" target="emotion_5" value="0.844997"/><link source="agent_18" target="emotion_6" value="0.123625"/><link source="agent_18" target="emotion_7" value="0.284754"/><link source="agent_19" target="emotion_0" value="0.1"/><link source="agent_19" target="emotion_1" value="0.1"/><link source="agent_19" target="emotion_2" value="0.1"/><link source="agent_19" target="emotion_3" value="0.1"/><link source="agent_19" target="emotion_4" value="0.1"/><link source="agent_19" target="emotion_5" value="0.1"/><link source="agent_19" target="emotion_6" value="0.1"/><link source="agent_19" target="emotion_7" value="0.1"/></network><network sourceType="agent" source="agent" targetType="toxic" target="toxic" id="toxic agent network" isDirected="true" allowSelfLoops="true" isBinary="false" dynetmlUndirectedCompressed="false"><link source="agent_0" target="toxic_0" value="0.1"/><link source="agent_0" target="toxic_1" value="0.1"/><link source="agent_0" target="toxic_2" value="0.1"/><link source="agent_0" target="toxic_3" value="0.1"/><link source="agent_0" target="toxic_4" value="0.1"/><link source="agent_1" target="toxic_0" value="0.1"/><link source="agent_1" target="toxic_1" value="0.1"/><link source="agent_1" target="toxic_2" value="0.1"/><link source="agent_1" target="toxic_3" value="0.1"/><link source="agent_1" target="toxic_4" value="0.1"/><link source="agent_2" target="toxic_0" value="0.1"/><link source="agent_2" target="toxic_1" value="0.1"/><link source="agent_2" target="toxic_2" value="0.1"/><link source="agent_2" target="toxic_3" value="0.1"/><link source="agent_2" target="toxic_4" value="0.1"/><link source="agent_3" target="toxic_0" value="0.1"/><link source="agent_3" target="toxic_1" value="0.1"/><link source="agent_3" target="toxic_2" value="0.1"/><link source="agent_3" target="toxic_3" value="0.1"/><link source="agent_3" target="toxic_4" value="0.1"/><link source="agent_4" target="toxic_0" value="0.1"/><link source="agent_4" target="toxic_1" value="0.1"/><link source="agent_4" target="toxic_2" value="0.1"/><link source="agent_4" target="toxic_3" value="0.1"/><link source="agent_4" target="toxic_4" value="0.1"/><link source="agent_5" target="toxic_0" value="0.1"/><link source="agent_5" target="toxic_1" value="0.1"/><link source="agent_5" target="toxic_2" value="0.1"/><link source="agent_5" target="toxic_3" value="0.1"/><link source="agent_5" target="toxic_4" value="0.1"/><link source="agent_6" target="toxic_0" value="0.1"/><link source="agent_6" target="toxic_1" value="0.1"/><link source="agent_6" target="toxic_2" value="0.1"/><link source="agent_6" target="toxic_3" value="0.1"/><link source="agent_6" target="toxic_4" value="0.1"/><link source="agent_7" target="toxic_0" value="0.1"/><link source="agent_7" target="toxic_1" value="0.1"/><link source="agent_7" target="toxic_2" value="0.1"/><link source="agent_7" target="toxic_3" value="0.1"/><link source="agent_7" target="toxic_4" value="0.1"/><link source="agent_8" target="toxic_0" value="0.1"/><link source="agent_8" target="toxic_1" value="0.1"/><link source="agent_8" target="toxic_2" value="0.1"/><link source="agent_8" target="toxic_3" value="0.1"/><link source="agent_8" target="toxic_4" value="0.1"/><link source="agent_9" target="toxic_0" value="0.1"/><link source="agent_9" target="toxic_1" value="0.1"/><link source="agent_9" target="toxic_2" value="0.1"/><link source="agent_9" target="toxic_3" value="0.1"/><link source="agent_9" target="toxic_4" value="0.1"/><link source="agent_10" target="toxic_0" value="0.1"/><link source="agent_10" target="toxic_1" value="0.1"/><link source="agent_10" target="toxic_2" value="0.1"/><link source="agent_10" target="toxic_3" value="0.1"/><link source="agent_10" target="toxic_4" value="0.1"/><link source="agent_11" target="toxic_0" value="0.1"/><link source="agent_11" target="toxic_1" value="0.1"/><link source="agent_11" target="toxic_2" value="0.1"/><link source="agent_11" target="toxic_3" value="0.1"/><link source="agent_11" target="toxic_4" value="0.1"/><link source="agent_12" target="toxic_0" value="0.1"/><link source="agent_12" target="toxic_1" value="0.1"/><link source="agent_12" target="toxic_2" value="0.1"/><link source="agent_12" target="toxic_3" value="0.1"/><link source="agent_12" target="toxic_4" value="0.1"/><link source="agent_13" target="toxic_0" value="0.1"/><link source="agent_13" target="toxic_1" value="0.1"/><link source="agent_13" target="toxic_2" value="0.1"/><link source="agent_13" target="toxic_3" value="0.1"/><link source="agent_13" target="toxic_4" value="0.1"/><link source="agent_14" target="toxic_0" value="0.1"/><link source="agent_14" target="toxic_1" value="0.1"/><link source="agent_14" target="toxic_2" value="0.1"/><link source="agent_14" target="toxic_3" value="0.1"/><link source="agent_14" target="toxic_4" value="0.1"/><link source="agent_15" target="toxic_0" value="0.1"/><link source="agent_15" target="toxic_1" value="0.1"/><link source="agent_15" target="toxic_2" value="0.1"/><link source="agent_15" target="toxic_3" value="0.1"/><link source="agent_15" target="toxic_4" value="0.1"/><link source="agent_16" target="toxic_0" value="0.1"/><link source="agent_16" target="toxic_1" value="0.1"/><link source="agent_16" target="toxic_2" value="0.1"/><link source="agent_16" target="toxic_3" value="0.1"/><link source="agent_16" target="toxic_4" value="0.1"/><link source="agent_17" target="toxic_0" value="0.1"/><link source="agent_17" target="toxic_1" value="0.1"/><link source="agent_17" target="toxic_2" value="0.1"/><link source="agent_17" target="toxic_3" value="0.1"/><link source="agent_17" target="toxic_4" value="0.1"/><link source="agent_18" target="toxic_0" value="0.1"/><link source="agent_18" target="toxic_1" value="0.1"/><link source="agent_18" target="toxic_2" value="0.1"/><link source="agent_18" target="toxic_3" value="0.1"/><link source="agent_18" target="toxic_4" value="0.1"/><link source="agent_19" target="toxic_0" value="0.1"/><link source="agent_19" target="toxic_1" value="0.1"/><link source="agent_19" target="toxic_2" value="0.1"/><link source="agent_19" target="toxic_3" value="0.1"/><link source="agent_19" target="toxic_4" value="0.1"/></network><network sourceType="agent" source="agent" targetType="toxic" target="toxic" id="toxic susceptibility network" isDirected="true" allowSelfLoops="true" isBinary="false" dynetmlUndirectedCompressed="false"><link source="agent_0" target="toxic_0" value="0.1"/><link source="agent_0" target="toxic_1" value="0.1"/><link source="agent_0" target="toxic_2" value="0.1"/><link source="agent_0" target="toxic_3" value="0.1"/><link source="agent_0" target="toxic_4" value="0.1"/><link source="agent_1" target="toxic_0" value="0.1"/><link source="agent_1" target="toxic_1" value="0.1"/><link source="agent_1" target="toxic_2" value="0.1"/><link source="agent_1" target="toxic_3" value="0.1"/><link source="agent_1" target="toxic_4" value="0.1"/><link source="agent_2" target="toxic_0" value="0.1"/><link source="agent_2" target="toxic_1" value="0.1"/><link source="agent_2" target="toxic_2" value="0.1"/><link source="agent_2" target="toxic_3" value="0.1"/><link source="agent_2" target="toxic_4" value="0.1"/><link source="agent_3" target="toxic_0" value="0.1"/><link source="agent_3" target="toxic_1" value="0.1"/><link source="agent_3" target="toxic_2" value="0.1"/><link source="agent_3" target="toxic_3" value="0.1"/><link source="agent_3" target="toxic_4" value="0.1"/><link source="agent_4" target="toxic_0" value="0.1"/><link source="agent_4" target="toxic_1" value="0.1"/><link source="agent_4" target="toxic_2" value="0.1"/><link source="agent_4" target="toxic_3" value="0.1"/><link source="agent_4" target="toxic_4" value="0.1"/><link source="agent_5" target="toxic_0" value="0.1"/><link source="agent_5" target="toxic_1" value="0.1"/><link source="agent_5" target="toxic_2" value="0.1"/><link source="agent_5" target="toxic_3" value="0.1"/><link source="agent_5" target="toxic_4" value="0.1"/><link source="agent_6" target="toxic_0" value="0.1"/><link source="agent_6" target="toxic_1" value="0.1"/><link source="agent_6" target="toxic_2" value="0.1"/><link source="agent_6" target="toxic_3" value="0.1"/><link source="agent_6" target="toxic_4" value="0.1"/><link source="agent_7" target="toxic_0" value="0.1"/><link source="agent_7" target="toxic_1" value="0.1"/><link source="agent_7" target="toxic_2" value="0.1"/><link source="agent_7" target="toxic_3" value="0.1"/><link source="agent_7" target="toxic_4" value="0.1"/><link source="agent_8" target="toxic_0" value="0.1"/><link source="agent_8" target="toxic_1" value="0.1"/><link source="agent_8" target="toxic_2" value="0.1"/><link source="agent_8" target="toxic_3" value="0.1"/><link source="agent_8" target="toxic_4" value="0.1"/><link source="agent_9" target="toxic_0" value="0.1"/><link source="agent_9" target="toxic_1" value="0.1"/><link source="agent_9" target="toxic_2" value="0.1"/><link source="agent_9" target="toxic_3" value="0.1"/><link source="agent_9" target="toxic_4" value="0.1"/><link source="agent_10" target="toxic_0" value="0.1"/><link source="agent_10" target="toxic_1" value="0.1"/><link source="agent_10" target="toxic_2" value="0.1"/><link source="agent_10" target="toxic_3" value="0.1"/><link source="agent_10" target="toxic_4" value="0.1"/><link source="agent_11" target="toxic_0" value="0.1"/><link source="agent_11" target="toxic_1" value="0.1"/><link source="agent_11" target="toxic_2" value="0.1"/><link source="agent_11" target="toxic_3" value="0.1"/><link source="agent_11" target="toxic_4" value="0.1"/><link source="agent_12" target="toxic_0" value="0.1"/><link source="agent_12" target="toxic_1" value="0.1"/><link source="agent_12" target="toxic_2" value="0.1"/><link source="agent_12" target="toxic_3" value="0.1"/><link source="agent_12" target="toxic_4" value="0.1"/><link source="agent_13" target="toxic_0" value="0.1"/><link source="agent_13" target="toxic_1" value="0.1"/><link source="agent_13" target="toxic_2" value="0.1"/><link source="agent_13" target="toxic_3" value="0.1"/><link source="agent_13" target="toxic_4" value="0.1"/><link source="agent_14" target="toxic_0" value="0.1"/><link source="agent_14" target="toxic_1" value="0.1"/><link source="agent_14" target="toxic_2" value="0.1"/><link source="agent_14" target="toxic_3" value="0.1"/><link source="agent_14" target="toxic_4" value="0.1"/><link source="agent_15" target="toxic_0" value="0.1"/><link source="agent_15" target="toxic_1" value="0.1"/><link source="agent_15" target="toxic_2" value="0.1"/><link source="agent_15" target="toxic_3" value="0.1"/><link source="agent_15" target="toxic_4" value="0.1"/><link source="agent_16" target="toxic_0" value="0.1"/><link source="agent_16" target="toxic_1" value="0.1"/><link source="agent_16" target="toxic_2" value="0.1"/><link source="agent_16" target="toxic_3" value="0.1"/><link source="agent_16" target="toxic_4" value="0.1"/><link source="agent_17" target="toxic_0" value="0.1"/><link source="agent_17" target="toxic_1" value="0.1"/><link source="agent_17" target="toxic_2" value="0.1"/><link source="agent_17" target="toxic_3" value="0.1"/><link source="agent_17" target="toxic_4" value="0.1"/><link source="agent_18" target="toxic_0" value="0.1"/><link source="agent_18" target="toxic_1" value="0.1"/><link source="agent_18" target="toxic_2" value="0.1"/><link source="agent_18" target="toxic_3" value="0.1"/><link source="agent_18" target="toxic_4" value="0.1"/><link source="agent_19" target="toxic_0" value="0.1"/><link source="agent_19" target="toxic_1" value="0.1"/><link source="agent_19" target="toxic_2" value="0.1"/><link source="agent_19" target="toxic_3" value="0.1"/><link source="agent_19" target="toxic_4" value="0.1"/></network><network sourceType="knowledge" source="knowledge" targetType="toxic" target="toxic" id="toxic knowledge network" isDirected="true" allowSelfLoops="true" isBinary="false" dynetmlUndirectedCompressed="false"><link source="knowledge_0" target="toxic_0" value="0.1"/><link source="knowledge_0" target="toxic_1" value="0.1"/><link source="knowledge_0" target="toxic_2" value="0.1"/><link source="knowledge_0" target="toxic_3" value="0.1"/><link source="knowledge_0" target="toxic_4" value="0.1"/><link source="knowledge_1" target="toxic_0" value="0.1"/><link source="knowledge_1" target="toxic_1" value="0.1"/><link source="knowledge_1" target="toxic_2" value="0.1"/><link source="knowledge_1" target="toxic_3" value="0.1"/><link source="knowledge_1" target="toxic_4" value="0.1"/><link source="knowledge_2" target="toxic_0" value="0.1"/><link source="knowledge_2" target="toxic_1" value="0.1"/><link source="knowledge_2" target="toxic_2" value="0.1"/><link source="knowledge_2" target="toxic_3" value="0.1"/><link source="knowledge_2" target="toxic_4" value="0.1"/><link source="knowledge_3" target="toxic_0" value="0.1"/><link source="knowledge_3" target="toxic_1" value="0.1"/><link source="knowledge_3" target="toxic_2" value="0.1"/><link source="knowledge_3" target="toxic_3" value="0.1"/><link source="knowledge_3" target="toxic_4" value="0.1"/><link source="knowledge_4" target="toxic_0" value="0.1"/><link source="knowledge_4" target="toxic_1" value="0.1"/><link source="knowledge_4" target="toxic_2" value="0.1"/><link source="knowledge_4" target="toxic_3" value="0.1"/><link source="knowledge_4" target="toxic_4" value="0.1"/><link source="knowledge_5" target="toxic_0" value="0.1"/><link source="knowledge_5" target="toxic_1" value="0.1"/><link source="knowledge_5" target="toxic_2" value="0.1"/><link source="knowledge_5" target="toxic_3" value="0.1"/><link source="knowledge_5" target="toxic_4" value="0.1"/><link source="knowledge_6" target="toxic_0" value="0.1"/><link source="knowledge_6" target="toxic_1" value="0.1"/><link source="knowledge_6" target="toxic_2" value="0.1"/><link source="knowledge_6" target="toxic_3" value="0.1"/><link source="knowledge_6" target="toxic_4" value="0.1"/><link source="knowledge_7" target="toxic_0" value="0.1"/><link source="knowledge_7" target="toxic_1" value="0.1"/><link source="knowledge_7" target="toxic_2" value="0.1"/><link source="knowledge_7" target="toxic_3" value="0.1"/><link source="knowledge_7" target="toxic_4" value="0.1"/><link source="knowledge_8" target="toxic_0" value="0.1"/><link source="knowledge_8" target="toxic_1" value="0.1"/><link source="knowledge_8" target="toxic_2" value="0.1"/><link source="knowledge_8" target="toxic_3" value="0.1"/><link source="knowledge_8" target="toxic_4" value="0.1"/><link source="knowledge_9" target="toxic_0" value="0.1"/><link source="knowledge_9" target="toxic_1" value="0.1"/><link source="knowledge_9" target="toxic_2" value="0.1"/><link source="knowledge_9" target="toxic_3" value="0.1"/><link source="knowledge_9" target="toxic_4" value="0.1"/><link source="knowledge_10" target="toxic_0" value="0.1"/><link source="knowledge_10" target="toxic_1" value="0.1"/><link source="knowledge_10" target="toxic_2" value="0.1"/><link source="knowledge_10" target="toxic_3" value="0.1"/><link source="knowledge_10" target="toxic_4" value="0.1"/><link source="knowledge_11" target="toxic_0" value="0.1"/><link source="knowledge_11" target="toxic_1" value="0.1"/><link source="knowledge_11" target="toxic_2" value="0.1"/><link source="knowledge_11" target="toxic_3" value="0.1"/><link source="knowledge_11" target="toxic_4" value="0.1"/><link source="knowledge_12" target="toxic_0" value="0.1"/><link source="knowledge_12" target="toxic_1" value="0.1"/><link source="knowledge_12" target="toxic_2" value="0.1"/><link source="knowledge_12" target="toxic_3" value="0.1"/><link source="knowledge_12" target="toxic_4" value="0.1"/><link source="knowledge_13" target="toxic_0" value="0.1"/><link source="knowledge_13" target="toxic_1" value="0.1"/><link source="knowledge_13" target="toxic_2" value="0.1"/><link source="knowledge_13" target="toxic_3" value="0.1"/><link source="knowledge_13" target="toxic_4" value="0.1"/><link source="knowledge_14" target="toxic_0" value="0.1"/><link source="knowledge_14" target="toxic_1" value="0.1"/><link source="knowledge_14" target="toxic_2" value="0.1"/><link source="knowledge_14" target="toxic_3" value="0.1"/><link source="knowledge_14" target="toxic_4" value="0.1"/><link source="knowledge_15" target="toxic_0" value="0.1"/><link source="knowledge_15" target="toxic_1" value="0.1"/><link source="knowledge_15" target="toxic_2" value="0.1"/><link source="knowledge_15" target="toxic_3" value="0.1"/><link source="knowledge_15" target="toxic_4" value="0.1"/><link source="knowledge_16" target="toxic_0" value="0.1"/><link source="knowledge_16" target="toxic_1" value="0.1"/><link source="knowledge_16" target="toxic_2" value="0.1"/><link source="knowledge_16" target="toxic_3" value="0.1"/><link source="knowledge_16" target="toxic_4" value="0.1"/><link source="knowledge_17" target="toxic_0" value="0.1"/><link source="knowledge_17" target="toxic_1" value="0.1"/><link source="knowledge_17" target="toxic_2" value="0.1"/><link source="knowledge_17" target="toxic_3" value="0.1"/><link source="knowledge_17" target="toxic_4" value="0.1"/><link source="knowledge_18" target="toxic_0" value="0.1"/><link source="knowledge_18" target="toxic_1" value="0.1"/><link source="knowledge_18" target="toxic_2" value="0.1"/><link source="knowledge_18" target="toxic_3" value="0.1"/><link source="knowledge_18" target="toxic_4" value="0.1"/><link source="knowledge_19" target="toxic_0" value="0.1"/><link source="knowledge_19" target="toxic_1" value="0.1"/><link source="knowledge_19" target="toxic_2" value="0.1"/><link source="knowledge_19" target="toxic_3" value="0.1"/><link source="knowledge_19" target="toxic_4" value="0.1"/></network></networks></MetaNetwork></DynamicMetaNetwork>