{
  "run_id": "run7",
  "statistics": {
    "num_timesteps": 4000,
    "num_users": 33
  },
  "parameters": {
    "run_id": "run7",
    "platform_1": {
      "model name": "Toxic Model 1",
      "network name": "Network1",
      "interval time duration": "0.1",
      "maximum post inactivity": "24.0",
      "toxicity threshold": "0.05",
      "full ban": "true",
      "partial ban": "true",
      "warning": "true",
      "remove content": "true",
      "network ban threshold": "1",
      "network warning threshold": "1",
      "moderation miss probability": "0.2",
      "partial ban length": "6"
    },
    "platform_2": {
      "model name": "Toxic Model 2",
      "network name": "Network2",
      "interval time duration": "0.1",
      "maximum post inactivity": "24.0",
      "toxicity threshold": "0.05",
      "full ban": "true",
      "partial ban": "true",
      "warning": "true",
      "remove content": "true",
      "network ban threshold": "2",
      "network warning threshold": "10",
      "moderation miss probability": "0.4",
      "partial ban length": "6"
    },
    "platform_3": {
      "model name": "Toxic Model 3",
      "network name": "Network3",
      "interval time duration": "0.1",
      "maximum post inactivity": "24.0",
      "toxicity threshold": "0.4",
      "full ban": "false",
      "partial ban": "true",
      "warning": "true",
      "remove content": "false",
      "network ban threshold": "2",
      "network warning threshold": "1",
      "moderation miss probability": "0.6",
      "partial ban length": "6"
    },
    "platform_4": {
      "model name": "Toxic Model 4",
      "network name": "Network4",
      "interval time duration": "0.1",
      "maximum post inactivity": "24.0",
      "toxicity threshold": "1",
      "full ban": "false",
      "partial ban": "false",
      "warning": "false",
      "remove content": "false",
      "network ban threshold": "2",
      "network warning threshold": "1",
      "moderation miss probability": "0.5",
      "partial ban length": "6"
    },
    "user_toxicity": {
      "agent_0": 0.345154,
      "agent_1": 0.352114,
      "agent_2": 0.00567196,
      "agent_3": 0.240072,
      "agent_4": 0.905018,
      "agent_5": 0.212172,
      "agent_6": 0.0778648,
      "agent_7": 0.00969241,
      "agent_8": 0.821175,
      "agent_9": 0.712817,
      "agent_10": 0.628033,
      "agent_11": 0.596228,
      "agent_12": 0.476353,
      "agent_13": 0.524537,
      "agent_14": 0.381069,
      "agent_15": 0.0750378,
      "agent_16": 0.310293,
      "agent_17": 0.925825,
      "agent_18": 0.314265,
      "agent_19": 0.743183,
      "agent_20": 0.632745,
      "agent_21": 0.0137543,
      "agent_22": 0.181354,
      "agent_23": 0.239059,
      "agent_24": 0.883039,
      "agent_25": 0.393426,
      "agent_26": 0.830624,
      "agent_27": 0.984777,
      "agent_28": 0.00672626,
      "agent_29": 0.337464,
      "agent_30": 0.381996,
      "agent_31": 0.651388,
      "agent_32": 0.113374,
      "agent_33": 0.193926,
      "agent_34": 0.329294,
      "agent_35": 0.761963,
      "agent_36": 0.761043,
      "agent_37": 0.629271,
      "agent_38": 0.997822,
      "agent_39": 0.830123,
      "agent_40": 0.432113,
      "agent_41": 0.03379,
      "agent_42": 0.568975,
      "agent_43": 0.0614455,
      "agent_44": 0.982639,
      "agent_45": 0.442336,
      "agent_46": 0.416256,
      "agent_47": 0.0899155,
      "agent_48": 0.605371,
      "agent_49": 0.520749,
      "agent_50": 0.508059,
      "agent_51": 0.0698596,
      "agent_52": 0.469328,
      "agent_53": 0.202492,
      "agent_54": 0.113603,
      "agent_55": 0.864868,
      "agent_56": 0.469249,
      "agent_57": 0.932906,
      "agent_58": 0.0839401,
      "agent_59": 0.309944,
      "agent_60": 0.693469,
      "agent_61": 0.714836,
      "agent_62": 0.417866,
      "agent_63": 0.544646,
      "agent_64": 0.526091,
      "agent_65": 0.529465,
      "agent_66": 0.798684,
      "agent_67": 0.00771932,
      "agent_68": 0.0283131,
      "agent_69": 0.241819,
      "agent_70": 0.920646,
      "agent_71": 0.413971,
      "agent_72": 0.386983,
      "agent_73": 0.52808,
      "agent_74": 0.749273,
      "agent_75": 0.880767,
      "agent_76": 0.965618,
      "agent_77": 0.590841,
      "agent_78": 0.268697,
      "agent_79": 0.598582,
      "agent_80": 0.773216,
      "agent_81": 0.220366,
      "agent_82": 0.462876,
      "agent_83": 0.523232,
      "agent_84": 0.962734,
      "agent_85": 0.17037,
      "agent_86": 0.00102755,
      "agent_87": 0.194032,
      "agent_88": 0.591003,
      "agent_89": 0.693759,
      "agent_90": 0.801826,
      "agent_91": 0.725217,
      "agent_92": 0.676876,
      "agent_93": 0.49365,
      "agent_94": 0.551381,
      "agent_95": 0.297964,
      "agent_96": 0.830561,
      "agent_97": 0.762863,
      "agent_98": 0.252165,
      "agent_99": 0.1
    }
  }
}