<?xml version="1.0" encoding="UTF-8" standalone="no"?>
<!-- 
    TODO: Add reddit 
    TODO: Add knowledge transactive memory. That memory could be good for toxicity
    TODO: Add arbitrary number of twitters
    TODO: Add followers for toxic models
    TODO: Add moderation for toxic models
-->
<construct>
    <construct_parameters>
        <param name="verbose initialization" value="true" />
        <param name="verbose runtime" value="true" />
        <param name="custom library" value="./libconstructAPI.dylib" />
    </construct_parameters>
    <models>
        <model name="Toxic Moderation Model">
            <param name="platform model names" value="Toxic Model 1,Toxic Model 2" />
            <param name="moderation thresholds" value="0.1,0.1" />
            <param name="interval time duration" value="1.0" />
            <param name="maximum post inactivity" value="10.0" />
        </model>
        <model name="Emotion Model" />
        <model name="Toxic Model 1">
            <param name="network name" value="Network1" />
            <param name="interval time duration" value="1.0" />
            <param name="maximum post inactivity" value="10.0" />
        </model>
        <model name="Toxic Model 2">
            <param name="network name" value="Network2" />
            <param name="interval time duration" value="1.0" />
            <param name="maximum post inactivity" value="10.0" />
        </model>
    </models>
    <nodesets>
        <nodeset name="model">
            <node name="Toxic Model 1">
                <attribute name="moderated" value="true" />
                <attribute name="network name" value="Network1" />
                <attribute name="ban threshold" value="2" />
            </node>
            <node name="Toxic Model 2">
                <attribute name="moderated" value="true" />
                <attribute name="network name" value="Network2" />
                <attribute name="ban threshold" value="2" />
            </node>
            <node name="Emotion Model" />
        </nodeset>
        <nodeset name="agent">
            <generator type="constant">
                <count value="20" />
                <attribute name="can receive knowledge" value="true" />
                <attribute name="can receive knowledge trust" value="true" />
                <attribute name="can send knowledge" value="true" />
                <attribute name="can send knowledge trust" value="true" />
                <attribute name="agent trust resistance" value="0.5" />
                <attribute name="alter trust weight" value="1" />
                <attribute name="can send emotion" value="true" />
                <attribute name="can receive emotion" value="true" />
            </generator>
        </nodeset>
        <nodeset name="emotion">
            <node name="sad" />
            <node name="fear" />
            <node name="disgust" />
            <node name="anger" />
            <node name="surprise" />
            <node name="happiness" />
        </nodeset>
        <nodeset name="knowledge">
            <node name="knowledge_0">
                <attribute name="moderated" value="true" />
            </node>
            <node name="knowledge_1" />
            <node name="knowledge_2" />
            <node name="knowledge_3" />
            <node name="knowledge_4" />
            <node name="knowledge_5" />
            <node name="knowledge_6" />
            <node name="knowledge_7" />
            <node name="knowledge_8" />
            <node name="knowledge_9" />
            <node name="knowledge_10" />
            <node name="knowledge_11" />
            <node name="knowledge_12" />
            <node name="knowledge_13" />
            <node name="knowledge_14" />
            <node name="knowledge_15" />
            <node name="knowledge_16" />
            <node name="knowledge_17" />
            <node name="knowledge_18" />
            <node name="knowledge_19" />
        </nodeset>
        <nodeset name="time">
            <generator type="constant">
                <count value="100" />
            </generator>
        </nodeset>
        <nodeset name="toxic">
            <generator type="constant">
                <count value="5" />
            </generator>
        </nodeset>
        <nodeset name="activity">
            <node name="Network1 post density" />
            <node name="Network1 read density" />
            <node name="Network1 repost probability" />
            <node name="Network1 reply probability" />
            <node name="Network1 quote probability" />
            <node name="Network2 post density" />
            <node name="Network2 read density" />
            <node name="Network2 repost probability" />
            <node name="Network2 reply probability" />
            <node name="Network2 quote probability" />
        </nodeset>
    </nodesets>
    <networks>
        <network default="0" edge_type="bool" name="knowledge network">
            <source nodeset="agent" representation="dense" />
            <target nodeset="knowledge" representation="sparse" />
            <generator type="random binary">
                <param name="density" value="0.2" />
            </generator>
        </network>
        <network default="0" edge_type="float" name="knowledge trust network">
            <source nodeset="agent" representation="dense" />
            <target nodeset="knowledge" representation="sparse" />
            <generator type="random uniform">
                <param name="density" value="0.2" />
                <param name="min" value="0.0" />
                <param name="max" value="1.0" />
            </generator>
        </network>
        <network name="influence network" edge_type="float" default="0.1">
            <source nodeset="agent" representation="dense" />
            <target nodeset="agent" representation="dense" />
            <generator type="random uniform">
                <param name="min" value="0.0" />
                <param name="max" value="1.0" />
            </generator>
        </network>
        <network name="toxic agent network" edge_type="float" default="0.1">
            <source nodeset="agent" representation="dense" />
            <target nodeset="toxic" representation="dense" />
            <generator type="random uniform">
                <param name="min" value="0.0" />
                <param name="max" value="1.0" />

            </generator>
        </network>
        <network name="toxic susceptibility network" edge_type="float" default="0.1">
            <source nodeset="agent" representation="dense" />
            <target nodeset="toxic" representation="dense" />
            <generator type="random uniform">
                <param name="min" value="0.0" />
                <param name="max" value="1.0" />
            </generator>
        </network>
        <network name="toxic knowledge network" edge_type="float" default="0.1">
            <source nodeset="knowledge" representation="dense" />
            <target nodeset="toxic" representation="dense" />
            <generator type="random uniform">
                <param name="min" value="0.0" />
                <param name="max" value="1.0" />
            </generator>
        </network>
        <network default="0" edge_type="float" name="agent activity weights network">
            <source nodeset="agent" representation="dense" />
            <target nodeset="activity" representation="dense" />
            <link src_index="0" trg_index="0" value=".7" />
            <link src_index="1" trg_index="0" value=".7" />
            <link src_index="0" trg_index="1" value="10" />
            <link src_index="1" trg_index="1" value="10" />
            <link src_index="0" trg_index="2" value="2" />
            <link src_index="1" trg_index="2" value="2" />
            <link src_index="0" trg_index="3" value="2" />
            <link src_index="1" trg_index="3" value="2" />
            <link src_index="0" trg_index="4" value="2" />
            <link src_index="1" trg_index="4" value="2" />
            <link src_index="0" trg_index="5" value=".7" />
            <link src_index="1" trg_index="5" value=".7" />
            <link src_index="0" trg_index="6" value="10" />
            <link src_index="1" trg_index="6" value="10" />
            <link src_index="0" trg_index="7" value="2" />
            <link src_index="1" trg_index="7" value="2" />
            <link src_index="0" trg_index="8" value="2" />
            <link src_index="1" trg_index="8" value="2" />
            <link src_index="0" trg_index="9" value="2" />
            <link src_index="1" trg_index="9" value="2" />
        </network>
        <network default="0" edge_type="float" name="base activity rate network">
            <source nodeset="agent" representation="dense" />
            <target nodeset="activity" representation="dense" />
            <link src_index="0" trg_index="0" value="1.0" />
            <link src_index="1" trg_index="0" value="1.0" />
            <link src_index="0" trg_index="1" value="1.0" />
            <link src_index="1" trg_index="1" value="1.0" />
            <link src_index="0" trg_index="2" value="1.0" />
            <link src_index="1" trg_index="2" value="1.0" />
            <link src_index="0" trg_index="3" value="1.0" />
            <link src_index="1" trg_index="3" value="1.0" />
            <link src_index="0" trg_index="4" value="1.0" />
            <link src_index="1" trg_index="4" value="1.0" />
            <link src_index="0" trg_index="5" value="1.0" />
            <link src_index="1" trg_index="5" value="1.0" />
            <link src_index="0" trg_index="6" value="1.0" />
            <link src_index="1" trg_index="6" value="1.0" />
            <link src_index="0" trg_index="7" value="1.0" />
            <link src_index="1" trg_index="7" value="1.0" />
            <link src_index="0" trg_index="8" value="1.0" />
            <link src_index="1" trg_index="8" value="1.0" />
            <link src_index="0" trg_index="9" value="1.0" />
            <link src_index="1" trg_index="9" value="1.0" />
        </network>
        <network default="0.1" edge_type="float" name="emotion network">
            <source nodeset="agent" representation="dense" />
            <target nodeset="emotion" representation="dense" />
            <link src_index="0" trg_index="0" value="0.2494851255044815" />
            <link src_index="0" trg_index="1" value="0.26146249931265475" />
            <link src_index="0" trg_index="2" value="0.01720283520588546" />
            <link src_index="0" trg_index="3" value="0.2693093394779134" />
            <link src_index="0" trg_index="4" value="0.16801136615478235" />
            <link src_index="0" trg_index="5" value="0.4490108469024984" />
            <link src_index="1" trg_index="0" value="0.12547982223400744" />
            <link src_index="1" trg_index="1" value="0.29487089446370457" />
            <link src_index="1" trg_index="2" value="0.042258074547577" />
            <link src_index="1" trg_index="3" value="0.24616754513240174" />
            <link src_index="1" trg_index="4" value="0.08237326699557979" />
            <link src_index="1" trg_index="5" value="0.594077712678097" />
        </network>
        <network default="0.1" edge_type="float" name="emotion broadcast bias network">
            <source nodeset="agent" representation="dense" />
            <target nodeset="emotion" representation="dense" />
        </network>
        <network default="0" edge_type="float" name="emotion broadcast first order network">
            <source nodeset="emotion" representation="sparse" />
            <target nodeset="emotion" representation="sparse" />
        </network>
        <network default="0" edge_type="float" name="emotion reading first order network">
            <source nodeset="emotion" representation="dense" />
            <target nodeset="emotion" representation="dense" />
            <link src_index="0" trg_index="0" value="0.02" />
            <link src_index="0" trg_index="1" value="0.005" />
            <link src_index="0" trg_index="2" value="0.005" />
            <link src_index="0" trg_index="3" value="0.0" />
            <link src_index="0" trg_index="4" value="0.01" />
            <link src_index="0" trg_index="5" value="-0.02" />
            <link src_index="1" trg_index="0" value="0.0" />
            <link src_index="1" trg_index="1" value="0.035" />
            <link src_index="1" trg_index="2" value="0.005" />
            <link src_index="1" trg_index="3" value="0.005" />
            <link src_index="1" trg_index="4" value="0.01" />
            <link src_index="1" trg_index="5" value="-0.02" />
            <link src_index="2" trg_index="0" value="0.0" />
            <link src_index="2" trg_index="1" value="0.0" />
            <link src_index="2" trg_index="2" value="0.03" />
            <link src_index="2" trg_index="3" value="0.01" />
            <link src_index="2" trg_index="4" value="0.01" />
            <link src_index="2" trg_index="5" value="-0.02" />
            <link src_index="3" trg_index="0" value="0.0" />
            <link src_index="3" trg_index="1" value="0.0" />
            <link src_index="3" trg_index="2" value="0.01" />
            <link src_index="3" trg_index="3" value="0.05" />
            <link src_index="3" trg_index="4" value="0.01" />
            <link src_index="3" trg_index="5" value="-0.02" />
            <link src_index="4" trg_index="0" value="0.0" />
            <link src_index="4" trg_index="1" value="0.0" />
            <link src_index="4" trg_index="2" value="0.0" />
            <link src_index="4" trg_index="3" value="0.0" />
            <link src_index="4" trg_index="4" value="0.1" />
            <link src_index="4" trg_index="5" value="0.0" />
            <link src_index="5" trg_index="0" value="0.04" />
            <link src_index="5" trg_index="1" value="-0.008" />
            <link src_index="5" trg_index="2" value="-0.008" />
            <link src_index="5" trg_index="3" value="-0.008" />
            <link src_index="5" trg_index="4" value="0.01" />
            <link src_index="5" trg_index="5" value="0.05" />
        </network>
        <network default="0.2" edge_type="float" name="emotion attractors network">
            <source nodeset="agent" representation="dense" />
            <target nodeset="emotion" representation="dense" />
            <link src_index="0" trg_index="0" value="0.2" />
            <link src_index="0" trg_index="1" value="0.2" />
            <link src_index="0" trg_index="2" value="0.1" />
            <link src_index="0" trg_index="3" value="0.2" />
            <link src_index="0" trg_index="4" value="0.1" />
            <link src_index="0" trg_index="5" value="0.5" />
            <link src_index="1" trg_index="0" value="0.2" />
            <link src_index="1" trg_index="1" value="0.2" />
            <link src_index="1" trg_index="2" value="0.1" />
            <link src_index="1" trg_index="3" value="0.2" />
            <link src_index="1" trg_index="4" value="0.1" />
            <link src_index="1" trg_index="5" value="0.5" />
            <link src_index="2" trg_index="0" value="0.2" />
            <link src_index="2" trg_index="1" value="0.2" />
            <link src_index="2" trg_index="2" value="0.1" />
            <link src_index="2" trg_index="3" value="0.2" />
            <link src_index="2" trg_index="4" value="0.1" />
            <link src_index="2" trg_index="5" value="0.5" />
        </network>
        <network default="0.1" edge_type="float" name="emotion regulation network">
            <source nodeset="agent" representation="dense" />
            <target nodeset="emotion" representation="dense" />
            <link src_index="0" trg_index="0" value="0.30000000000000004" />
            <link src_index="0" trg_index="1" value="0.2" />
            <link src_index="0" trg_index="2" value="0.1" />
            <link src_index="0" trg_index="3" value="0.1" />
            <link src_index="0" trg_index="4" value="0.025" />
            <link src_index="0" trg_index="5" value="0.2" />
            <link src_index="1" trg_index="0" value="0.30000000000000004" />
            <link src_index="1" trg_index="1" value="0.2" />
            <link src_index="1" trg_index="2" value="0.1" />
            <link src_index="1" trg_index="3" value="0.1" />
            <link src_index="1" trg_index="4" value="0.025" />
            <link src_index="1" trg_index="5" value="0.2" />
        </network>
        <!-- <network name="media removal count network" edge_type="unsigned int" default="3">
            <source nodeset="agent" representation="dense" />
            <target nodeset="model" representation="dense" />
        </network>
        <network name="social media moderation threshold network" edge_type="float" default="0.25">
            <source nodeset="knowledge" representation="dense" />
            <target nodeset="model" representation="dense" />
        </network> -->

        <network name="platform switch probability network" edge_type="float" default="0.5">
            <source nodeset="agent" representation="dense" />
            <target nodeset="model" representation="dense" />
        </network>
        <network name="platform preference network" edge_type="float" default="0.5">
            <source nodeset="agent" representation="dense" />
            <target nodeset="model" representation="dense" />
        </network>
    </networks>

    <outputs>
        <output type="dynetml">
            <param name="network names"
                value="knowledge network,knowledge trust network,emotion network,toxic agent network,toxic susceptibility network,toxic knowledge network,media removal count network" />
            <param name="output file" value="my_ouput.xml" />
            <param name="timeperiods" value="last" />
        </output>
        <output type="media events">
            <param name="model name" value="Toxic Model 1" />
            <param name="output file" value="toxic_1.json" />
            <param name="start time" value="2024-09-11T00:00:00.000Z" />
            <param name="time conversion to seconds" value="360.0" />
        </output>
        <output type="media events">
            <param name="model name" value="Toxic Model 2" />
            <param name="output file" value="toxic_2.json" />
            <param name="start time" value="2024-09-11T00:00:00.000Z" />
            <param name="time conversion to seconds" value="360.0" />
        </output>
    </outputs>
</construct>