{"data":[{"author_id":"agent_0","created_at":0,"entities":{"indexes":[{"toxicity":1},{"knowledge":0}],"values":[{"toxicity":0.5822210311889648}]},"id":0,"public_metrics":{"quote_count":0,"reply_count":0,"retweet_count":0}},{"author_id":"agent_0","created_at":0,"entities":{"indexes":[{"toxicity":1},{"knowledge":2}],"values":[{"toxicity":0.08916112780570984}]},"id":1,"public_metrics":{"quote_count":1,"reply_count":1,"retweet_count":1}},{"author_id":"agent_1","created_at":0,"entities":{"indexes":[{"toxicity":2},{"knowledge":0}],"values":[{"toxicity":0.09615331143140793}]},"id":2,"public_metrics":{"quote_count":0,"reply_count":0,"retweet_count":0}},{"author_id":"agent_1","created_at":0,"entities":{"indexes":[{"toxicity":0},{"knowledge":2}],"values":[{"toxicity":0.014231599867343903}]},"id":3,"public_metrics":{"quote_count":0,"reply_count":0,"retweet_count":0},"referenced_tweets":[{"id":1,"type":"retweeted"}]},{"author_id":"agent_1","created_at":0,"entities":{"indexes":[{"toxicity":0},{"knowledge":2}],"values":[{"toxicity":0.014231599867343903}]},"id":4,"public_metrics":{"quote_count":1,"reply_count":1,"retweet_count":1},"referenced_tweets":[{"id":1,"type":"replied_to"}]},{"author_id":"agent_1","created_at":0,"entities":{"indexes":[{"toxicity":0},{"knowledge":2}],"values":[{"toxicity":0.014231599867343903}]},"id":5,"public_metrics":{"quote_count":0,"reply_count":0,"retweet_count":0},"referenced_tweets":[{"id":1,"type":"quoted"}]},{"author_id":"agent_0","created_at":0,"entities":{"indexes":[{"toxicity":1},{"knowledge":0}],"values":[{"toxicity":0.5822210311889648}]},"id":6,"public_metrics":{"quote_count":1,"reply_count":1,"retweet_count":1}},{"author_id":"agent_0","created_at":0,"entities":{"indexes":[{"toxicity":1},{"knowledge":1}],"values":[{"toxicity":0.45908430218696594}]},"id":7,"public_metrics":{"quote_count":1,"reply_count":1,"retweet_count":1}},{"author_id":"agent_0","created_at":0,"entities":{"indexes":[{"toxicity":1},{"knowledge":2}],"values":[{"toxicity":0.08916112780570984}]},"id":8,"public_metrics":{"quote_count":1,"reply_count":1,"retweet_count":1}},{"author_id":"agent_1","created_at":0,"entities":{"indexes":[{"toxicity":0},{"knowledge":1}],"values":[{"toxicity":0.08340242505073547}]},"id":9,"public_metrics":{"quote_count":0,"reply_count":0,"retweet_count":0},"referenced_tweets":[{"id":7,"type":"retweeted"}]},{"author_id":"agent_1","created_at":0,"entities":{"indexes":[{"toxicity":0},{"knowledge":1}],"values":[{"toxicity":0.08340242505073547}]},"id":10,"public_metrics":{"quote_count":2,"reply_count":2,"retweet_count":2},"referenced_tweets":[{"id":7,"type":"replied_to"}]},{"author_id":"agent_1","created_at":0,"entities":{"indexes":[{"toxicity":0},{"knowledge":1}],"values":[{"toxicity":0.08340242505073547}]},"id":11,"public_metrics":{"quote_count":0,"reply_count":0,"retweet_count":0},"referenced_tweets":[{"id":7,"type":"quoted"}]},{"author_id":"agent_1","created_at":0,"entities":{"indexes":[{"toxicity":0},{"knowledge":2}],"values":[{"toxicity":0.020114196464419365}]},"id":12,"public_metrics":{"quote_count":0,"reply_count":0,"retweet_count":0}},{"author_id":"agent_1","created_at":0,"entities":{"indexes":[{"toxicity":2},{"knowledge":0}],"values":[{"toxicity":0.09615331143140793}]},"id":13,"public_metrics":{"quote_count":0,"reply_count":0,"retweet_count":0},"referenced_tweets":[{"id":6,"type":"retweeted"}]},{"author_id":"agent_1","created_at":0,"entities":{"indexes":[{"toxicity":2},{"knowledge":0}],"values":[{"toxicity":0.09615331143140793}]},"id":14,"public_metrics":{"quote_count":2,"reply_count":2,"retweet_count":2},"referenced_tweets":[{"id":6,"type":"replied_to"}]},{"author_id":"agent_1","created_at":0,"entities":{"indexes":[{"toxicity":2},{"knowledge":0}],"values":[{"toxicity":0.09615331143140793}]},"id":15,"public_metrics":{"quote_count":0,"reply_count":0,"retweet_count":0},"referenced_tweets":[{"id":6,"type":"quoted"}]},{"author_id":"agent_1","created_at":0,"entities":{"indexes":[{"toxicity":0},{"knowledge":2}],"values":[{"toxicity":0.020114196464419365}]},"id":16,"public_metrics":{"quote_count":0,"reply_count":0,"retweet_count":0},"referenced_tweets":[{"id":8,"type":"retweeted"}]},{"author_id":"agent_1","created_at":0,"entities":{"indexes":[{"toxicity":0},{"knowledge":2}],"values":[{"toxicity":0.020114196464419365}]},"id":17,"public_metrics":{"quote_count":5,"reply_count":5,"retweet_count":5},"referenced_tweets":[{"id":8,"type":"replied_to"}]},{"author_id":"agent_1","created_at":0,"entities":{"indexes":[{"toxicity":0},{"knowledge":2}],"values":[{"toxicity":0.020114196464419365}]},"id":18,"public_metrics":{"quote_count":0,"reply_count":0,"retweet_count":0},"referenced_tweets":[{"id":8,"type":"quoted"}]},{"author_id":"agent_1","created_at":0,"entities":{"indexes":[{"toxicity":0},{"knowledge":2}],"values":[{"toxicity":0.020114196464419365}]},"id":19,"public_metrics":{"quote_count":0,"reply_count":0,"retweet_count":0}},{"author_id":"agent_0","created_at":0,"entities":{"indexes":[{"toxicity":1},{"knowledge":2}],"values":[{"toxicity":0.08916112780570984}]},"id":20,"public_metrics":{"quote_count":0,"reply_count":0,"retweet_count":0},"referenced_tweets":[{"id":17,"type":"retweeted"}]},{"author_id":"agent_0","created_at":0,"entities":{"indexes":[{"toxicity":1},{"knowledge":2}],"values":[{"toxicity":0.08916112780570984}]},"id":21,"public_metrics":{"quote_count":5,"reply_count":5,"retweet_count":5},"referenced_tweets":[{"id":17,"type":"replied_to"}]},{"author_id":"agent_0","created_at":0,"entities":{"indexes":[{"toxicity":1},{"knowledge":2}],"values":[{"toxicity":0.08916112780570984}]},"id":22,"public_metrics":{"quote_count":0,"reply_count":0,"retweet_count":0},"referenced_tweets":[{"id":17,"type":"quoted"}]},{"author_id":"agent_1","created_at":0,"entities":{"indexes":[{"toxicity":0},{"knowledge":2}],"values":[{"toxicity":0.020114196464419365}]},"id":23,"public_metrics":{"quote_count":1,"reply_count":1,"retweet_count":1},"referenced_tweets":[{"id":21,"type":"retweeted"}]},{"author_id":"agent_1","created_at":0,"entities":{"indexes":[{"toxicity":0},{"knowledge":2}],"values":[{"toxicity":0.020114196464419365}]},"id":24,"public_metrics":{"quote_count":1,"reply_count":1,"retweet_count":1},"referenced_tweets":[{"id":21,"type":"replied_to"}]},{"author_id":"agent_1","created_at":0,"entities":{"indexes":[{"toxicity":0},{"knowledge":2}],"values":[{"toxicity":0.020114196464419365}]},"id":25,"public_metrics":{"quote_count":0,"reply_count":0,"retweet_count":0},"referenced_tweets":[{"id":21,"type":"quoted"}]},{"author_id":"agent_0","created_at":0,"entities":{"indexes":[{"toxicity":1},{"knowledge":2}],"values":[{"toxicity":0.08916112780570984}]},"id":26,"public_metrics":{"quote_count":0,"reply_count":0,"retweet_count":0},"referenced_tweets":[{"id":17,"type":"retweeted"}]},{"author_id":"agent_0","created_at":0,"entities":{"indexes":[{"toxicity":1},{"knowledge":2}],"values":[{"toxicity":0.08916112780570984}]},"id":27,"public_metrics":{"quote_count":9,"reply_count":9,"retweet_count":9},"referenced_tweets":[{"id":17,"type":"replied_to"}]},{"author_id":"agent_0","created_at":0,"entities":{"indexes":[{"toxicity":1},{"knowledge":2}],"values":[{"toxicity":0.08916112780570984}]},"id":28,"public_metrics":{"quote_count":0,"reply_count":0,"retweet_count":0},"referenced_tweets":[{"id":17,"type":"quoted"}]},{"author_id":"agent_0","created_at":0,"entities":{"indexes":[{"toxicity":1},{"knowledge":2}],"values":[{"toxicity":0.08916112780570984}]},"id":29,"public_metrics":{"quote_count":0,"reply_count":0,"retweet_count":0}},{"author_id":"agent_1","created_at":0,"entities":{"indexes":[{"toxicity":0},{"knowledge":2}],"values":[{"toxicity":0.018994389101862907}]},"id":30,"public_metrics":{"quote_count":0,"reply_count":0,"retweet_count":0},"referenced_tweets":[{"id":21,"type":"retweeted"}]},{"author_id":"agent_1","created_at":0,"entities":{"indexes":[{"toxicity":0},{"knowledge":2}],"values":[{"toxicity":0.018994389101862907}]},"id":31,"public_metrics":{"quote_count":1,"reply_count":1,"retweet_count":1},"referenced_tweets":[{"id":21,"type":"replied_to"}]},{"author_id":"agent_1","created_at":0,"entities":{"indexes":[{"toxicity":0},{"knowledge":2}],"values":[{"toxicity":0.018994389101862907}]},"id":32,"public_metrics":{"quote_count":0,"reply_count":0,"retweet_count":0},"referenced_tweets":[{"id":21,"type":"quoted"}]},{"author_id":"agent_1","created_at":0,"entities":{"indexes":[{"toxicity":0},{"knowledge":2}],"values":[{"toxicity":0.018994389101862907}]},"id":33,"public_metrics":{"quote_count":0,"reply_count":0,"retweet_count":0},"referenced_tweets":[{"id":27,"type":"retweeted"}]},{"author_id":"agent_1","created_at":0,"entities":{"indexes":[{"toxicity":0},{"knowledge":2}],"values":[{"toxicity":0.018994389101862907}]},"id":34,"public_metrics":{"quote_count":1,"reply_count":1,"retweet_count":1},"referenced_tweets":[{"id":27,"type":"replied_to"}]},{"author_id":"agent_1","created_at":0,"entities":{"indexes":[{"toxicity":0},{"knowledge":2}],"values":[{"toxicity":0.018994389101862907}]},"id":35,"public_metrics":{"quote_count":0,"reply_count":0,"retweet_count":0},"referenced_tweets":[{"id":27,"type":"quoted"}]},{"author_id":"agent_1","created_at":0,"entities":{"indexes":[{"toxicity":0},{"knowledge":2}],"values":[{"toxicity":0.018994389101862907}]},"id":36,"public_metrics":{"quote_count":0,"reply_count":0,"retweet_count":0}},{"author_id":"agent_1","created_at":0,"entities":{"indexes":[{"toxicity":0},{"knowledge":2}],"values":[{"toxicity":0.018994389101862907}]},"id":37,"public_metrics":{"quote_count":0,"reply_count":0,"retweet_count":0},"referenced_tweets":[{"id":27,"type":"retweeted"}]},{"author_id":"agent_1","created_at":0,"entities":{"indexes":[{"toxicity":0},{"knowledge":2}],"values":[{"toxicity":0.018994389101862907}]},"id":38,"public_metrics":{"quote_count":1,"reply_count":1,"retweet_count":1},"referenced_tweets":[{"id":27,"type":"replied_to"}]},{"author_id":"agent_1","created_at":0,"entities":{"indexes":[{"toxicity":0},{"knowledge":2}],"values":[{"toxicity":0.018994389101862907}]},"id":39,"public_metrics":{"quote_count":0,"reply_count":0,"retweet_count":0},"referenced_tweets":[{"id":27,"type":"quoted"}]},{"author_id":"agent_1","created_at":0,"entities":{"indexes":[{"toxicity":0},{"knowledge":2}],"values":[{"toxicity":0.018994389101862907}]},"id":40,"public_metrics":{"quote_count":0,"reply_count":0,"retweet_count":0},"referenced_tweets":[{"id":27,"type":"retweeted"}]},{"author_id":"agent_1","created_at":0,"entities":{"indexes":[{"toxicity":0},{"knowledge":2}],"values":[{"toxicity":0.018994389101862907}]},"id":41,"public_metrics":{"quote_count":1,"reply_count":1,"retweet_count":1},"referenced_tweets":[{"id":27,"type":"replied_to"}]},{"author_id":"agent_1","created_at":0,"entities":{"indexes":[{"toxicity":0},{"knowledge":2}],"values":[{"toxicity":0.018994389101862907}]},"id":42,"public_metrics":{"quote_count":0,"reply_count":0,"retweet_count":0},"referenced_tweets":[{"id":27,"type":"quoted"}]},{"author_id":"agent_0","created_at":0,"entities":{"indexes":[{"toxicity":1},{"knowledge":0}],"values":[{"toxicity":0.5822210311889648}]},"id":43,"public_metrics":{"quote_count":0,"reply_count":0,"retweet_count":0}},{"author_id":"agent_1","created_at":0,"entities":{"indexes":[{"toxicity":0},{"knowledge":1}],"values":[{"toxicity":0.09502475708723068}]},"id":44,"public_metrics":{"quote_count":0,"reply_count":0,"retweet_count":0}},{"author_id":"agent_1","created_at":0,"entities":{"indexes":[{"toxicity":0},{"knowledge":2}],"values":[{"toxicity":0.022917158901691437}]},"id":45,"public_metrics":{"quote_count":0,"reply_count":0,"retweet_count":0},"referenced_tweets":[{"id":27,"type":"retweeted"}]},{"author_id":"agent_1","created_at":0,"entities":{"indexes":[{"toxicity":0},{"knowledge":2}],"values":[{"toxicity":0.022917158901691437}]},"id":46,"public_metrics":{"quote_count":2,"reply_count":2,"retweet_count":2},"referenced_tweets":[{"id":27,"type":"replied_to"}]},{"author_id":"agent_1","created_at":0,"entities":{"indexes":[{"toxicity":0},{"knowledge":2}],"values":[{"toxicity":0.022917158901691437}]},"id":47,"public_metrics":{"quote_count":0,"reply_count":0,"retweet_count":0},"referenced_tweets":[{"id":27,"type":"quoted"}]},{"author_id":"agent_0","created_at":0,"entities":{"indexes":[{"toxicity":1},{"knowledge":0}],"values":[{"toxicity":0.5822210311889648}]},"id":48,"public_metrics":{"quote_count":0,"reply_count":0,"retweet_count":0}},{"author_id":"agent_0","created_at":0,"entities":{"indexes":[{"toxicity":1},{"knowledge":2}],"values":[{"toxicity":0.08916112780570984}]},"id":49,"public_metrics":{"quote_count":0,"reply_count":0,"retweet_count":0},"referenced_tweets":[{"id":46,"type":"retweeted"}]},{"author_id":"agent_0","created_at":0,"entities":{"indexes":[{"toxicity":1},{"knowledge":2}],"values":[{"toxicity":0.08916112780570984}]},"id":50,"public_metrics":{"quote_count":1,"reply_count":1,"retweet_count":1},"referenced_tweets":[{"id":46,"type":"replied_to"}]},{"author_id":"agent_0","created_at":0,"entities":{"indexes":[{"toxicity":1},{"knowledge":2}],"values":[{"toxicity":0.08916112780570984}]},"id":51,"public_metrics":{"quote_count":0,"reply_count":0,"retweet_count":0},"referenced_tweets":[{"id":46,"type":"quoted"}]},{"author_id":"agent_1","created_at":0,"entities":{"indexes":[{"toxicity":0},{"knowledge":2}],"values":[{"toxicity":0.026447653770446777}]},"id":52,"public_metrics":{"quote_count":0,"reply_count":0,"retweet_count":0},"referenced_tweets":[{"id":50,"type":"retweeted"}]},{"author_id":"agent_1","created_at":0,"entities":{"indexes":[{"toxicity":0},{"knowledge":2}],"values":[{"toxicity":0.026447653770446777}]},"id":53,"public_metrics":{"quote_count":3,"reply_count":3,"retweet_count":3},"referenced_tweets":[{"id":50,"type":"replied_to"}]},{"author_id":"agent_1","created_at":0,"entities":{"indexes":[{"toxicity":0},{"knowledge":2}],"values":[{"toxicity":0.026447653770446777}]},"id":54,"public_metrics":{"quote_count":0,"reply_count":0,"retweet_count":0},"referenced_tweets":[{"id":50,"type":"quoted"}]},{"author_id":"agent_0","created_at":0,"entities":{"indexes":[{"toxicity":1},{"knowledge":2}],"values":[{"toxicity":0.08916112780570984}]},"id":55,"public_metrics":{"quote_count":0,"reply_count":0,"retweet_count":0},"referenced_tweets":[{"id":23,"type":"retweeted"}]},{"author_id":"agent_0","created_at":0,"entities":{"indexes":[{"toxicity":1},{"knowledge":2}],"values":[{"toxicity":0.08916112780570984}]},"id":56,"public_metrics":{"quote_count":1,"reply_count":1,"retweet_count":1},"referenced_tweets":[{"id":23,"type":"replied_to"}]},{"author_id":"agent_0","created_at":0,"entities":{"indexes":[{"toxicity":1},{"knowledge":2}],"values":[{"toxicity":0.08916112780570984}]},"id":57,"public_metrics":{"quote_count":0,"reply_count":0,"retweet_count":0},"referenced_tweets":[{"id":23,"type":"quoted"}]},{"author_id":"agent_0","created_at":0,"entities":{"indexes":[{"toxicity":1},{"knowledge":2}],"values":[{"toxicity":0.08916112780570984}]},"id":58,"public_metrics":{"quote_count":0,"reply_count":0,"retweet_count":0},"referenced_tweets":[{"id":53,"type":"retweeted"}]},{"author_id":"agent_0","created_at":0,"entities":{"indexes":[{"toxicity":1},{"knowledge":2}],"values":[{"toxicity":0.08916112780570984}]},"id":59,"public_metrics":{"quote_count":2,"reply_count":2,"retweet_count":2},"referenced_tweets":[{"id":53,"type":"replied_to"}]},{"author_id":"agent_0","created_at":0,"entities":{"indexes":[{"toxicity":1},{"knowledge":2}],"values":[{"toxicity":0.08916112780570984}]},"id":60,"public_metrics":{"quote_count":0,"reply_count":0,"retweet_count":0},"referenced_tweets":[{"id":53,"type":"quoted"}]},{"author_id":"agent_0","created_at":0,"entities":{"indexes":[{"toxicity":1},{"knowledge":0}],"values":[{"toxicity":0.5822210311889648}]},"id":61,"public_metrics":{"quote_count":0,"reply_count":0,"retweet_count":0}},{"author_id":"agent_1","created_at":0,"entities":{"indexes":[{"toxicity":0},{"knowledge":2}],"values":[{"toxicity":0.029625097289681435}]},"id":62,"public_metrics":{"quote_count":0,"reply_count":0,"retweet_count":0}},{"author_id":"agent_1","created_at":0,"entities":{"indexes":[{"toxicity":0},{"knowledge":1}],"values":[{"toxicity":0.12283885478973389}]},"id":63,"public_metrics":{"quote_count":0,"reply_count":0,"retweet_count":0}},{"author_id":"agent_1","created_at":0,"entities":{"indexes":[{"toxicity":0},{"knowledge":1}],"values":[{"toxicity":0.12283885478973389}]},"id":64,"public_metrics":{"quote_count":0,"reply_count":0,"retweet_count":0}},{"author_id":"agent_1","created_at":0,"entities":{"indexes":[{"toxicity":0},{"knowledge":2}],"values":[{"toxicity":0.029625097289681435}]},"id":65,"public_metrics":{"quote_count":0,"reply_count":0,"retweet_count":0},"referenced_tweets":[{"id":56,"type":"retweeted"}]},{"author_id":"agent_1","created_at":0,"entities":{"indexes":[{"toxicity":0},{"knowledge":2}],"values":[{"toxicity":0.029625097289681435}]},"id":66,"public_metrics":{"quote_count":1,"reply_count":1,"retweet_count":1},"referenced_tweets":[{"id":56,"type":"replied_to"}]},{"author_id":"agent_1","created_at":0,"entities":{"indexes":[{"toxicity":0},{"knowledge":2}],"values":[{"toxicity":0.029625097289681435}]},"id":67,"public_metrics":{"quote_count":0,"reply_count":0,"retweet_count":0},"referenced_tweets":[{"id":56,"type":"quoted"}]},{"author_id":"agent_1","created_at":0,"entities":{"indexes":[{"toxicity":0},{"knowledge":2}],"values":[{"toxicity":0.029625097289681435}]},"id":68,"public_metrics":{"quote_count":0,"reply_count":0,"retweet_count":0},"referenced_tweets":[{"id":59,"type":"retweeted"}]},{"author_id":"agent_1","created_at":0,"entities":{"indexes":[{"toxicity":0},{"knowledge":2}],"values":[{"toxicity":0.029625097289681435}]},"id":69,"public_metrics":{"quote_count":1,"reply_count":1,"retweet_count":1},"referenced_tweets":[{"id":59,"type":"replied_to"}]},{"author_id":"agent_1","created_at":0,"entities":{"indexes":[{"toxicity":0},{"knowledge":2}],"values":[{"toxicity":0.029625097289681435}]},"id":70,"public_metrics":{"quote_count":0,"reply_count":0,"retweet_count":0},"referenced_tweets":[{"id":59,"type":"quoted"}]},{"author_id":"agent_0","created_at":0,"entities":{"indexes":[{"toxicity":1},{"knowledge":1}],"values":[{"toxicity":0.45908430218696594}]},"id":71,"public_metrics":{"quote_count":0,"reply_count":0,"retweet_count":0},"referenced_tweets":[{"id":10,"type":"retweeted"}]},{"author_id":"agent_0","created_at":0,"entities":{"indexes":[{"toxicity":1},{"knowledge":1}],"values":[{"toxicity":0.45908430218696594}]},"id":72,"public_metrics":{"quote_count":4,"reply_count":4,"retweet_count":4},"referenced_tweets":[{"id":10,"type":"replied_to"}]},{"author_id":"agent_0","created_at":0,"entities":{"indexes":[{"toxicity":1},{"knowledge":1}],"values":[{"toxicity":0.45908430218696594}]},"id":73,"public_metrics":{"quote_count":0,"reply_count":0,"retweet_count":0},"referenced_tweets":[{"id":10,"type":"quoted"}]},{"author_id":"agent_1","created_at":0,"entities":{"indexes":[{"toxicity":0},{"knowledge":1}],"values":[{"toxicity":0.12283885478973389}]},"id":74,"public_metrics":{"quote_count":0,"reply_count":0,"retweet_count":0}},{"author_id":"agent_1","created_at":0,"entities":{"indexes":[{"toxicity":0},{"knowledge":0}],"values":[{"toxicity":0.12621797621250153}]},"id":75,"public_metrics":{"quote_count":0,"reply_count":0,"retweet_count":0}},{"author_id":"agent_0","created_at":0,"entities":{"indexes":[{"toxicity":1},{"knowledge":0}],"values":[{"toxicity":0.5822210311889648}]},"id":76,"public_metrics":{"quote_count":0,"reply_count":0,"retweet_count":0}},{"author_id":"agent_1","created_at":0,"entities":{"indexes":[{"toxicity":0},{"knowledge":2}],"values":[{"toxicity":0.03248479589819908}]},"id":77,"public_metrics":{"quote_count":0,"reply_count":0,"retweet_count":0}},{"author_id":"agent_1","created_at":0,"entities":{"indexes":[{"toxicity":0},{"knowledge":2}],"values":[{"toxicity":0.03248479589819908}]},"id":78,"public_metrics":{"quote_count":0,"reply_count":0,"retweet_count":0},"referenced_tweets":[{"id":27,"type":"retweeted"}]},{"author_id":"agent_1","created_at":0,"entities":{"indexes":[{"toxicity":0},{"knowledge":2}],"values":[{"toxicity":0.03248479589819908}]},"id":79,"public_metrics":{"quote_count":0,"reply_count":0,"retweet_count":0},"referenced_tweets":[{"id":27,"type":"replied_to"}]},{"author_id":"agent_1","created_at":0,"entities":{"indexes":[{"toxicity":0},{"knowledge":2}],"values":[{"toxicity":0.03248479589819908}]},"id":80,"public_metrics":{"quote_count":0,"reply_count":0,"retweet_count":0},"referenced_tweets":[{"id":27,"type":"quoted"}]},{"author_id":"agent_0","created_at":0,"entities":{"indexes":[{"toxicity":1},{"knowledge":2}],"values":[{"toxicity":0.08916112780570984}]},"id":81,"public_metrics":{"quote_count":0,"reply_count":0,"retweet_count":0},"referenced_tweets":[{"id":34,"type":"retweeted"}]},{"author_id":"agent_0","created_at":0,"entities":{"indexes":[{"toxicity":1},{"knowledge":2}],"values":[{"toxicity":0.08916112780570984}]},"id":82,"public_metrics":{"quote_count":2,"reply_count":2,"retweet_count":2},"referenced_tweets":[{"id":34,"type":"replied_to"}]},{"author_id":"agent_0","created_at":0,"entities":{"indexes":[{"toxicity":1},{"knowledge":2}],"values":[{"toxicity":0.08916112780570984}]},"id":83,"public_metrics":{"quote_count":0,"reply_count":0,"retweet_count":0},"referenced_tweets":[{"id":34,"type":"quoted"}]},{"author_id":"agent_0","created_at":0,"entities":{"indexes":[{"toxicity":1},{"knowledge":1}],"values":[{"toxicity":0.45908430218696594}]},"id":84,"public_metrics":{"quote_count":0,"reply_count":0,"retweet_count":0}},{"author_id":"agent_0","created_at":0,"entities":{"indexes":[{"toxicity":1},{"knowledge":2}],"values":[{"toxicity":0.08916112780570984}]},"id":85,"public_metrics":{"quote_count":0,"reply_count":0,"retweet_count":0},"referenced_tweets":[{"id":31,"type":"retweeted"}]},{"author_id":"agent_0","created_at":0,"entities":{"indexes":[{"toxicity":1},{"knowledge":2}],"values":[{"toxicity":0.08916112780570984}]},"id":86,"public_metrics":{"quote_count":1,"reply_count":1,"retweet_count":1},"referenced_tweets":[{"id":31,"type":"replied_to"}]},{"author_id":"agent_0","created_at":0,"entities":{"indexes":[{"toxicity":1},{"knowledge":2}],"values":[{"toxicity":0.08916112780570984}]},"id":87,"public_metrics":{"quote_count":0,"reply_count":0,"retweet_count":0},"referenced_tweets":[{"id":31,"type":"quoted"}]},{"author_id":"agent_0","created_at":0,"entities":{"indexes":[{"toxicity":1},{"knowledge":2}],"values":[{"toxicity":0.08916112780570984}]},"id":88,"public_metrics":{"quote_count":0,"reply_count":0,"retweet_count":0}},{"author_id":"agent_1","created_at":0,"entities":{"indexes":[{"toxicity":0},{"knowledge":2}],"values":[{"toxicity":0.03133605420589447}]},"id":89,"public_metrics":{"quote_count":0,"reply_count":0,"retweet_count":0}},{"author_id":"agent_1","created_at":0,"entities":{"indexes":[{"toxicity":0},{"knowledge":2}],"values":[{"toxicity":0.03133605420589447}]},"id":90,"public_metrics":{"quote_count":0,"reply_count":0,"retweet_count":0}},{"author_id":"agent_1","created_at":0,"entities":{"indexes":[{"toxicity":0},{"knowledge":1}],"values":[{"toxicity":0.12993325293064117}]},"id":91,"public_metrics":{"quote_count":0,"reply_count":0,"retweet_count":0}},{"author_id":"agent_1","created_at":0,"entities":{"indexes":[{"toxicity":0},{"knowledge":2}],"values":[{"toxicity":0.03133605420589447}]},"id":92,"public_metrics":{"quote_count":0,"reply_count":0,"retweet_count":0},"referenced_tweets":[{"id":82,"type":"retweeted"}]},{"author_id":"agent_1","created_at":0,"entities":{"indexes":[{"toxicity":0},{"knowledge":2}],"values":[{"toxicity":0.03133605420589447}]},"id":93,"public_metrics":{"quote_count":0,"reply_count":0,"retweet_count":0},"referenced_tweets":[{"id":82,"type":"replied_to"}]},{"author_id":"agent_1","created_at":0,"entities":{"indexes":[{"toxicity":0},{"knowledge":2}],"values":[{"toxicity":0.03133605420589447}]},"id":94,"public_metrics":{"quote_count":0,"reply_count":0,"retweet_count":0},"referenced_tweets":[{"id":82,"type":"quoted"}]},{"author_id":"agent_1","created_at":0,"entities":{"indexes":[{"toxicity":0},{"knowledge":2}],"values":[{"toxicity":0.03133605420589447}]},"id":95,"public_metrics":{"quote_count":0,"reply_count":0,"retweet_count":0},"referenced_tweets":[{"id":27,"type":"retweeted"}]},{"author_id":"agent_1","created_at":0,"entities":{"indexes":[{"toxicity":0},{"knowledge":2}],"values":[{"toxicity":0.03133605420589447}]},"id":96,"public_metrics":{"quote_count":1,"reply_count":1,"retweet_count":1},"referenced_tweets":[{"id":27,"type":"replied_to"}]},{"author_id":"agent_1","created_at":0,"entities":{"indexes":[{"toxicity":0},{"knowledge":2}],"values":[{"toxicity":0.03133605420589447}]},"id":97,"public_metrics":{"quote_count":0,"reply_count":0,"retweet_count":0},"referenced_tweets":[{"id":27,"type":"quoted"}]},{"author_id":"agent_0","created_at":0,"entities":{"indexes":[{"toxicity":1},{"knowledge":2}],"values":[{"toxicity":0.08916112780570984}]},"id":98,"public_metrics":{"quote_count":0,"reply_count":0,"retweet_count":0}},{"author_id":"agent_1","created_at":0,"entities":{"indexes":[{"toxicity":0},{"knowledge":2}],"values":[{"toxicity":0.029094059020280838}]},"id":99,"public_metrics":{"quote_count":0,"reply_count":0,"retweet_count":0}},{"author_id":"agent_1","created_at":0,"entities":{"indexes":[{"toxicity":0},{"knowledge":2}],"values":[{"toxicity":0.029094059020280838}]},"id":100,"public_metrics":{"quote_count":0,"reply_count":0,"retweet_count":0},"referenced_tweets":[{"id":86,"type":"retweeted"}]},{"author_id":"agent_1","created_at":0,"entities":{"indexes":[{"toxicity":0},{"knowledge":2}],"values":[{"toxicity":0.029094059020280838}]},"id":101,"public_metrics":{"quote_count":0,"reply_count":0,"retweet_count":0},"referenced_tweets":[{"id":86,"type":"replied_to"}]},{"author_id":"agent_1","created_at":0,"entities":{"indexes":[{"toxicity":0},{"knowledge":2}],"values":[{"toxicity":0.029094059020280838}]},"id":102,"public_metrics":{"quote_count":0,"reply_count":0,"retweet_count":0},"referenced_tweets":[{"id":86,"type":"quoted"}]},{"author_id":"agent_0","created_at":0,"entities":{"indexes":[{"toxicity":1},{"knowledge":2}],"values":[{"toxicity":0.08916112780570984}]},"id":103,"public_metrics":{"quote_count":0,"reply_count":0,"retweet_count":0},"referenced_tweets":[{"id":17,"type":"retweeted"}]},{"author_id":"agent_0","created_at":0,"entities":{"indexes":[{"toxicity":1},{"knowledge":2}],"values":[{"toxicity":0.08916112780570984}]},"id":104,"public_metrics":{"quote_count":2,"reply_count":2,"retweet_count":2},"referenced_tweets":[{"id":17,"type":"replied_to"}]},{"author_id":"agent_0","created_at":0,"entities":{"indexes":[{"toxicity":1},{"knowledge":2}],"values":[{"toxicity":0.08916112780570984}]},"id":105,"public_metrics":{"quote_count":0,"reply_count":0,"retweet_count":0},"referenced_tweets":[{"id":17,"type":"quoted"}]},{"author_id":"agent_1","created_at":0,"entities":{"indexes":[{"toxicity":0},{"knowledge":2}],"values":[{"toxicity":0.029094059020280838}]},"id":106,"public_metrics":{"quote_count":0,"reply_count":0,"retweet_count":0},"referenced_tweets":[{"id":104,"type":"retweeted"}]},{"author_id":"agent_1","created_at":0,"entities":{"indexes":[{"toxicity":0},{"knowledge":2}],"values":[{"toxicity":0.029094059020280838}]},"id":107,"public_metrics":{"quote_count":1,"reply_count":1,"retweet_count":1},"referenced_tweets":[{"id":104,"type":"replied_to"}]},{"author_id":"agent_1","created_at":0,"entities":{"indexes":[{"toxicity":0},{"knowledge":2}],"values":[{"toxicity":0.029094059020280838}]},"id":108,"public_metrics":{"quote_count":0,"reply_count":0,"retweet_count":0},"referenced_tweets":[{"id":104,"type":"quoted"}]},{"author_id":"agent_1","created_at":0,"entities":{"indexes":[{"toxicity":0},{"knowledge":2}],"values":[{"toxicity":0.029094059020280838}]},"id":109,"public_metrics":{"quote_count":0,"reply_count":0,"retweet_count":0},"referenced_tweets":[{"id":104,"type":"retweeted"}]},{"author_id":"agent_1","created_at":0,"entities":{"indexes":[{"toxicity":0},{"knowledge":2}],"values":[{"toxicity":0.029094059020280838}]},"id":110,"public_metrics":{"quote_count":1,"reply_count":1,"retweet_count":1},"referenced_tweets":[{"id":104,"type":"replied_to"}]},{"author_id":"agent_1","created_at":0,"entities":{"indexes":[{"toxicity":0},{"knowledge":2}],"values":[{"toxicity":0.029094059020280838}]},"id":111,"public_metrics":{"quote_count":0,"reply_count":0,"retweet_count":0},"referenced_tweets":[{"id":104,"type":"quoted"}]},{"author_id":"agent_0","created_at":0,"entities":{"indexes":[{"toxicity":1},{"knowledge":2}],"values":[{"toxicity":0.08916112780570984}]},"id":112,"public_metrics":{"quote_count":0,"reply_count":0,"retweet_count":0}},{"author_id":"agent_0","created_at":0,"entities":{"indexes":[{"toxicity":1},{"knowledge":0}],"values":[{"toxicity":0.5822210311889648}]},"id":113,"public_metrics":{"quote_count":0,"reply_count":0,"retweet_count":0}},{"author_id":"agent_1","created_at":0,"entities":{"indexes":[{"toxicity":0},{"knowledge":1}],"values":[{"toxicity":0.12518469989299774}]},"id":114,"public_metrics":{"quote_count":0,"reply_count":0,"retweet_count":0},"referenced_tweets":[{"id":72,"type":"retweeted"}]},{"author_id":"agent_1","created_at":0,"entities":{"indexes":[{"toxicity":0},{"knowledge":1}],"values":[{"toxicity":0.12518469989299774}]},"id":115,"public_metrics":{"quote_count":0,"reply_count":0,"retweet_count":0},"referenced_tweets":[{"id":72,"type":"replied_to"}]},{"author_id":"agent_1","created_at":0,"entities":{"indexes":[{"toxicity":0},{"knowledge":1}],"values":[{"toxicity":0.12518469989299774}]},"id":116,"public_metrics":{"quote_count":0,"reply_count":0,"retweet_count":0},"referenced_tweets":[{"id":72,"type":"quoted"}]},{"author_id":"agent_0","created_at":0,"entities":{"indexes":[{"toxicity":1},{"knowledge":2}],"values":[{"toxicity":0.08916112780570984}]},"id":117,"public_metrics":{"quote_count":0,"reply_count":0,"retweet_count":0},"referenced_tweets":[{"id":24,"type":"retweeted"}]},{"author_id":"agent_0","created_at":0,"entities":{"indexes":[{"toxicity":1},{"knowledge":2}],"values":[{"toxicity":0.08916112780570984}]},"id":118,"public_metrics":{"quote_count":0,"reply_count":0,"retweet_count":0},"referenced_tweets":[{"id":24,"type":"replied_to"}]},{"author_id":"agent_0","created_at":0,"entities":{"indexes":[{"toxicity":1},{"knowledge":2}],"values":[{"toxicity":0.08916112780570984}]},"id":119,"public_metrics":{"quote_count":0,"reply_count":0,"retweet_count":0},"referenced_tweets":[{"id":24,"type":"quoted"}]},{"author_id":"agent_0","created_at":0,"entities":{"indexes":[{"toxicity":1},{"knowledge":2}],"values":[{"toxicity":0.08916112780570984}]},"id":120,"public_metrics":{"quote_count":0,"reply_count":0,"retweet_count":0}},{"author_id":"agent_1","created_at":0,"entities":{"indexes":[{"toxicity":0},{"knowledge":0}],"values":[{"toxicity":0.1195642352104187}]},"id":121,"public_metrics":{"quote_count":0,"reply_count":0,"retweet_count":0}},{"author_id":"agent_0","created_at":0,"entities":{"indexes":[{"toxicity":1},{"knowledge":2}],"values":[{"toxicity":0.08916112780570984}]},"id":122,"public_metrics":{"quote_count":0,"reply_count":0,"retweet_count":0},"referenced_tweets":[{"id":69,"type":"retweeted"}]},{"author_id":"agent_0","created_at":0,"entities":{"indexes":[{"toxicity":1},{"knowledge":2}],"values":[{"toxicity":0.08916112780570984}]},"id":123,"public_metrics":{"quote_count":1,"reply_count":1,"retweet_count":1},"referenced_tweets":[{"id":69,"type":"replied_to"}]},{"author_id":"agent_0","created_at":0,"entities":{"indexes":[{"toxicity":1},{"knowledge":2}],"values":[{"toxicity":0.08916112780570984}]},"id":124,"public_metrics":{"quote_count":0,"reply_count":0,"retweet_count":0},"referenced_tweets":[{"id":69,"type":"quoted"}]},{"author_id":"agent_1","created_at":0,"entities":{"indexes":[{"toxicity":0},{"knowledge":2}],"values":[{"toxicity":0.028063371777534485}]},"id":125,"public_metrics":{"quote_count":0,"reply_count":0,"retweet_count":0},"referenced_tweets":[{"id":27,"type":"retweeted"}]},{"author_id":"agent_1","created_at":0,"entities":{"indexes":[{"toxicity":0},{"knowledge":2}],"values":[{"toxicity":0.028063371777534485}]},"id":126,"public_metrics":{"quote_count":1,"reply_count":1,"retweet_count":1},"referenced_tweets":[{"id":27,"type":"replied_to"}]},{"author_id":"agent_1","created_at":0,"entities":{"indexes":[{"toxicity":0},{"knowledge":2}],"values":[{"toxicity":0.028063371777534485}]},"id":127,"public_metrics":{"quote_count":0,"reply_count":0,"retweet_count":0},"referenced_tweets":[{"id":27,"type":"quoted"}]},{"author_id":"agent_0","created_at":0,"entities":{"indexes":[{"toxicity":1},{"knowledge":0}],"values":[{"toxicity":0.5822210311889648}]},"id":128,"public_metrics":{"quote_count":0,"reply_count":0,"retweet_count":0}},{"author_id":"agent_1","created_at":0,"entities":{"indexes":[{"toxicity":0},{"knowledge":2}],"values":[{"toxicity":0.03107924573123455}]},"id":129,"public_metrics":{"quote_count":0,"reply_count":0,"retweet_count":0}},{"author_id":"agent_0","created_at":0,"entities":{"indexes":[{"toxicity":1},{"knowledge":0}],"values":[{"toxicity":0.5822210311889648}]},"id":130,"public_metrics":{"quote_count":0,"reply_count":0,"retweet_count":0},"referenced_tweets":[{"id":14,"type":"retweeted"}]},{"author_id":"agent_0","created_at":0,"entities":{"indexes":[{"toxicity":1},{"knowledge":0}],"values":[{"toxicity":0.5822210311889648}]},"id":131,"public_metrics":{"quote_count":0,"reply_count":0,"retweet_count":0},"referenced_tweets":[{"id":14,"type":"replied_to"}]},{"author_id":"agent_0","created_at":0,"entities":{"indexes":[{"toxicity":1},{"knowledge":0}],"values":[{"toxicity":0.5822210311889648}]},"id":132,"public_metrics":{"quote_count":0,"reply_count":0,"retweet_count":0},"referenced_tweets":[{"id":14,"type":"quoted"}]},{"author_id":"agent_0","created_at":0,"entities":{"indexes":[{"toxicity":1},{"knowledge":2}],"values":[{"toxicity":0.08916112780570984}]},"id":133,"public_metrics":{"quote_count":0,"reply_count":0,"retweet_count":0},"referenced_tweets":[{"id":126,"type":"retweeted"}]},{"author_id":"agent_0","created_at":0,"entities":{"indexes":[{"toxicity":1},{"knowledge":2}],"values":[{"toxicity":0.08916112780570984}]},"id":134,"public_metrics":{"quote_count":0,"reply_count":0,"retweet_count":0},"referenced_tweets":[{"id":126,"type":"replied_to"}]},{"author_id":"agent_0","created_at":0,"entities":{"indexes":[{"toxicity":1},{"knowledge":2}],"values":[{"toxicity":0.08916112780570984}]},"id":135,"public_metrics":{"quote_count":0,"reply_count":0,"retweet_count":0},"referenced_tweets":[{"id":126,"type":"quoted"}]},{"author_id":"agent_0","created_at":0,"entities":{"indexes":[{"toxicity":1},{"knowledge":2}],"values":[{"toxicity":0.08916112780570984}]},"id":136,"public_metrics":{"quote_count":0,"reply_count":0,"retweet_count":0},"referenced_tweets":[{"id":96,"type":"retweeted"}]},{"author_id":"agent_0","created_at":0,"entities":{"indexes":[{"toxicity":1},{"knowledge":2}],"values":[{"toxicity":0.08916112780570984}]},"id":137,"public_metrics":{"quote_count":0,"reply_count":0,"retweet_count":0},"referenced_tweets":[{"id":96,"type":"replied_to"}]},{"author_id":"agent_0","created_at":0,"entities":{"indexes":[{"toxicity":1},{"knowledge":2}],"values":[{"toxicity":0.08916112780570984}]},"id":138,"public_metrics":{"quote_count":0,"reply_count":0,"retweet_count":0},"referenced_tweets":[{"id":96,"type":"quoted"}]},{"author_id":"agent_0","created_at":0,"entities":{"indexes":[{"toxicity":1},{"knowledge":2}],"values":[{"toxicity":0.08916112780570984}]},"id":139,"public_metrics":{"quote_count":0,"reply_count":0,"retweet_count":0}},{"author_id":"agent_0","created_at":0,"entities":{"indexes":[{"toxicity":1},{"knowledge":1}],"values":[{"toxicity":0.45908430218696594}]},"id":140,"public_metrics":{"quote_count":0,"reply_count":0,"retweet_count":0}},{"author_id":"agent_0","created_at":0,"entities":{"indexes":[{"toxicity":1},{"knowledge":2}],"values":[{"toxicity":0.08916112780570984}]},"id":141,"public_metrics":{"quote_count":0,"reply_count":0,"retweet_count":0}},{"author_id":"agent_1","created_at":0,"entities":{"indexes":[{"toxicity":0},{"knowledge":2}],"values":[{"toxicity":0.028402341529726982}]},"id":142,"public_metrics":{"quote_count":0,"reply_count":0,"retweet_count":0},"referenced_tweets":[{"id":21,"type":"retweeted"}]},{"author_id":"agent_1","created_at":0,"entities":{"indexes":[{"toxicity":0},{"knowledge":2}],"values":[{"toxicity":0.028402341529726982}]},"id":143,"public_metrics":{"quote_count":2,"reply_count":2,"retweet_count":2},"referenced_tweets":[{"id":21,"type":"replied_to"}]},{"author_id":"agent_1","created_at":0,"entities":{"indexes":[{"toxicity":0},{"knowledge":2}],"values":[{"toxicity":0.028402341529726982}]},"id":144,"public_metrics":{"quote_count":0,"reply_count":0,"retweet_count":0},"referenced_tweets":[{"id":21,"type":"quoted"}]},{"author_id":"agent_0","created_at":0,"entities":{"indexes":[{"toxicity":1},{"knowledge":1}],"values":[{"toxicity":0.45908430218696594}]},"id":145,"public_metrics":{"quote_count":0,"reply_count":0,"retweet_count":0},"referenced_tweets":[{"id":10,"type":"retweeted"}]},{"author_id":"agent_0","created_at":0,"entities":{"indexes":[{"toxicity":1},{"knowledge":1}],"values":[{"toxicity":0.45908430218696594}]},"id":146,"public_metrics":{"quote_count":0,"reply_count":0,"retweet_count":0},"referenced_tweets":[{"id":10,"type":"replied_to"}]},{"author_id":"agent_0","created_at":0,"entities":{"indexes":[{"toxicity":1},{"knowledge":1}],"values":[{"toxicity":0.45908430218696594}]},"id":147,"public_metrics":{"quote_count":0,"reply_count":0,"retweet_count":0},"referenced_tweets":[{"id":10,"type":"quoted"}]},{"author_id":"agent_1","created_at":0,"entities":{"indexes":[{"toxicity":0},{"knowledge":0}],"values":[{"toxicity":0.12100841104984283}]},"id":148,"public_metrics":{"quote_count":0,"reply_count":0,"retweet_count":0}},{"author_id":"agent_1","created_at":0,"entities":{"indexes":[{"toxicity":0},{"knowledge":2}],"values":[{"toxicity":0.028402341529726982}]},"id":149,"public_metrics":{"quote_count":0,"reply_count":0,"retweet_count":0},"referenced_tweets":[{"id":21,"type":"retweeted"}]},{"author_id":"agent_1","created_at":0,"entities":{"indexes":[{"toxicity":0},{"knowledge":2}],"values":[{"toxicity":0.028402341529726982}]},"id":150,"public_metrics":{"quote_count":2,"reply_count":2,"retweet_count":2},"referenced_tweets":[{"id":21,"type":"replied_to"}]},{"author_id":"agent_1","created_at":0,"entities":{"indexes":[{"toxicity":0},{"knowledge":2}],"values":[{"toxicity":0.028402341529726982}]},"id":151,"public_metrics":{"quote_count":0,"reply_count":0,"retweet_count":0},"referenced_tweets":[{"id":21,"type":"quoted"}]},{"author_id":"agent_0","created_at":0,"entities":{"indexes":[{"toxicity":1},{"knowledge":2}],"values":[{"toxicity":0.08916112780570984}]},"id":152,"public_metrics":{"quote_count":0,"reply_count":0,"retweet_count":0},"referenced_tweets":[{"id":143,"type":"retweeted"}]},{"author_id":"agent_0","created_at":0,"entities":{"indexes":[{"toxicity":1},{"knowledge":2}],"values":[{"toxicity":0.08916112780570984}]},"id":153,"public_metrics":{"quote_count":0,"reply_count":0,"retweet_count":0},"referenced_tweets":[{"id":143,"type":"replied_to"}]},{"author_id":"agent_0","created_at":0,"entities":{"indexes":[{"toxicity":1},{"knowledge":2}],"values":[{"toxicity":0.08916112780570984}]},"id":154,"public_metrics":{"quote_count":0,"reply_count":0,"retweet_count":0},"referenced_tweets":[{"id":143,"type":"quoted"}]},{"author_id":"agent_0","created_at":0,"entities":{"indexes":[{"toxicity":1},{"knowledge":2}],"values":[{"toxicity":0.08916112780570984}]},"id":155,"public_metrics":{"quote_count":0,"reply_count":0,"retweet_count":0},"referenced_tweets":[{"id":4,"type":"retweeted"}]},{"author_id":"agent_0","created_at":0,"entities":{"indexes":[{"toxicity":1},{"knowledge":2}],"values":[{"toxicity":0.08916112780570984}]},"id":156,"public_metrics":{"quote_count":0,"reply_count":0,"retweet_count":0},"referenced_tweets":[{"id":4,"type":"replied_to"}]},{"author_id":"agent_0","created_at":0,"entities":{"indexes":[{"toxicity":1},{"knowledge":2}],"values":[{"toxicity":0.08916112780570984}]},"id":157,"public_metrics":{"quote_count":0,"reply_count":0,"retweet_count":0},"referenced_tweets":[{"id":4,"type":"quoted"}]},{"author_id":"agent_1","created_at":0,"entities":{"indexes":[{"toxicity":0},{"knowledge":2}],"values":[{"toxicity":0.028402341529726982}]},"id":158,"public_metrics":{"quote_count":0,"reply_count":0,"retweet_count":0}},{"author_id":"agent_1","created_at":0,"entities":{"indexes":[{"toxicity":0},{"knowledge":0}],"values":[{"toxicity":0.12100841104984283}]},"id":159,"public_metrics":{"quote_count":0,"reply_count":0,"retweet_count":0}},{"author_id":"agent_1","created_at":0,"entities":{"indexes":[{"toxicity":0},{"knowledge":2}],"values":[{"toxicity":0.028402341529726982}]},"id":160,"public_metrics":{"quote_count":0,"reply_count":0,"retweet_count":0},"referenced_tweets":[{"id":82,"type":"retweeted"}]},{"author_id":"agent_1","created_at":0,"entities":{"indexes":[{"toxicity":0},{"knowledge":2}],"values":[{"toxicity":0.028402341529726982}]},"id":161,"public_metrics":{"quote_count":1,"reply_count":1,"retweet_count":1},"referenced_tweets":[{"id":82,"type":"replied_to"}]},{"author_id":"agent_1","created_at":0,"entities":{"indexes":[{"toxicity":0},{"knowledge":2}],"values":[{"toxicity":0.028402341529726982}]},"id":162,"public_metrics":{"quote_count":0,"reply_count":0,"retweet_count":0},"referenced_tweets":[{"id":82,"type":"quoted"}]},{"author_id":"agent_1","created_at":0,"entities":{"indexes":[{"toxicity":0},{"knowledge":1}],"values":[{"toxicity":0.11776876449584961}]},"id":163,"public_metrics":{"quote_count":0,"reply_count":0,"retweet_count":0}},{"author_id":"agent_1","created_at":0,"entities":{"indexes":[{"toxicity":0},{"knowledge":2}],"values":[{"toxicity":0.028402341529726982}]},"id":164,"public_metrics":{"quote_count":0,"reply_count":0,"retweet_count":0},"referenced_tweets":[{"id":27,"type":"retweeted"}]},{"author_id":"agent_1","created_at":0,"entities":{"indexes":[{"toxicity":0},{"knowledge":2}],"values":[{"toxicity":0.028402341529726982}]},"id":165,"public_metrics":{"quote_count":0,"reply_count":0,"retweet_count":0},"referenced_tweets":[{"id":27,"type":"replied_to"}]},{"author_id":"agent_1","created_at":0,"entities":{"indexes":[{"toxicity":0},{"knowledge":2}],"values":[{"toxicity":0.028402341529726982}]},"id":166,"public_metrics":{"quote_count":0,"reply_count":0,"retweet_count":0},"referenced_tweets":[{"id":27,"type":"quoted"}]},{"author_id":"agent_0","created_at":0,"entities":{"indexes":[{"toxicity":1},{"knowledge":2}],"values":[{"toxicity":0.08916112780570984}]},"id":167,"public_metrics":{"quote_count":0,"reply_count":0,"retweet_count":0},"referenced_tweets":[{"id":150,"type":"retweeted"}]},{"author_id":"agent_0","created_at":0,"entities":{"indexes":[{"toxicity":1},{"knowledge":2}],"values":[{"toxicity":0.08916112780570984}]},"id":168,"public_metrics":{"quote_count":0,"reply_count":0,"retweet_count":0},"referenced_tweets":[{"id":150,"type":"replied_to"}]},{"author_id":"agent_0","created_at":0,"entities":{"indexes":[{"toxicity":1},{"knowledge":2}],"values":[{"toxicity":0.08916112780570984}]},"id":169,"public_metrics":{"quote_count":0,"reply_count":0,"retweet_count":0},"referenced_tweets":[{"id":150,"type":"quoted"}]},{"author_id":"agent_1","created_at":0,"entities":{"indexes":[{"toxicity":0},{"knowledge":2}],"values":[{"toxicity":0.028402341529726982}]},"id":170,"public_metrics":{"quote_count":0,"reply_count":0,"retweet_count":0},"referenced_tweets":[{"id":21,"type":"retweeted"}]},{"author_id":"agent_1","created_at":0,"entities":{"indexes":[{"toxicity":0},{"knowledge":2}],"values":[{"toxicity":0.028402341529726982}]},"id":171,"public_metrics":{"quote_count":0,"reply_count":0,"retweet_count":0},"referenced_tweets":[{"id":21,"type":"replied_to"}]},{"author_id":"agent_1","created_at":0,"entities":{"indexes":[{"toxicity":0},{"knowledge":2}],"values":[{"toxicity":0.028402341529726982}]},"id":172,"public_metrics":{"quote_count":0,"reply_count":0,"retweet_count":0},"referenced_tweets":[{"id":21,"type":"quoted"}]},{"author_id":"agent_1","created_at":0,"entities":{"indexes":[{"toxicity":0},{"knowledge":1}],"values":[{"toxicity":0.11776876449584961}]},"id":173,"public_metrics":{"quote_count":0,"reply_count":0,"retweet_count":0},"referenced_tweets":[{"id":72,"type":"retweeted"}]},{"author_id":"agent_1","created_at":0,"entities":{"indexes":[{"toxicity":0},{"knowledge":1}],"values":[{"toxicity":0.11776876449584961}]},"id":174,"public_metrics":{"quote_count":1,"reply_count":1,"retweet_count":1},"referenced_tweets":[{"id":72,"type":"replied_to"}]},{"author_id":"agent_1","created_at":0,"entities":{"indexes":[{"toxicity":0},{"knowledge":1}],"values":[{"toxicity":0.11776876449584961}]},"id":175,"public_metrics":{"quote_count":0,"reply_count":0,"retweet_count":0},"referenced_tweets":[{"id":72,"type":"quoted"}]},{"author_id":"agent_0","created_at":0,"entities":{"indexes":[{"toxicity":1},{"knowledge":2}],"values":[{"toxicity":0.08916112780570984}]},"id":176,"public_metrics":{"quote_count":0,"reply_count":0,"retweet_count":0},"referenced_tweets":[{"id":150,"type":"retweeted"}]},{"author_id":"agent_0","created_at":0,"entities":{"indexes":[{"toxicity":1},{"knowledge":2}],"values":[{"toxicity":0.08916112780570984}]},"id":177,"public_metrics":{"quote_count":0,"reply_count":0,"retweet_count":0},"referenced_tweets":[{"id":150,"type":"replied_to"}]},{"author_id":"agent_0","created_at":0,"entities":{"indexes":[{"toxicity":1},{"knowledge":2}],"values":[{"toxicity":0.08916112780570984}]},"id":178,"public_metrics":{"quote_count":0,"reply_count":0,"retweet_count":0},"referenced_tweets":[{"id":150,"type":"quoted"}]},{"author_id":"agent_0","created_at":0,"entities":{"indexes":[{"toxicity":1},{"knowledge":2}],"values":[{"toxicity":0.08916112780570984}]},"id":179,"public_metrics":{"quote_count":0,"reply_count":0,"retweet_count":0},"referenced_tweets":[{"id":161,"type":"retweeted"}]},{"author_id":"agent_0","created_at":0,"entities":{"indexes":[{"toxicity":1},{"knowledge":2}],"values":[{"toxicity":0.08916112780570984}]},"id":180,"public_metrics":{"quote_count":0,"reply_count":0,"retweet_count":0},"referenced_tweets":[{"id":161,"type":"replied_to"}]},{"author_id":"agent_0","created_at":0,"entities":{"indexes":[{"toxicity":1},{"knowledge":2}],"values":[{"toxicity":0.08916112780570984}]},"id":181,"public_metrics":{"quote_count":0,"reply_count":0,"retweet_count":0},"referenced_tweets":[{"id":161,"type":"quoted"}]},{"author_id":"agent_0","created_at":0,"entities":{"indexes":[{"toxicity":1},{"knowledge":2}],"values":[{"toxicity":0.08916112780570984}]},"id":182,"public_metrics":{"quote_count":0,"reply_count":0,"retweet_count":0},"referenced_tweets":[{"id":53,"type":"retweeted"}]},{"author_id":"agent_0","created_at":0,"entities":{"indexes":[{"toxicity":1},{"knowledge":2}],"values":[{"toxicity":0.08916112780570984}]},"id":183,"public_metrics":{"quote_count":0,"reply_count":0,"retweet_count":0},"referenced_tweets":[{"id":53,"type":"replied_to"}]},{"author_id":"agent_0","created_at":0,"entities":{"indexes":[{"toxicity":1},{"knowledge":2}],"values":[{"toxicity":0.08916112780570984}]},"id":184,"public_metrics":{"quote_count":0,"reply_count":0,"retweet_count":0},"referenced_tweets":[{"id":53,"type":"quoted"}]},{"author_id":"agent_0","created_at":0,"entities":{"indexes":[{"toxicity":1},{"knowledge":2}],"values":[{"toxicity":0.08916112780570984}]},"id":185,"public_metrics":{"quote_count":0,"reply_count":0,"retweet_count":0}},{"author_id":"agent_1","created_at":0,"entities":{"indexes":[{"toxicity":0},{"knowledge":2}],"values":[{"toxicity":0.026453716680407524}]},"id":186,"public_metrics":{"quote_count":0,"reply_count":0,"retweet_count":0},"referenced_tweets":[{"id":123,"type":"retweeted"}]},{"author_id":"agent_1","created_at":0,"entities":{"indexes":[{"toxicity":0},{"knowledge":2}],"values":[{"toxicity":0.026453716680407524}]},"id":187,"public_metrics":{"quote_count":0,"reply_count":0,"retweet_count":0},"referenced_tweets":[{"id":123,"type":"replied_to"}]},{"author_id":"agent_1","created_at":0,"entities":{"indexes":[{"toxicity":0},{"knowledge":2}],"values":[{"toxicity":0.026453716680407524}]},"id":188,"public_metrics":{"quote_count":0,"reply_count":0,"retweet_count":0},"referenced_tweets":[{"id":123,"type":"quoted"}]},{"author_id":"agent_0","created_at":0,"entities":{"indexes":[{"toxicity":1},{"knowledge":1}],"values":[{"toxicity":0.45908430218696594}]},"id":189,"public_metrics":{"quote_count":0,"reply_count":0,"retweet_count":0}},{"author_id":"agent_0","created_at":0,"entities":{"indexes":[{"toxicity":1},{"knowledge":1}],"values":[{"toxicity":0.45908430218696594}]},"id":190,"public_metrics":{"quote_count":0,"reply_count":0,"retweet_count":0}},{"author_id":"agent_1","created_at":0,"entities":{"indexes":[{"toxicity":0},{"knowledge":1}],"values":[{"toxicity":0.12501581013202667}]},"id":191,"public_metrics":{"quote_count":0,"reply_count":0,"retweet_count":0}},{"author_id":"agent_0","created_at":0,"entities":{"indexes":[{"toxicity":1},{"knowledge":2}],"values":[{"toxicity":0.08916112780570984}]},"id":192,"public_metrics":{"quote_count":0,"reply_count":0,"retweet_count":0},"referenced_tweets":[{"id":17,"type":"retweeted"}]},{"author_id":"agent_0","created_at":0,"entities":{"indexes":[{"toxicity":1},{"knowledge":2}],"values":[{"toxicity":0.08916112780570984}]},"id":193,"public_metrics":{"quote_count":1,"reply_count":1,"retweet_count":1},"referenced_tweets":[{"id":17,"type":"replied_to"}]},{"author_id":"agent_0","created_at":0,"entities":{"indexes":[{"toxicity":1},{"knowledge":2}],"values":[{"toxicity":0.08916112780570984}]},"id":194,"public_metrics":{"quote_count":0,"reply_count":0,"retweet_count":0},"referenced_tweets":[{"id":17,"type":"quoted"}]},{"author_id":"agent_1","created_at":0,"entities":{"indexes":[{"toxicity":0},{"knowledge":2}],"values":[{"toxicity":0.030150113627314568}]},"id":195,"public_metrics":{"quote_count":0,"reply_count":0,"retweet_count":0}},{"author_id":"agent_0","created_at":0,"entities":{"indexes":[{"toxicity":1},{"knowledge":1}],"values":[{"toxicity":0.45908430218696594}]},"id":196,"public_metrics":{"quote_count":0,"reply_count":0,"retweet_count":0},"referenced_tweets":[{"id":174,"type":"retweeted"}]},{"author_id":"agent_0","created_at":0,"entities":{"indexes":[{"toxicity":1},{"knowledge":1}],"values":[{"toxicity":0.45908430218696594}]},"id":197,"public_metrics":{"quote_count":0,"reply_count":0,"retweet_count":0},"referenced_tweets":[{"id":174,"type":"replied_to"}]},{"author_id":"agent_0","created_at":0,"entities":{"indexes":[{"toxicity":1},{"knowledge":1}],"values":[{"toxicity":0.45908430218696594}]},"id":198,"public_metrics":{"quote_count":0,"reply_count":0,"retweet_count":0},"referenced_tweets":[{"id":174,"type":"quoted"}]},{"author_id":"agent_0","created_at":0,"entities":{"indexes":[{"toxicity":1},{"knowledge":2}],"values":[{"toxicity":0.08916112780570984}]},"id":199,"public_metrics":{"quote_count":0,"reply_count":0,"retweet_count":0},"referenced_tweets":[{"id":46,"type":"retweeted"}]},{"author_id":"agent_0","created_at":0,"entities":{"indexes":[{"toxicity":1},{"knowledge":2}],"values":[{"toxicity":0.08916112780570984}]},"id":200,"public_metrics":{"quote_count":1,"reply_count":1,"retweet_count":1},"referenced_tweets":[{"id":46,"type":"replied_to"}]},{"author_id":"agent_0","created_at":0,"entities":{"indexes":[{"toxicity":1},{"knowledge":2}],"values":[{"toxicity":0.08916112780570984}]},"id":201,"public_metrics":{"quote_count":0,"reply_count":0,"retweet_count":0},"referenced_tweets":[{"id":46,"type":"quoted"}]},{"author_id":"agent_0","created_at":0,"entities":{"indexes":[{"toxicity":1},{"knowledge":2}],"values":[{"toxicity":0.08916112780570984}]},"id":202,"public_metrics":{"quote_count":0,"reply_count":0,"retweet_count":0},"referenced_tweets":[{"id":107,"type":"retweeted"}]},{"author_id":"agent_0","created_at":0,"entities":{"indexes":[{"toxicity":1},{"knowledge":2}],"values":[{"toxicity":0.08916112780570984}]},"id":203,"public_metrics":{"quote_count":2,"reply_count":2,"retweet_count":2},"referenced_tweets":[{"id":107,"type":"replied_to"}]},{"author_id":"agent_0","created_at":0,"entities":{"indexes":[{"toxicity":1},{"knowledge":2}],"values":[{"toxicity":0.08916112780570984}]},"id":204,"public_metrics":{"quote_count":0,"reply_count":0,"retweet_count":0},"referenced_tweets":[{"id":107,"type":"quoted"}]},{"author_id":"agent_0","created_at":0,"entities":{"indexes":[{"toxicity":1},{"knowledge":2}],"values":[{"toxicity":0.08916112780570984}]},"id":205,"public_metrics":{"quote_count":0,"reply_count":0,"retweet_count":0}},{"author_id":"agent_0","created_at":0,"entities":{"indexes":[{"toxicity":1},{"knowledge":1}],"values":[{"toxicity":0.45908430218696594}]},"id":206,"public_metrics":{"quote_count":0,"reply_count":0,"retweet_count":0}},{"author_id":"agent_0","created_at":0,"entities":{"indexes":[{"toxicity":1},{"knowledge":2}],"values":[{"toxicity":0.08916112780570984}]},"id":207,"public_metrics":{"quote_count":0,"reply_count":0,"retweet_count":0}},{"author_id":"agent_1","created_at":0,"entities":{"indexes":[{"toxicity":0},{"knowledge":2}],"values":[{"toxicity":0.02772500552237034}]},"id":208,"public_metrics":{"quote_count":0,"reply_count":0,"retweet_count":0},"referenced_tweets":[{"id":200,"type":"retweeted"}]},{"author_id":"agent_1","created_at":0,"entities":{"indexes":[{"toxicity":0},{"knowledge":2}],"values":[{"toxicity":0.02772500552237034}]},"id":209,"public_metrics":{"quote_count":1,"reply_count":1,"retweet_count":1},"referenced_tweets":[{"id":200,"type":"replied_to"}]},{"author_id":"agent_1","created_at":0,"entities":{"indexes":[{"toxicity":0},{"knowledge":2}],"values":[{"toxicity":0.02772500552237034}]},"id":210,"public_metrics":{"quote_count":0,"reply_count":0,"retweet_count":0},"referenced_tweets":[{"id":200,"type":"quoted"}]},{"author_id":"agent_1","created_at":0,"entities":{"indexes":[{"toxicity":0},{"knowledge":2}],"values":[{"toxicity":0.02772500552237034}]},"id":211,"public_metrics":{"quote_count":0,"reply_count":0,"retweet_count":0},"referenced_tweets":[{"id":203,"type":"retweeted"}]},{"author_id":"agent_1","created_at":0,"entities":{"indexes":[{"toxicity":0},{"knowledge":2}],"values":[{"toxicity":0.02772500552237034}]},"id":212,"public_metrics":{"quote_count":1,"reply_count":1,"retweet_count":1},"referenced_tweets":[{"id":203,"type":"replied_to"}]},{"author_id":"agent_1","created_at":0,"entities":{"indexes":[{"toxicity":0},{"knowledge":2}],"values":[{"toxicity":0.02772500552237034}]},"id":213,"public_metrics":{"quote_count":0,"reply_count":0,"retweet_count":0},"referenced_tweets":[{"id":203,"type":"quoted"}]},{"author_id":"agent_1","created_at":0,"entities":{"indexes":[{"toxicity":0},{"knowledge":1}],"values":[{"toxicity":0.11496023088693619}]},"id":214,"public_metrics":{"quote_count":0,"reply_count":0,"retweet_count":0}},{"author_id":"agent_1","created_at":0,"entities":{"indexes":[{"toxicity":0},{"knowledge":1}],"values":[{"toxicity":0.11496023088693619}]},"id":215,"public_metrics":{"quote_count":0,"reply_count":0,"retweet_count":0}},{"author_id":"agent_1","created_at":0,"entities":{"indexes":[{"toxicity":0},{"knowledge":2}],"values":[{"toxicity":0.02772500552237034}]},"id":216,"public_metrics":{"quote_count":0,"reply_count":0,"retweet_count":0}},{"author_id":"agent_0","created_at":0,"entities":{"indexes":[{"toxicity":1},{"knowledge":2}],"values":[{"toxicity":0.08916112780570984}]},"id":217,"public_metrics":{"quote_count":0,"reply_count":0,"retweet_count":0},"referenced_tweets":[{"id":209,"type":"retweeted"}]},{"author_id":"agent_0","created_at":0,"entities":{"indexes":[{"toxicity":1},{"knowledge":2}],"values":[{"toxicity":0.08916112780570984}]},"id":218,"public_metrics":{"quote_count":0,"reply_count":0,"retweet_count":0},"referenced_tweets":[{"id":209,"type":"replied_to"}]},{"author_id":"agent_0","created_at":0,"entities":{"indexes":[{"toxicity":1},{"knowledge":2}],"values":[{"toxicity":0.08916112780570984}]},"id":219,"public_metrics":{"quote_count":0,"reply_count":0,"retweet_count":0},"referenced_tweets":[{"id":209,"type":"quoted"}]},{"author_id":"agent_0","created_at":0,"entities":{"indexes":[{"toxicity":1},{"knowledge":2}],"values":[{"toxicity":0.08916112780570984}]},"id":220,"public_metrics":{"quote_count":0,"reply_count":0,"retweet_count":0},"referenced_tweets":[{"id":53,"type":"retweeted"}]},{"author_id":"agent_0","created_at":0,"entities":{"indexes":[{"toxicity":1},{"knowledge":2}],"values":[{"toxicity":0.08916112780570984}]},"id":221,"public_metrics":{"quote_count":0,"reply_count":0,"retweet_count":0},"referenced_tweets":[{"id":53,"type":"replied_to"}]},{"author_id":"agent_0","created_at":0,"entities":{"indexes":[{"toxicity":1},{"knowledge":2}],"values":[{"toxicity":0.08916112780570984}]},"id":222,"public_metrics":{"quote_count":0,"reply_count":0,"retweet_count":0},"referenced_tweets":[{"id":53,"type":"quoted"}]},{"author_id":"agent_0","created_at":0,"entities":{"indexes":[{"toxicity":1},{"knowledge":1}],"values":[{"toxicity":0.45908430218696594}]},"id":223,"public_metrics":{"quote_count":0,"reply_count":0,"retweet_count":0}},{"author_id":"agent_1","created_at":0,"entities":{"indexes":[{"toxicity":0},{"knowledge":2}],"values":[{"toxicity":0.029543345794081688}]},"id":224,"public_metrics":{"quote_count":0,"reply_count":0,"retweet_count":0}},{"author_id":"agent_1","created_at":0,"entities":{"indexes":[{"toxicity":0},{"knowledge":2}],"values":[{"toxicity":0.029543345794081688}]},"id":225,"public_metrics":{"quote_count":0,"reply_count":0,"retweet_count":0}},{"author_id":"agent_1","created_at":0,"entities":{"indexes":[{"toxicity":0},{"knowledge":2}],"values":[{"toxicity":0.029543345794081688}]},"id":226,"public_metrics":{"quote_count":0,"reply_count":0,"retweet_count":0},"referenced_tweets":[{"id":203,"type":"retweeted"}]},{"author_id":"agent_1","created_at":0,"entities":{"indexes":[{"toxicity":0},{"knowledge":2}],"values":[{"toxicity":0.029543345794081688}]},"id":227,"public_metrics":{"quote_count":0,"reply_count":0,"retweet_count":0},"referenced_tweets":[{"id":203,"type":"replied_to"}]},{"author_id":"agent_1","created_at":0,"entities":{"indexes":[{"toxicity":0},{"knowledge":2}],"values":[{"toxicity":0.029543345794081688}]},"id":228,"public_metrics":{"quote_count":0,"reply_count":0,"retweet_count":0},"referenced_tweets":[{"id":203,"type":"quoted"}]},{"author_id":"agent_0","created_at":0,"entities":{"indexes":[{"toxicity":1},{"knowledge":2}],"values":[{"toxicity":0.08916112780570984}]},"id":229,"public_metrics":{"quote_count":0,"reply_count":0,"retweet_count":0},"referenced_tweets":[{"id":212,"type":"retweeted"}]},{"author_id":"agent_0","created_at":0,"entities":{"indexes":[{"toxicity":1},{"knowledge":2}],"values":[{"toxicity":0.08916112780570984}]},"id":230,"public_metrics":{"quote_count":0,"reply_count":0,"retweet_count":0},"referenced_tweets":[{"id":212,"type":"replied_to"}]},{"author_id":"agent_0","created_at":0,"entities":{"indexes":[{"toxicity":1},{"knowledge":2}],"values":[{"toxicity":0.08916112780570984}]},"id":231,"public_metrics":{"quote_count":0,"reply_count":0,"retweet_count":0},"referenced_tweets":[{"id":212,"type":"quoted"}]},{"author_id":"agent_0","created_at":0,"entities":{"indexes":[{"toxicity":1},{"knowledge":0}],"values":[{"toxicity":0.5822210311889648}]},"id":232,"public_metrics":{"quote_count":0,"reply_count":0,"retweet_count":0},"referenced_tweets":[{"id":14,"type":"retweeted"}]},{"author_id":"agent_0","created_at":0,"entities":{"indexes":[{"toxicity":1},{"knowledge":0}],"values":[{"toxicity":0.5822210311889648}]},"id":233,"public_metrics":{"quote_count":0,"reply_count":0,"retweet_count":0},"referenced_tweets":[{"id":14,"type":"replied_to"}]},{"author_id":"agent_0","created_at":0,"entities":{"indexes":[{"toxicity":1},{"knowledge":0}],"values":[{"toxicity":0.5822210311889648}]},"id":234,"public_metrics":{"quote_count":0,"reply_count":0,"retweet_count":0},"referenced_tweets":[{"id":14,"type":"quoted"}]},{"author_id":"agent_0","created_at":0,"entities":{"indexes":[{"toxicity":1},{"knowledge":2}],"values":[{"toxicity":0.08916112780570984}]},"id":235,"public_metrics":{"quote_count":0,"reply_count":0,"retweet_count":0},"referenced_tweets":[{"id":143,"type":"retweeted"}]},{"author_id":"agent_0","created_at":0,"entities":{"indexes":[{"toxicity":1},{"knowledge":2}],"values":[{"toxicity":0.08916112780570984}]},"id":236,"public_metrics":{"quote_count":0,"reply_count":0,"retweet_count":0},"referenced_tweets":[{"id":143,"type":"replied_to"}]},{"author_id":"agent_0","created_at":0,"entities":{"indexes":[{"toxicity":1},{"knowledge":2}],"values":[{"toxicity":0.08916112780570984}]},"id":237,"public_metrics":{"quote_count":0,"reply_count":0,"retweet_count":0},"referenced_tweets":[{"id":143,"type":"quoted"}]},{"author_id":"agent_0","created_at":0,"entities":{"indexes":[{"toxicity":1},{"knowledge":2}],"values":[{"toxicity":0.08916112780570984}]},"id":238,"public_metrics":{"quote_count":0,"reply_count":0,"retweet_count":0},"referenced_tweets":[{"id":41,"type":"retweeted"}]},{"author_id":"agent_0","created_at":0,"entities":{"indexes":[{"toxicity":1},{"knowledge":2}],"values":[{"toxicity":0.08916112780570984}]},"id":239,"public_metrics":{"quote_count":0,"reply_count":0,"retweet_count":0},"referenced_tweets":[{"id":41,"type":"replied_to"}]},{"author_id":"agent_0","created_at":0,"entities":{"indexes":[{"toxicity":1},{"knowledge":2}],"values":[{"toxicity":0.08916112780570984}]},"id":240,"public_metrics":{"quote_count":0,"reply_count":0,"retweet_count":0},"referenced_tweets":[{"id":41,"type":"quoted"}]},{"author_id":"agent_1","created_at":0,"entities":{"indexes":[{"toxicity":0},{"knowledge":1}],"values":[{"toxicity":0.12249988317489624}]},"id":241,"public_metrics":{"quote_count":0,"reply_count":0,"retweet_count":0},"referenced_tweets":[{"id":72,"type":"retweeted"}]},{"author_id":"agent_1","created_at":0,"entities":{"indexes":[{"toxicity":0},{"knowledge":1}],"values":[{"toxicity":0.12249988317489624}]},"id":242,"public_metrics":{"quote_count":0,"reply_count":0,"retweet_count":0},"referenced_tweets":[{"id":72,"type":"replied_to"}]},{"author_id":"agent_1","created_at":0,"entities":{"indexes":[{"toxicity":0},{"knowledge":1}],"values":[{"toxicity":0.12249988317489624}]},"id":243,"public_metrics":{"quote_count":0,"reply_count":0,"retweet_count":0},"referenced_tweets":[{"id":72,"type":"quoted"}]},{"author_id":"agent_1","created_at":0,"entities":{"indexes":[{"toxicity":0},{"knowledge":2}],"values":[{"toxicity":0.029543345794081688}]},"id":244,"public_metrics":{"quote_count":0,"reply_count":0,"retweet_count":0},"referenced_tweets":[{"id":59,"type":"retweeted"}]},{"author_id":"agent_1","created_at":0,"entities":{"indexes":[{"toxicity":0},{"knowledge":2}],"values":[{"toxicity":0.029543345794081688}]},"id":245,"public_metrics":{"quote_count":0,"reply_count":0,"retweet_count":0},"referenced_tweets":[{"id":59,"type":"replied_to"}]},{"author_id":"agent_1","created_at":0,"entities":{"indexes":[{"toxicity":0},{"knowledge":2}],"values":[{"toxicity":0.029543345794081688}]},"id":246,"public_metrics":{"quote_count":0,"reply_count":0,"retweet_count":0},"referenced_tweets":[{"id":59,"type":"quoted"}]},{"author_id":"agent_0","created_at":0,"entities":{"indexes":[{"toxicity":1},{"knowledge":2}],"values":[{"toxicity":0.08916112780570984}]},"id":247,"public_metrics":{"quote_count":0,"reply_count":0,"retweet_count":0},"referenced_tweets":[{"id":66,"type":"retweeted"}]},{"author_id":"agent_0","created_at":0,"entities":{"indexes":[{"toxicity":1},{"knowledge":2}],"values":[{"toxicity":0.08916112780570984}]},"id":248,"public_metrics":{"quote_count":0,"reply_count":0,"retweet_count":0},"referenced_tweets":[{"id":66,"type":"replied_to"}]},{"author_id":"agent_0","created_at":0,"entities":{"indexes":[{"toxicity":1},{"knowledge":2}],"values":[{"toxicity":0.08916112780570984}]},"id":249,"public_metrics":{"quote_count":0,"reply_count":0,"retweet_count":0},"referenced_tweets":[{"id":66,"type":"quoted"}]},{"author_id":"agent_1","created_at":0,"entities":{"indexes":[{"toxicity":0},{"knowledge":2}],"values":[{"toxicity":0.029543345794081688}]},"id":250,"public_metrics":{"quote_count":0,"reply_count":0,"retweet_count":0},"referenced_tweets":[{"id":193,"type":"retweeted"}]},{"author_id":"agent_1","created_at":0,"entities":{"indexes":[{"toxicity":0},{"knowledge":2}],"values":[{"toxicity":0.029543345794081688}]},"id":251,"public_metrics":{"quote_count":0,"reply_count":0,"retweet_count":0},"referenced_tweets":[{"id":193,"type":"replied_to"}]},{"author_id":"agent_1","created_at":0,"entities":{"indexes":[{"toxicity":0},{"knowledge":2}],"values":[{"toxicity":0.029543345794081688}]},"id":252,"public_metrics":{"quote_count":0,"reply_count":0,"retweet_count":0},"referenced_tweets":[{"id":193,"type":"quoted"}]},{"author_id":"agent_1","created_at":0,"entities":{"indexes":[{"toxicity":0},{"knowledge":2}],"values":[{"toxicity":0.029543345794081688}]},"id":253,"public_metrics":{"quote_count":0,"reply_count":0,"retweet_count":0}},{"author_id":"agent_0","created_at":0,"entities":{"indexes":[{"toxicity":1},{"knowledge":1}],"values":[{"toxicity":0.45908430218696594}]},"id":254,"public_metrics":{"quote_count":0,"reply_count":0,"retweet_count":0}},{"author_id":"agent_1","created_at":0,"entities":{"indexes":[{"toxicity":0},{"knowledge":0}],"values":[{"toxicity":0.1328420341014862}]},"id":255,"public_metrics":{"quote_count":0,"reply_count":0,"retweet_count":0}},{"author_id":"agent_0","created_at":0,"entities":{"indexes":[{"toxicity":1},{"knowledge":2}],"values":[{"toxicity":0.08916112780570984}]},"id":256,"public_metrics":{"quote_count":0,"reply_count":0,"retweet_count":0},"referenced_tweets":[{"id":38,"type":"retweeted"}]},{"author_id":"agent_0","created_at":0,"entities":{"indexes":[{"toxicity":1},{"knowledge":2}],"values":[{"toxicity":0.08916112780570984}]},"id":257,"public_metrics":{"quote_count":0,"reply_count":0,"retweet_count":0},"referenced_tweets":[{"id":38,"type":"replied_to"}]},{"author_id":"agent_0","created_at":0,"entities":{"indexes":[{"toxicity":1},{"knowledge":2}],"values":[{"toxicity":0.08916112780570984}]},"id":258,"public_metrics":{"quote_count":0,"reply_count":0,"retweet_count":0},"referenced_tweets":[{"id":38,"type":"quoted"}]},{"author_id":"agent_1","created_at":0,"entities":{"indexes":[{"toxicity":0},{"knowledge":0}],"values":[{"toxicity":0.1328420341014862}]},"id":259,"public_metrics":{"quote_count":0,"reply_count":0,"retweet_count":0}},{"author_id":"agent_0","created_at":0,"entities":{"indexes":[{"toxicity":1},{"knowledge":2}],"values":[{"toxicity":0.08916112780570984}]},"id":260,"public_metrics":{"quote_count":0,"reply_count":0,"retweet_count":0},"referenced_tweets":[{"id":110,"type":"retweeted"}]},{"author_id":"agent_0","created_at":0,"entities":{"indexes":[{"toxicity":1},{"knowledge":2}],"values":[{"toxicity":0.08916112780570984}]},"id":261,"public_metrics":{"quote_count":0,"reply_count":0,"retweet_count":0},"referenced_tweets":[{"id":110,"type":"replied_to"}]},{"author_id":"agent_0","created_at":0,"entities":{"indexes":[{"toxicity":1},{"knowledge":2}],"values":[{"toxicity":0.08916112780570984}]},"id":262,"public_metrics":{"quote_count":0,"reply_count":0,"retweet_count":0},"referenced_tweets":[{"id":110,"type":"quoted"}]},{"author_id":"agent_0","created_at":0,"entities":{"indexes":[{"toxicity":1},{"knowledge":1}],"values":[{"toxicity":0.45908430218696594}]},"id":263,"public_metrics":{"quote_count":0,"reply_count":0,"retweet_count":0}},{"author_id":"agent_1","created_at":0,"entities":{"indexes":[{"toxicity":0},{"knowledge":2}],"values":[{"toxicity":0.03265271335840225}]},"id":264,"public_metrics":{"quote_count":0,"reply_count":0,"retweet_count":0}},{"author_id":"agent_0","created_at":0,"entities":{"indexes":[{"toxicity":1},{"knowledge":2}],"values":[{"toxicity":0.08916112780570984}]},"id":265,"public_metrics":{"quote_count":0,"reply_count":0,"retweet_count":0}},{"author_id":"agent_1","created_at":0,"entities":{"indexes":[{"toxicity":0},{"knowledge":2}],"values":[{"toxicity":0.03027905337512493}]},"id":266,"public_metrics":{"quote_count":0,"reply_count":0,"retweet_count":0},"referenced_tweets":[{"id":27,"type":"retweeted"}]},{"author_id":"agent_1","created_at":0,"entities":{"indexes":[{"toxicity":0},{"knowledge":2}],"values":[{"toxicity":0.03027905337512493}]},"id":267,"public_metrics":{"quote_count":0,"reply_count":0,"retweet_count":0},"referenced_tweets":[{"id":27,"type":"replied_to"}]},{"author_id":"agent_1","created_at":0,"entities":{"indexes":[{"toxicity":0},{"knowledge":2}],"values":[{"toxicity":0.03027905337512493}]},"id":268,"public_metrics":{"quote_count":0,"reply_count":0,"retweet_count":0},"referenced_tweets":[{"id":27,"type":"quoted"}]},{"author_id":"agent_1","created_at":0,"entities":{"indexes":[{"toxicity":0},{"knowledge":1}],"values":[{"toxicity":0.12555044889450073}]},"id":269,"public_metrics":{"quote_count":0,"reply_count":0,"retweet_count":0},"referenced_tweets":[{"id":72,"type":"retweeted"}]},{"author_id":"agent_1","created_at":0,"entities":{"indexes":[{"toxicity":0},{"knowledge":1}],"values":[{"toxicity":0.12555044889450073}]},"id":270,"public_metrics":{"quote_count":0,"reply_count":0,"retweet_count":0},"referenced_tweets":[{"id":72,"type":"replied_to"}]},{"author_id":"agent_1","created_at":0,"entities":{"indexes":[{"toxicity":0},{"knowledge":1}],"values":[{"toxicity":0.12555044889450073}]},"id":271,"public_metrics":{"quote_count":0,"reply_count":0,"retweet_count":0},"referenced_tweets":[{"id":72,"type":"quoted"}]},{"author_id":"agent_1","created_at":0,"entities":{"indexes":[{"toxicity":0},{"knowledge":2}],"values":[{"toxicity":0.03027905337512493}]},"id":272,"public_metrics":{"quote_count":0,"reply_count":0,"retweet_count":0}},{"author_id":"agent_0","created_at":0,"entities":{"indexes":[{"toxicity":1},{"knowledge":2}],"values":[{"toxicity":0.08916112780570984}]},"id":273,"public_metrics":{"quote_count":0,"reply_count":0,"retweet_count":0},"referenced_tweets":[{"id":17,"type":"retweeted"}]},{"author_id":"agent_0","created_at":0,"entities":{"indexes":[{"toxicity":1},{"knowledge":2}],"values":[{"toxicity":0.08916112780570984}]},"id":274,"public_metrics":{"quote_count":0,"reply_count":0,"retweet_count":0},"referenced_tweets":[{"id":17,"type":"replied_to"}]},{"author_id":"agent_0","created_at":0,"entities":{"indexes":[{"toxicity":1},{"knowledge":2}],"values":[{"toxicity":0.08916112780570984}]},"id":275,"public_metrics":{"quote_count":0,"reply_count":0,"retweet_count":0},"referenced_tweets":[{"id":17,"type":"quoted"}]}]}