{"data":[{"author_id":"agent_8","created_at":76,"entities":{"indexes":[{"toxicity":0},{"knowledge":0}],"values":[{"toxicity":0.004951456096023321}]},"id":0,"public_metrics":{"quote_count":0,"reply_count":0,"retweet_count":0}},{"author_id":"agent_48","created_at":93,"entities":{"indexes":[{"toxicity":0},{"knowledge":0}],"values":[{"toxicity":0.1430806666612625}]},"id":1,"public_metrics":{"quote_count":0,"reply_count":0,"retweet_count":0}},{"author_id":"agent_0","created_at":116,"entities":{"indexes":[{"toxicity":0},{"knowledge":0}],"values":[{"toxicity":0.03874397650361061}]},"id":2,"public_metrics":{"quote_count":0,"reply_count":0,"retweet_count":0}},{"author_id":"agent_8","created_at":247,"entities":{"indexes":[{"toxicity":0},{"knowledge":0}],"values":[{"toxicity":0.002789995400235057}]},"id":3,"public_metrics":{"quote_count":0,"reply_count":0,"retweet_count":0}},{"author_id":"agent_0","created_at":411,"entities":{"indexes":[{"toxicity":0},{"knowledge":0}],"values":[{"toxicity":0.0020110872574150562}]},"id":4,"public_metrics":{"quote_count":0,"reply_count":0,"retweet_count":0}},{"author_id":"agent_8","created_at":458,"entities":{"indexes":[{"knowledge":0}]},"id":5,"public_metrics":{"quote_count":0,"reply_count":0,"retweet_count":0}},{"author_id":"agent_0","created_at":533,"entities":{"indexes":[{"toxicity":0},{"knowledge":0}],"values":[{"toxicity":0.010311086662113667}]},"id":6,"public_metrics":{"quote_count":0,"reply_count":0,"retweet_count":0}},{"author_id":"agent_8","created_at":610,"entities":{"indexes":[{"toxicity":0},{"knowledge":0}],"values":[{"toxicity":0.0041291192173957825}]},"id":7,"public_metrics":{"quote_count":0,"reply_count":0,"retweet_count":0}},{"author_id":"agent_8","created_at":662,"entities":{"indexes":[{"knowledge":0}]},"id":8,"public_metrics":{"quote_count":0,"reply_count":0,"retweet_count":0}},{"author_id":"agent_0","created_at":750,"entities":{"indexes":[{"knowledge":0}]},"id":9,"public_metrics":{"quote_count":0,"reply_count":0,"retweet_count":0}},{"author_id":"agent_0","created_at":790,"entities":{"indexes":[{"knowledge":0}]},"id":10,"public_metrics":{"quote_count":0,"reply_count":0,"retweet_count":0}},{"author_id":"agent_0","created_at":862,"entities":{"indexes":[{"knowledge":0}]},"id":11,"public_metrics":{"quote_count":0,"reply_count":0,"retweet_count":0}},{"author_id":"agent_8","created_at":930,"entities":{"indexes":[{"toxicity":0},{"knowledge":0}],"values":[{"toxicity":0.005593859124928713}]},"id":12,"public_metrics":{"quote_count":0,"reply_count":0,"retweet_count":0}}]}