{"data":[{"author_id":"agent_94","created_at":29,"entities":{"indexes":[{"knowledge":0}]},"id":0,"public_metrics":{"quote_count":0,"reply_count":0,"retweet_count":0}},{"author_id":"agent_29","created_at":67,"entities":{"indexes":[{"toxicity":0},{"knowledge":0}],"values":[{"toxicity":0.11922628432512283}]},"id":1,"public_metrics":{"quote_count":0,"reply_count":0,"retweet_count":0}},{"author_id":"agent_79","created_at":78,"entities":{"indexes":[{"toxicity":0},{"knowledge":0}],"values":[{"toxicity":0.2267078012228012}]},"id":2,"public_metrics":{"quote_count":0,"reply_count":0,"retweet_count":0}},{"author_id":"agent_5","created_at":100,"entities":{"indexes":[{"knowledge":0}]},"id":3,"public_metrics":{"quote_count":0,"reply_count":0,"retweet_count":0}},{"author_id":"agent_5","created_at":201,"entities":{"indexes":[{"knowledge":0}]},"id":4,"public_metrics":{"quote_count":0,"reply_count":0,"retweet_count":0}},{"author_id":"agent_5","created_at":214,"entities":{"indexes":[{"knowledge":0}]},"id":5,"public_metrics":{"quote_count":0,"reply_count":0,"retweet_count":0}},{"author_id":"agent_66","created_at":303,"entities":{"indexes":[{"toxicity":0},{"knowledge":0}],"values":[{"toxicity":0.29211801290512085}]},"id":6,"public_metrics":{"quote_count":0,"reply_count":0,"retweet_count":0}},{"author_id":"agent_1","created_at":351,"entities":{"indexes":[{"toxicity":0},{"knowledge":0}],"values":[{"toxicity":0.2498980611562729}]},"id":7,"public_metrics":{"quote_count":0,"reply_count":0,"retweet_count":0}},{"author_id":"agent_10","created_at":444,"entities":{"indexes":[{"toxicity":0},{"knowledge":0}],"values":[{"toxicity":0.007435990031808615}]},"id":8,"public_metrics":{"quote_count":0,"reply_count":0,"retweet_count":0}},{"author_id":"agent_29","created_at":508,"entities":{"indexes":[{"knowledge":0}]},"id":9,"public_metrics":{"quote_count":0,"reply_count":0,"retweet_count":0}},{"author_id":"agent_20","created_at":534,"entities":{"indexes":[{"knowledge":0}]},"id":10,"public_metrics":{"quote_count":0,"reply_count":0,"retweet_count":0}},{"author_id":"agent_5","created_at":550,"entities":{"indexes":[{"knowledge":0}]},"id":11,"public_metrics":{"quote_count":0,"reply_count":0,"retweet_count":0}},{"author_id":"agent_48","created_at":580,"entities":{"indexes":[{"knowledge":0}]},"id":12,"public_metrics":{"quote_count":0,"reply_count":0,"retweet_count":0}},{"author_id":"agent_29","created_at":741,"entities":{"indexes":[{"knowledge":0}]},"id":13,"public_metrics":{"quote_count":0,"reply_count":0,"retweet_count":0}},{"author_id":"agent_65","created_at":760,"entities":{"indexes":[{"knowledge":0}]},"id":14,"public_metrics":{"quote_count":0,"reply_count":0,"retweet_count":0}},{"author_id":"agent_65","created_at":771,"entities":{"indexes":[{"knowledge":0}]},"id":15,"public_metrics":{"quote_count":0,"reply_count":0,"retweet_count":0}},{"author_id":"agent_10","created_at":888,"entities":{"indexes":[{"knowledge":0}]},"id":16,"public_metrics":{"quote_count":0,"reply_count":0,"retweet_count":0}},{"author_id":"agent_29","created_at":909,"entities":{"indexes":[{"knowledge":0}]},"id":17,"public_metrics":{"quote_count":0,"reply_count":0,"retweet_count":0}},{"author_id":"agent_65","created_at":1013,"entities":{"indexes":[{"knowledge":0}]},"id":18,"public_metrics":{"quote_count":0,"reply_count":0,"retweet_count":0}},{"author_id":"agent_10","created_at":1069,"entities":{"indexes":[{"toxicity":0},{"knowledge":0}],"values":[{"toxicity":0.388367623090744}]},"id":19,"public_metrics":{"quote_count":0,"reply_count":0,"retweet_count":0}},{"author_id":"agent_61","created_at":1119,"entities":{"indexes":[{"toxicity":0},{"knowledge":0}],"values":[{"toxicity":0.5182952880859375}]},"id":20,"public_metrics":{"quote_count":0,"reply_count":0,"retweet_count":0}},{"author_id":"agent_29","created_at":1216,"entities":{"indexes":[{"knowledge":0}]},"id":21,"public_metrics":{"quote_count":0,"reply_count":0,"retweet_count":0}},{"author_id":"agent_39","created_at":1309,"entities":{"indexes":[{"knowledge":0}]},"id":22,"public_metrics":{"quote_count":0,"reply_count":0,"retweet_count":0}},{"author_id":"agent_29","created_at":1342,"entities":{"indexes":[{"knowledge":0}]},"id":23,"public_metrics":{"quote_count":0,"reply_count":0,"retweet_count":0}},{"author_id":"agent_10","created_at":1368,"entities":{"indexes":[{"knowledge":0}]},"id":24,"public_metrics":{"quote_count":0,"reply_count":0,"retweet_count":0}},{"author_id":"agent_5","created_at":1435,"entities":{"indexes":[{"knowledge":0}]},"id":25,"public_metrics":{"quote_count":0,"reply_count":0,"retweet_count":0}},{"author_id":"agent_5","created_at":1465,"entities":{"indexes":[{"toxicity":0},{"knowledge":0}],"values":[{"toxicity":0.20753030478954315}]},"id":26,"public_metrics":{"quote_count":0,"reply_count":0,"retweet_count":0}},{"author_id":"agent_93","created_at":1520,"entities":{"indexes":[{"knowledge":0}]},"id":27,"public_metrics":{"quote_count":0,"reply_count":0,"retweet_count":0}},{"author_id":"agent_46","created_at":1562,"entities":{"indexes":[{"knowledge":0}]},"id":28,"public_metrics":{"quote_count":0,"reply_count":0,"retweet_count":0}},{"author_id":"agent_88","created_at":1627,"entities":{"indexes":[{"toxicity":0},{"knowledge":0}],"values":[{"toxicity":0.05657997354865074}]},"id":29,"public_metrics":{"quote_count":0,"reply_count":0,"retweet_count":0}},{"author_id":"agent_10","created_at":1689,"entities":{"indexes":[{"toxicity":0},{"knowledge":0}],"values":[{"toxicity":0.4480714797973633}]},"id":30,"public_metrics":{"quote_count":0,"reply_count":0,"retweet_count":0}},{"author_id":"agent_0","created_at":1713,"entities":{"indexes":[{"toxicity":0},{"knowledge":0}],"values":[{"toxicity":0.011445339769124985}]},"id":31,"public_metrics":{"quote_count":0,"reply_count":0,"retweet_count":0}},{"author_id":"agent_97","created_at":1749,"entities":{"indexes":[{"knowledge":0}]},"id":32,"public_metrics":{"quote_count":0,"reply_count":0,"retweet_count":0}},{"author_id":"agent_69","created_at":1944,"entities":{"indexes":[{"knowledge":0}]},"id":33,"public_metrics":{"quote_count":0,"reply_count":0,"retweet_count":0}},{"author_id":"agent_20","created_at":2089,"entities":{"indexes":[{"knowledge":0}]},"id":34,"public_metrics":{"quote_count":0,"reply_count":0,"retweet_count":0}},{"author_id":"agent_88","created_at":2170,"entities":{"indexes":[{"knowledge":0}]},"id":35,"public_metrics":{"quote_count":0,"reply_count":0,"retweet_count":0}},{"author_id":"agent_10","created_at":2187,"entities":{"indexes":[{"knowledge":0}]},"id":36,"public_metrics":{"quote_count":0,"reply_count":0,"retweet_count":0}},{"author_id":"agent_61","created_at":2189,"entities":{"indexes":[{"knowledge":0}]},"id":37,"public_metrics":{"quote_count":0,"reply_count":0,"retweet_count":0}},{"author_id":"agent_20","created_at":2257,"entities":{"indexes":[{"knowledge":0}]},"id":38,"public_metrics":{"quote_count":0,"reply_count":0,"retweet_count":0}},{"author_id":"agent_10","created_at":2261,"entities":{"indexes":[{"knowledge":0}]},"id":39,"public_metrics":{"quote_count":0,"reply_count":0,"retweet_count":0}},{"author_id":"agent_89","created_at":2511,"entities":{"indexes":[{"knowledge":0}]},"id":40,"public_metrics":{"quote_count":0,"reply_count":0,"retweet_count":0}},{"author_id":"agent_20","created_at":2529,"entities":{"indexes":[{"knowledge":0}]},"id":41,"public_metrics":{"quote_count":0,"reply_count":0,"retweet_count":0}},{"author_id":"agent_20","created_at":2670,"entities":{"indexes":[{"knowledge":0}]},"id":42,"public_metrics":{"quote_count":0,"reply_count":0,"retweet_count":0}},{"author_id":"agent_65","created_at":2858,"entities":{"indexes":[{"knowledge":0}]},"id":43,"public_metrics":{"quote_count":0,"reply_count":0,"retweet_count":0}},{"author_id":"agent_79","created_at":2891,"entities":{"indexes":[{"knowledge":0}]},"id":44,"public_metrics":{"quote_count":0,"reply_count":0,"retweet_count":0}},{"author_id":"agent_20","created_at":2903,"entities":{"indexes":[{"knowledge":0}]},"id":45,"public_metrics":{"quote_count":0,"reply_count":0,"retweet_count":0}},{"author_id":"agent_74","created_at":2930,"entities":{"indexes":[{"knowledge":0}]},"id":46,"public_metrics":{"quote_count":0,"reply_count":0,"retweet_count":0}},{"author_id":"agent_20","created_at":2954,"entities":{"indexes":[{"knowledge":0}]},"id":47,"public_metrics":{"quote_count":0,"reply_count":0,"retweet_count":0}},{"author_id":"agent_29","created_at":3015,"entities":{"indexes":[{"toxicity":0},{"knowledge":0}],"values":[{"toxicity":0.16050928831100464}]},"id":48,"public_metrics":{"quote_count":0,"reply_count":0,"retweet_count":0}},{"author_id":"agent_94","created_at":3091,"entities":{"indexes":[{"knowledge":0}]},"id":49,"public_metrics":{"quote_count":0,"reply_count":0,"retweet_count":0}},{"author_id":"agent_5","created_at":3113,"entities":{"indexes":[{"toxicity":0},{"knowledge":0}],"values":[{"toxicity":0.010772960260510445}]},"id":50,"public_metrics":{"quote_count":0,"reply_count":0,"retweet_count":0}},{"author_id":"agent_20","created_at":3307,"entities":{"indexes":[{"knowledge":0}]},"id":51,"public_metrics":{"quote_count":0,"reply_count":0,"retweet_count":0}},{"author_id":"agent_1","created_at":3364,"entities":{"indexes":[{"knowledge":0}]},"id":52,"public_metrics":{"quote_count":0,"reply_count":0,"retweet_count":0}},{"author_id":"agent_66","created_at":3372,"entities":{"indexes":[{"knowledge":0}]},"id":53,"public_metrics":{"quote_count":0,"reply_count":0,"retweet_count":0}},{"author_id":"agent_97","created_at":3398,"entities":{"indexes":[{"toxicity":0},{"knowledge":0}],"values":[{"toxicity":0.017034055665135384}]},"id":54,"public_metrics":{"quote_count":0,"reply_count":0,"retweet_count":0}},{"author_id":"agent_0","created_at":3411,"entities":{"indexes":[{"knowledge":0}]},"id":55,"public_metrics":{"quote_count":0,"reply_count":0,"retweet_count":0}},{"author_id":"agent_48","created_at":3603,"entities":{"indexes":[{"knowledge":0}]},"id":56,"public_metrics":{"quote_count":0,"reply_count":0,"retweet_count":0}},{"author_id":"agent_20","created_at":3639,"entities":{"indexes":[{"toxicity":0},{"knowledge":0}],"values":[{"toxicity":0.07161088287830353}]},"id":57,"public_metrics":{"quote_count":0,"reply_count":0,"retweet_count":0}},{"author_id":"agent_93","created_at":3797,"entities":{"indexes":[{"knowledge":0}]},"id":58,"public_metrics":{"quote_count":0,"reply_count":0,"retweet_count":0}},{"author_id":"agent_26","created_at":3799,"entities":{"indexes":[{"knowledge":0}]},"id":59,"public_metrics":{"quote_count":0,"reply_count":0,"retweet_count":0}},{"author_id":"agent_20","created_at":3802,"entities":{"indexes":[{"knowledge":0}]},"id":60,"public_metrics":{"quote_count":0,"reply_count":0,"retweet_count":0}},{"author_id":"agent_20","created_at":3840,"entities":{"indexes":[{"knowledge":0}]},"id":61,"public_metrics":{"quote_count":0,"reply_count":0,"retweet_count":0}},{"author_id":"agent_66","created_at":3887,"entities":{"indexes":[{"knowledge":0}]},"id":62,"public_metrics":{"quote_count":0,"reply_count":0,"retweet_count":0}},{"author_id":"agent_20","created_at":3888,"entities":{"indexes":[{"toxicity":0},{"knowledge":0}],"values":[{"toxicity":0.05454498901963234}]},"id":63,"public_metrics":{"quote_count":0,"reply_count":0,"retweet_count":0}},{"author_id":"agent_10","created_at":3894,"entities":{"indexes":[{"knowledge":0}]},"id":64,"public_metrics":{"quote_count":0,"reply_count":0,"retweet_count":0}},{"author_id":"agent_10","created_at":3908,"entities":{"indexes":[{"knowledge":0}]},"id":65,"public_metrics":{"quote_count":0,"reply_count":0,"retweet_count":0}},{"author_id":"agent_10","created_at":3911,"entities":{"indexes":[{"knowledge":0}]},"id":66,"public_metrics":{"quote_count":0,"reply_count":0,"retweet_count":0}}]}