{"data":[{"author_id":"agent_51","created_at":475,"entities":{"indexes":[{"knowledge":0}]},"id":0,"public_metrics":{"quote_count":0,"reply_count":0,"retweet_count":0}},{"author_id":"agent_5","created_at":519,"entities":{"indexes":[{"knowledge":0}]},"id":1,"public_metrics":{"quote_count":0,"reply_count":0,"retweet_count":0}},{"author_id":"agent_5","created_at":576,"entities":{"indexes":[{"toxicity":0},{"knowledge":0}],"values":[{"toxicity":0.14495015144348145}]},"id":2,"public_metrics":{"quote_count":0,"reply_count":0,"retweet_count":0}},{"author_id":"agent_61","created_at":636,"entities":{"indexes":[{"toxicity":0},{"knowledge":0}],"values":[{"toxicity":0.6490225195884705}]},"id":3,"public_metrics":{"quote_count":0,"reply_count":0,"retweet_count":0}},{"author_id":"agent_61","created_at":694,"entities":{"indexes":[{"toxicity":0},{"knowledge":0}],"values":[{"toxicity":0.2776653468608856}]},"id":4,"public_metrics":{"quote_count":0,"reply_count":0,"retweet_count":0}},{"author_id":"agent_20","created_at":1072,"entities":{"indexes":[{"knowledge":0}]},"id":5,"public_metrics":{"quote_count":0,"reply_count":0,"retweet_count":0}},{"author_id":"agent_65","created_at":1098,"entities":{"indexes":[{"toxicity":0},{"knowledge":0}],"values":[{"toxicity":0.1693192571401596}]},"id":6,"public_metrics":{"quote_count":0,"reply_count":0,"retweet_count":0}},{"author_id":"agent_65","created_at":1120,"entities":{"indexes":[{"toxicity":0},{"knowledge":0}],"values":[{"toxicity":0.16180112957954407}]},"id":7,"public_metrics":{"quote_count":0,"reply_count":0,"retweet_count":0}},{"author_id":"agent_46","created_at":1199,"entities":{"indexes":[{"knowledge":0}]},"id":8,"public_metrics":{"quote_count":0,"reply_count":0,"retweet_count":0}},{"author_id":"agent_67","created_at":1315,"entities":{"indexes":[{"toxicity":0},{"knowledge":0}],"values":[{"toxicity":0.000561115681193769}]},"id":9,"public_metrics":{"quote_count":0,"reply_count":0,"retweet_count":0}},{"author_id":"agent_48","created_at":1341,"entities":{"indexes":[{"knowledge":0}]},"id":10,"public_metrics":{"quote_count":0,"reply_count":0,"retweet_count":0}},{"author_id":"agent_65","created_at":1412,"entities":{"indexes":[{"knowledge":0}]},"id":11,"public_metrics":{"quote_count":0,"reply_count":0,"retweet_count":0}},{"author_id":"agent_10","created_at":1448,"entities":{"indexes":[{"knowledge":0}]},"id":12,"public_metrics":{"quote_count":0,"reply_count":0,"retweet_count":0}},{"author_id":"agent_88","created_at":1483,"entities":{"indexes":[{"knowledge":0}]},"id":13,"public_metrics":{"quote_count":0,"reply_count":0,"retweet_count":0}},{"author_id":"agent_0","created_at":1515,"entities":{"indexes":[{"toxicity":0},{"knowledge":0}],"values":[{"toxicity":0.17729245126247406}]},"id":14,"public_metrics":{"quote_count":0,"reply_count":0,"retweet_count":0}},{"author_id":"agent_5","created_at":1582,"entities":{"indexes":[{"toxicity":0},{"knowledge":0}],"values":[{"toxicity":0.03843889757990837}]},"id":15,"public_metrics":{"quote_count":0,"reply_count":0,"retweet_count":0}},{"author_id":"agent_0","created_at":1751,"entities":{"indexes":[{"knowledge":0}]},"id":16,"public_metrics":{"quote_count":0,"reply_count":0,"retweet_count":0}},{"author_id":"agent_0","created_at":1882,"entities":{"indexes":[{"knowledge":0}]},"id":17,"public_metrics":{"quote_count":0,"reply_count":0,"retweet_count":0}},{"author_id":"agent_67","created_at":1968,"entities":{"indexes":[{"toxicity":0},{"knowledge":0}],"values":[{"toxicity":0.0027376837097108364}]},"id":18,"public_metrics":{"quote_count":0,"reply_count":0,"retweet_count":0}},{"author_id":"agent_1","created_at":2059,"entities":{"indexes":[{"toxicity":0},{"knowledge":0}],"values":[{"toxicity":0.15076705813407898}]},"id":19,"public_metrics":{"quote_count":0,"reply_count":0,"retweet_count":0}},{"author_id":"agent_5","created_at":2093,"entities":{"indexes":[{"toxicity":0},{"knowledge":0}],"values":[{"toxicity":0.14832603931427002}]},"id":20,"public_metrics":{"quote_count":0,"reply_count":0,"retweet_count":0}},{"author_id":"agent_61","created_at":2226,"entities":{"indexes":[{"knowledge":0}]},"id":21,"public_metrics":{"quote_count":0,"reply_count":0,"retweet_count":0}},{"author_id":"agent_5","created_at":2275,"entities":{"indexes":[{"toxicity":0},{"knowledge":0}],"values":[{"toxicity":0.1595817357301712}]},"id":22,"public_metrics":{"quote_count":0,"reply_count":0,"retweet_count":0}},{"author_id":"agent_51","created_at":2512,"entities":{"indexes":[{"knowledge":0}]},"id":23,"public_metrics":{"quote_count":0,"reply_count":0,"retweet_count":0}},{"author_id":"agent_20","created_at":2744,"entities":{"indexes":[{"knowledge":0}]},"id":24,"public_metrics":{"quote_count":0,"reply_count":0,"retweet_count":0}},{"author_id":"agent_0","created_at":2914,"entities":{"indexes":[{"knowledge":0}]},"id":25,"public_metrics":{"quote_count":0,"reply_count":0,"retweet_count":0}},{"author_id":"agent_1","created_at":2925,"entities":{"indexes":[{"toxicity":0},{"knowledge":0}],"values":[{"toxicity":0.29182928800582886}]},"id":26,"public_metrics":{"quote_count":0,"reply_count":0,"retweet_count":0}},{"author_id":"agent_20","created_at":2929,"entities":{"indexes":[{"toxicity":0},{"knowledge":0}],"values":[{"toxicity":0.19988378882408142}]},"id":27,"public_metrics":{"quote_count":0,"reply_count":0,"retweet_count":0}},{"author_id":"agent_67","created_at":3049,"entities":{"indexes":[{"toxicity":0},{"knowledge":0}],"values":[{"toxicity":0.004902600310742855}]},"id":28,"public_metrics":{"quote_count":0,"reply_count":0,"retweet_count":0}},{"author_id":"agent_20","created_at":3067,"entities":{"indexes":[{"knowledge":0}]},"id":29,"public_metrics":{"quote_count":0,"reply_count":0,"retweet_count":0}},{"author_id":"agent_51","created_at":3258,"entities":{"indexes":[{"toxicity":0},{"knowledge":0}],"values":[{"toxicity":0.06822896748781204}]},"id":30,"public_metrics":{"quote_count":0,"reply_count":0,"retweet_count":0}},{"author_id":"agent_51","created_at":3379,"entities":{"indexes":[{"toxicity":0},{"knowledge":0}],"values":[{"toxicity":0.011539801955223083}]},"id":31,"public_metrics":{"quote_count":0,"reply_count":0,"retweet_count":0}},{"author_id":"agent_1","created_at":3386,"entities":{"indexes":[{"toxicity":0},{"knowledge":0}],"values":[{"toxicity":0.09133628755807877}]},"id":32,"public_metrics":{"quote_count":0,"reply_count":0,"retweet_count":0}},{"author_id":"agent_5","created_at":3424,"entities":{"indexes":[{"knowledge":0}]},"id":33,"public_metrics":{"quote_count":0,"reply_count":0,"retweet_count":0}},{"author_id":"agent_67","created_at":3444,"entities":{"indexes":[{"knowledge":0}]},"id":34,"public_metrics":{"quote_count":0,"reply_count":0,"retweet_count":0}},{"author_id":"agent_5","created_at":3475,"entities":{"indexes":[{"knowledge":0}]},"id":35,"public_metrics":{"quote_count":0,"reply_count":0,"retweet_count":0}},{"author_id":"agent_8","created_at":3510,"entities":{"indexes":[{"knowledge":0}]},"id":36,"public_metrics":{"quote_count":0,"reply_count":0,"retweet_count":0}},{"author_id":"agent_5","created_at":3514,"entities":{"indexes":[{"knowledge":0}]},"id":37,"public_metrics":{"quote_count":0,"reply_count":0,"retweet_count":0}},{"author_id":"agent_93","created_at":3568,"entities":{"indexes":[{"knowledge":0}]},"id":38,"public_metrics":{"quote_count":0,"reply_count":0,"retweet_count":0}},{"author_id":"agent_1","created_at":3585,"entities":{"indexes":[{"knowledge":0}]},"id":39,"public_metrics":{"quote_count":0,"reply_count":0,"retweet_count":0}},{"author_id":"agent_51","created_at":3587,"entities":{"indexes":[{"toxicity":0},{"knowledge":0}],"values":[{"toxicity":0.01433375384658575}]},"id":40,"public_metrics":{"quote_count":0,"reply_count":0,"retweet_count":0}},{"author_id":"agent_5","created_at":3633,"entities":{"indexes":[{"toxicity":0},{"knowledge":0}],"values":[{"toxicity":0.0013066132087260485}]},"id":41,"public_metrics":{"quote_count":0,"reply_count":0,"retweet_count":0}},{"author_id":"agent_10","created_at":3678,"entities":{"indexes":[{"knowledge":0}]},"id":42,"public_metrics":{"quote_count":0,"reply_count":0,"retweet_count":0}},{"author_id":"agent_1","created_at":3729,"entities":{"indexes":[{"knowledge":0}]},"id":43,"public_metrics":{"quote_count":0,"reply_count":0,"retweet_count":0}},{"author_id":"agent_93","created_at":3755,"entities":{"indexes":[{"knowledge":0}]},"id":44,"public_metrics":{"quote_count":0,"reply_count":0,"retweet_count":0}},{"author_id":"agent_1","created_at":3812,"entities":{"indexes":[{"knowledge":0}]},"id":45,"public_metrics":{"quote_count":0,"reply_count":0,"retweet_count":0}}]}