{"data":[{"author_id":"agent_48","created_at":18,"entities":{"indexes":[{"knowledge":0}]},"id":0,"public_metrics":{"quote_count":0,"reply_count":0,"retweet_count":0}},{"author_id":"agent_8","created_at":22,"entities":{"indexes":[{"toxicity":0},{"knowledge":0}],"values":[{"toxicity":0.007073334883898497}]},"id":1,"public_metrics":{"quote_count":0,"reply_count":0,"retweet_count":0}},{"author_id":"agent_0","created_at":25,"entities":{"indexes":[{"toxicity":0},{"knowledge":0}],"values":[{"toxicity":0.04799354076385498}]},"id":2,"public_metrics":{"quote_count":0,"reply_count":0,"retweet_count":0}},{"author_id":"agent_0","created_at":112,"entities":{"indexes":[{"knowledge":0}]},"id":3,"public_metrics":{"quote_count":0,"reply_count":0,"retweet_count":0}},{"author_id":"agent_1","created_at":112,"entities":{"indexes":[{"knowledge":0}]},"id":4,"public_metrics":{"quote_count":0,"reply_count":0,"retweet_count":0}},{"author_id":"agent_10","created_at":118,"entities":{"indexes":[{"knowledge":0}]},"id":5,"public_metrics":{"quote_count":0,"reply_count":0,"retweet_count":0}},{"author_id":"agent_0","created_at":214,"entities":{"indexes":[{"toxicity":0},{"knowledge":0}],"values":[{"toxicity":0.05104469135403633}]},"id":6,"public_metrics":{"quote_count":0,"reply_count":0,"retweet_count":0}},{"author_id":"agent_39","created_at":300,"entities":{"indexes":[{"toxicity":0},{"knowledge":0}],"values":[{"toxicity":0.03527580574154854}]},"id":7,"public_metrics":{"quote_count":0,"reply_count":0,"retweet_count":0}},{"author_id":"agent_10","created_at":387,"entities":{"indexes":[{"knowledge":0}]},"id":8,"public_metrics":{"quote_count":0,"reply_count":0,"retweet_count":0}},{"author_id":"agent_20","created_at":409,"entities":{"indexes":[{"knowledge":0}]},"id":9,"public_metrics":{"quote_count":0,"reply_count":0,"retweet_count":0}},{"author_id":"agent_1","created_at":446,"entities":{"indexes":[{"toxicity":0},{"knowledge":0}],"values":[{"toxicity":0.07952979952096939}]},"id":10,"public_metrics":{"quote_count":0,"reply_count":0,"retweet_count":0}},{"author_id":"agent_47","created_at":446,"entities":{"indexes":[{"toxicity":0},{"knowledge":0}],"values":[{"toxicity":0.39038127660751343}]},"id":11,"public_metrics":{"quote_count":0,"reply_count":0,"retweet_count":0}},{"author_id":"agent_48","created_at":534,"entities":{"indexes":[{"toxicity":0},{"knowledge":0}],"values":[{"toxicity":0.40548428893089294}]},"id":12,"public_metrics":{"quote_count":0,"reply_count":0,"retweet_count":0}},{"author_id":"agent_10","created_at":540,"entities":{"indexes":[{"knowledge":0}]},"id":13,"public_metrics":{"quote_count":0,"reply_count":0,"retweet_count":0}},{"author_id":"agent_10","created_at":542,"entities":{"indexes":[{"knowledge":0}]},"id":14,"public_metrics":{"quote_count":0,"reply_count":0,"retweet_count":0}},{"author_id":"agent_5","created_at":547,"entities":{"indexes":[{"toxicity":0},{"knowledge":0}],"values":[{"toxicity":0.14831489324569702}]},"id":15,"public_metrics":{"quote_count":0,"reply_count":0,"retweet_count":0}},{"author_id":"agent_8","created_at":708,"entities":{"indexes":[{"toxicity":0},{"knowledge":0}],"values":[{"toxicity":0.004912832286208868}]},"id":16,"public_metrics":{"quote_count":0,"reply_count":0,"retweet_count":0}},{"author_id":"agent_46","created_at":824,"entities":{"indexes":[{"knowledge":0}]},"id":17,"public_metrics":{"quote_count":0,"reply_count":0,"retweet_count":0}},{"author_id":"agent_8","created_at":844,"entities":{"indexes":[{"toxicity":0},{"knowledge":0}],"values":[{"toxicity":0.004956595599651337}]},"id":18,"public_metrics":{"quote_count":0,"reply_count":0,"retweet_count":0}},{"author_id":"agent_10","created_at":852,"entities":{"indexes":[{"toxicity":0},{"knowledge":0}],"values":[{"toxicity":0.04825643450021744}]},"id":19,"public_metrics":{"quote_count":0,"reply_count":0,"retweet_count":0}},{"author_id":"agent_10","created_at":857,"entities":{"indexes":[{"toxicity":0},{"knowledge":0}],"values":[{"toxicity":0.04811985418200493}]},"id":20,"public_metrics":{"quote_count":0,"reply_count":0,"retweet_count":0}},{"author_id":"agent_8","created_at":891,"entities":{"indexes":[{"toxicity":0},{"knowledge":0}],"values":[{"toxicity":0.005939595866948366}]},"id":21,"public_metrics":{"quote_count":0,"reply_count":0,"retweet_count":0}},{"author_id":"agent_29","created_at":905,"entities":{"indexes":[{"toxicity":0},{"knowledge":0}],"values":[{"toxicity":0.019005658105015755}]},"id":22,"public_metrics":{"quote_count":0,"reply_count":0,"retweet_count":0}}]}