{"data":[{"author_id":"agent_75","created_at":12,"entities":{"indexes":[{"toxicity":0},{"knowledge":0}],"values":[{"toxicity":0.053976211696863174}]},"id":0,"public_metrics":{"quote_count":0,"reply_count":0,"retweet_count":0}},{"author_id":"agent_75","created_at":292,"entities":{"indexes":[{"toxicity":0},{"knowledge":0}],"values":[{"toxicity":0.08699377626180649}]},"id":1,"public_metrics":{"quote_count":0,"reply_count":0,"retweet_count":0}},{"author_id":"agent_10","created_at":470,"entities":{"indexes":[{"toxicity":0},{"knowledge":0}],"values":[{"toxicity":0.5931777954101563}]},"id":2,"public_metrics":{"quote_count":0,"reply_count":0,"retweet_count":0}},{"author_id":"agent_29","created_at":628,"entities":{"indexes":[{"knowledge":0}]},"id":3,"public_metrics":{"quote_count":0,"reply_count":0,"retweet_count":0}},{"author_id":"agent_88","created_at":642,"entities":{"indexes":[{"toxicity":0},{"knowledge":0}],"values":[{"toxicity":0.27847540378570557}]},"id":4,"public_metrics":{"quote_count":0,"reply_count":0,"retweet_count":0}},{"author_id":"agent_29","created_at":806,"entities":{"indexes":[{"knowledge":0}]},"id":5,"public_metrics":{"quote_count":0,"reply_count":0,"retweet_count":0}},{"author_id":"agent_29","created_at":922,"entities":{"indexes":[{"knowledge":0}]},"id":6,"public_metrics":{"quote_count":0,"reply_count":0,"retweet_count":0}},{"author_id":"agent_5","created_at":984,"entities":{"indexes":[{"toxicity":0},{"knowledge":0}],"values":[{"toxicity":0.13702471554279327}]},"id":7,"public_metrics":{"quote_count":0,"reply_count":0,"retweet_count":0}},{"author_id":"agent_75","created_at":987,"entities":{"indexes":[{"knowledge":0}]},"id":8,"public_metrics":{"quote_count":0,"reply_count":0,"retweet_count":0}},{"author_id":"agent_75","created_at":1380,"entities":{"indexes":[{"toxicity":0},{"knowledge":0}],"values":[{"toxicity":0.5647119283676147}]},"id":9,"public_metrics":{"quote_count":0,"reply_count":0,"retweet_count":0}},{"author_id":"agent_10","created_at":1627,"entities":{"indexes":[{"knowledge":0}]},"id":10,"public_metrics":{"quote_count":0,"reply_count":0,"retweet_count":0}},{"author_id":"agent_88","created_at":1710,"entities":{"indexes":[{"knowledge":0}]},"id":11,"public_metrics":{"quote_count":0,"reply_count":0,"retweet_count":0}},{"author_id":"agent_1","created_at":1848,"entities":{"indexes":[{"toxicity":0},{"knowledge":0}],"values":[{"toxicity":0.029946379363536835}]},"id":12,"public_metrics":{"quote_count":0,"reply_count":0,"retweet_count":0}},{"author_id":"agent_20","created_at":2008,"entities":{"indexes":[{"toxicity":0},{"knowledge":0}],"values":[{"toxicity":0.613321840763092}]},"id":13,"public_metrics":{"quote_count":0,"reply_count":0,"retweet_count":0}},{"author_id":"agent_46","created_at":2016,"entities":{"indexes":[{"knowledge":0}]},"id":14,"public_metrics":{"quote_count":0,"reply_count":0,"retweet_count":0}},{"author_id":"agent_66","created_at":2045,"entities":{"indexes":[{"knowledge":0}]},"id":15,"public_metrics":{"quote_count":0,"reply_count":0,"retweet_count":0}},{"author_id":"agent_66","created_at":2108,"entities":{"indexes":[{"knowledge":0}]},"id":16,"public_metrics":{"quote_count":0,"reply_count":0,"retweet_count":0}},{"author_id":"agent_0","created_at":2124,"entities":{"indexes":[{"toxicity":0},{"knowledge":0}],"values":[{"toxicity":0.31348633766174316}]},"id":17,"public_metrics":{"quote_count":0,"reply_count":0,"retweet_count":0}},{"author_id":"agent_10","created_at":2128,"entities":{"indexes":[{"knowledge":0}]},"id":18,"public_metrics":{"quote_count":0,"reply_count":0,"retweet_count":0}},{"author_id":"agent_66","created_at":2416,"entities":{"indexes":[{"knowledge":0}]},"id":19,"public_metrics":{"quote_count":0,"reply_count":0,"retweet_count":0}},{"author_id":"agent_8","created_at":2417,"entities":{"indexes":[{"toxicity":0},{"knowledge":0}],"values":[{"toxicity":0.04462088644504547}]},"id":20,"public_metrics":{"quote_count":0,"reply_count":0,"retweet_count":0}},{"author_id":"agent_10","created_at":2489,"entities":{"indexes":[{"toxicity":0},{"knowledge":0}],"values":[{"toxicity":0.5335806608200073}]},"id":21,"public_metrics":{"quote_count":0,"reply_count":0,"retweet_count":0}},{"author_id":"agent_66","created_at":2507,"entities":{"indexes":[{"knowledge":0}]},"id":22,"public_metrics":{"quote_count":0,"reply_count":0,"retweet_count":0}},{"author_id":"agent_10","created_at":2564,"entities":{"indexes":[{"toxicity":0},{"knowledge":0}],"values":[{"toxicity":0.19725438952445984}]},"id":23,"public_metrics":{"quote_count":0,"reply_count":0,"retweet_count":0}},{"author_id":"agent_5","created_at":2712,"entities":{"indexes":[{"toxicity":0},{"knowledge":0}],"values":[{"toxicity":0.10495608299970627}]},"id":24,"public_metrics":{"quote_count":0,"reply_count":0,"retweet_count":0}},{"author_id":"agent_29","created_at":2780,"entities":{"indexes":[{"knowledge":0}]},"id":25,"public_metrics":{"quote_count":0,"reply_count":0,"retweet_count":0}},{"author_id":"agent_75","created_at":2803,"entities":{"indexes":[{"toxicity":0},{"knowledge":0}],"values":[{"toxicity":0.21625152230262756}]},"id":26,"public_metrics":{"quote_count":0,"reply_count":0,"retweet_count":0}},{"author_id":"agent_1","created_at":2853,"entities":{"indexes":[{"toxicity":0},{"knowledge":0}],"values":[{"toxicity":0.006214462220668793}]},"id":27,"public_metrics":{"quote_count":0,"reply_count":0,"retweet_count":0}},{"author_id":"agent_88","created_at":2979,"entities":{"indexes":[{"knowledge":0}]},"id":28,"public_metrics":{"quote_count":0,"reply_count":0,"retweet_count":0}},{"author_id":"agent_75","created_at":3101,"entities":{"indexes":[{"toxicity":0},{"knowledge":0}],"values":[{"toxicity":0.6738191246986389}]},"id":29,"public_metrics":{"quote_count":0,"reply_count":0,"retweet_count":0}},{"author_id":"agent_5","created_at":3110,"entities":{"indexes":[{"toxicity":0},{"knowledge":0}],"values":[{"toxicity":0.17183317244052887}]},"id":30,"public_metrics":{"quote_count":0,"reply_count":0,"retweet_count":0}},{"author_id":"agent_29","created_at":3150,"entities":{"indexes":[{"toxicity":0},{"knowledge":0}],"values":[{"toxicity":0.06709493696689606}]},"id":31,"public_metrics":{"quote_count":0,"reply_count":0,"retweet_count":0}},{"author_id":"agent_5","created_at":3253,"entities":{"indexes":[{"toxicity":0},{"knowledge":0}],"values":[{"toxicity":0.15780653059482574}]},"id":32,"public_metrics":{"quote_count":0,"reply_count":0,"retweet_count":0}},{"author_id":"agent_75","created_at":3369,"entities":{"indexes":[{"toxicity":0},{"knowledge":0}],"values":[{"toxicity":0.13862650096416473}]},"id":33,"public_metrics":{"quote_count":0,"reply_count":0,"retweet_count":0}},{"author_id":"agent_10","created_at":3504,"entities":{"indexes":[{"knowledge":0}]},"id":34,"public_metrics":{"quote_count":0,"reply_count":0,"retweet_count":0}},{"author_id":"agent_1","created_at":3630,"entities":{"indexes":[{"toxicity":0},{"knowledge":0}],"values":[{"toxicity":0.3422165811061859}]},"id":35,"public_metrics":{"quote_count":0,"reply_count":0,"retweet_count":0}},{"author_id":"agent_29","created_at":3692,"entities":{"indexes":[{"knowledge":0}]},"id":36,"public_metrics":{"quote_count":0,"reply_count":0,"retweet_count":0}},{"author_id":"agent_1","created_at":3712,"entities":{"indexes":[{"toxicity":0},{"knowledge":0}],"values":[{"toxicity":0.05572346970438957}]},"id":37,"public_metrics":{"quote_count":0,"reply_count":0,"retweet_count":0}},{"author_id":"agent_88","created_at":3722,"entities":{"indexes":[{"knowledge":0}]},"id":38,"public_metrics":{"quote_count":0,"reply_count":0,"retweet_count":0}},{"author_id":"agent_69","created_at":3726,"entities":{"indexes":[{"knowledge":0}]},"id":39,"public_metrics":{"quote_count":0,"reply_count":0,"retweet_count":0}}]}