{"data":[{"author_id":"agent_29","created_at":167,"entities":{"indexes":[{"toxicity":0},{"knowledge":0}],"values":[{"toxicity":0.04253752529621124}]},"id":0,"public_metrics":{"quote_count":0,"reply_count":0,"retweet_count":0}},{"author_id":"agent_20","created_at":217,"entities":{"indexes":[{"knowledge":0}]},"id":1,"public_metrics":{"quote_count":0,"reply_count":0,"retweet_count":0}},{"author_id":"agent_0","created_at":569,"entities":{"indexes":[{"toxicity":0},{"knowledge":0}],"values":[{"toxicity":0.017561357468366623}]},"id":2,"public_metrics":{"quote_count":0,"reply_count":0,"retweet_count":0}},{"author_id":"agent_10","created_at":863,"entities":{"indexes":[{"knowledge":0}]},"id":3,"public_metrics":{"quote_count":0,"reply_count":0,"retweet_count":0}},{"author_id":"agent_20","created_at":960,"entities":{"indexes":[{"toxicity":0},{"knowledge":0}],"values":[{"toxicity":0.053322650492191315}]},"id":4,"public_metrics":{"quote_count":0,"reply_count":0,"retweet_count":0}}]}