{"data":[{"author_id":"agent_10","created_at":4,"entities":{"indexes":[{"knowledge":0}]},"id":0,"public_metrics":{"quote_count":0,"reply_count":0,"retweet_count":0}},{"author_id":"agent_8","created_at":11,"entities":{"indexes":[{"toxicity":0},{"knowledge":0}],"values":[{"toxicity":0.0008962180581875145}]},"id":1,"public_metrics":{"quote_count":0,"reply_count":0,"retweet_count":0}},{"author_id":"agent_0","created_at":100,"entities":{"indexes":[{"knowledge":0}]},"id":2,"public_metrics":{"quote_count":0,"reply_count":0,"retweet_count":0}},{"author_id":"agent_10","created_at":100,"entities":{"indexes":[{"toxicity":0},{"knowledge":0}],"values":[{"toxicity":0.028762977570295334}]},"id":3,"public_metrics":{"quote_count":0,"reply_count":0,"retweet_count":0}},{"author_id":"agent_26","created_at":199,"entities":{"indexes":[{"knowledge":0}]},"id":4,"public_metrics":{"quote_count":0,"reply_count":0,"retweet_count":0}},{"author_id":"agent_1","created_at":273,"entities":{"indexes":[{"knowledge":0}]},"id":5,"public_metrics":{"quote_count":0,"reply_count":0,"retweet_count":0}},{"author_id":"agent_46","created_at":296,"entities":{"indexes":[{"knowledge":0}]},"id":6,"public_metrics":{"quote_count":0,"reply_count":0,"retweet_count":0}},{"author_id":"agent_10","created_at":315,"entities":{"indexes":[{"knowledge":0}]},"id":7,"public_metrics":{"quote_count":0,"reply_count":0,"retweet_count":0}},{"author_id":"agent_0","created_at":318,"entities":{"indexes":[{"knowledge":0}]},"id":8,"public_metrics":{"quote_count":0,"reply_count":0,"retweet_count":0}},{"author_id":"agent_46","created_at":345,"entities":{"indexes":[{"knowledge":0}]},"id":9,"public_metrics":{"quote_count":0,"reply_count":0,"retweet_count":0}},{"author_id":"agent_8","created_at":377,"entities":{"indexes":[{"toxicity":0},{"knowledge":0}],"values":[{"toxicity":0.0071896882727742195}]},"id":10,"public_metrics":{"quote_count":0,"reply_count":0,"retweet_count":0}},{"author_id":"agent_10","created_at":378,"entities":{"indexes":[{"knowledge":0}]},"id":11,"public_metrics":{"quote_count":0,"reply_count":0,"retweet_count":0}},{"author_id":"agent_1","created_at":399,"entities":{"indexes":[{"toxicity":0},{"knowledge":0}],"values":[{"toxicity":0.04130690544843674}]},"id":12,"public_metrics":{"quote_count":0,"reply_count":0,"retweet_count":0}},{"author_id":"agent_20","created_at":426,"entities":{"indexes":[{"knowledge":0}]},"id":13,"public_metrics":{"quote_count":0,"reply_count":0,"retweet_count":0}},{"author_id":"agent_5","created_at":462,"entities":{"indexes":[{"knowledge":0}]},"id":14,"public_metrics":{"quote_count":0,"reply_count":0,"retweet_count":0}},{"author_id":"agent_1","created_at":466,"entities":{"indexes":[{"toxicity":0},{"knowledge":0}],"values":[{"toxicity":0.04981965199112892}]},"id":15,"public_metrics":{"quote_count":0,"reply_count":0,"retweet_count":0}},{"author_id":"agent_1","created_at":470,"entities":{"indexes":[{"knowledge":0}]},"id":16,"public_metrics":{"quote_count":0,"reply_count":0,"retweet_count":0}},{"author_id":"agent_26","created_at":560,"entities":{"indexes":[{"knowledge":0}]},"id":17,"public_metrics":{"quote_count":0,"reply_count":0,"retweet_count":0}},{"author_id":"agent_47","created_at":575,"entities":{"indexes":[{"toxicity":0},{"knowledge":0}],"values":[{"toxicity":0.09840268641710281}]},"id":18,"public_metrics":{"quote_count":0,"reply_count":0,"retweet_count":0}},{"author_id":"agent_1","created_at":579,"entities":{"indexes":[{"toxicity":0},{"knowledge":0}],"values":[{"toxicity":0.008860228583216667}]},"id":19,"public_metrics":{"quote_count":0,"reply_count":0,"retweet_count":0}},{"author_id":"agent_0","created_at":580,"entities":{"indexes":[{"knowledge":0}]},"id":20,"public_metrics":{"quote_count":0,"reply_count":0,"retweet_count":0}},{"author_id":"agent_5","created_at":593,"entities":{"indexes":[{"knowledge":0}]},"id":21,"public_metrics":{"quote_count":0,"reply_count":0,"retweet_count":0}},{"author_id":"agent_1","created_at":607,"entities":{"indexes":[{"toxicity":0},{"knowledge":0}],"values":[{"toxicity":0.09281739592552185}]},"id":22,"public_metrics":{"quote_count":0,"reply_count":0,"retweet_count":0}},{"author_id":"agent_8","created_at":643,"entities":{"indexes":[{"toxicity":0},{"knowledge":0}],"values":[{"toxicity":0.00027341314125806093}]},"id":23,"public_metrics":{"quote_count":0,"reply_count":0,"retweet_count":0}},{"author_id":"agent_47","created_at":719,"entities":{"indexes":[{"toxicity":0},{"knowledge":0}],"values":[{"toxicity":0.7943676114082336}]},"id":24,"public_metrics":{"quote_count":0,"reply_count":0,"retweet_count":0}},{"author_id":"agent_1","created_at":727,"entities":{"indexes":[{"knowledge":0}]},"id":25,"public_metrics":{"quote_count":0,"reply_count":0,"retweet_count":0}},{"author_id":"agent_0","created_at":735,"entities":{"indexes":[{"knowledge":0}]},"id":26,"public_metrics":{"quote_count":0,"reply_count":0,"retweet_count":0}},{"author_id":"agent_1","created_at":757,"entities":{"indexes":[{"toxicity":0},{"knowledge":0}],"values":[{"toxicity":0.005672716535627842}]},"id":27,"public_metrics":{"quote_count":0,"reply_count":0,"retweet_count":0}},{"author_id":"agent_26","created_at":772,"entities":{"indexes":[{"knowledge":0}]},"id":28,"public_metrics":{"quote_count":0,"reply_count":0,"retweet_count":0}},{"author_id":"agent_20","created_at":799,"entities":{"indexes":[{"knowledge":0}]},"id":29,"public_metrics":{"quote_count":0,"reply_count":0,"retweet_count":0}},{"author_id":"agent_1","created_at":800,"entities":{"indexes":[{"toxicity":0},{"knowledge":0}],"values":[{"toxicity":0.08378898352384567}]},"id":30,"public_metrics":{"quote_count":0,"reply_count":0,"retweet_count":0}},{"author_id":"agent_8","created_at":835,"entities":{"indexes":[{"knowledge":0}]},"id":31,"public_metrics":{"quote_count":0,"reply_count":0,"retweet_count":0}},{"author_id":"agent_0","created_at":853,"entities":{"indexes":[{"knowledge":0}]},"id":32,"public_metrics":{"quote_count":0,"reply_count":0,"retweet_count":0}},{"author_id":"agent_1","created_at":874,"entities":{"indexes":[{"knowledge":0}]},"id":33,"public_metrics":{"quote_count":0,"reply_count":0,"retweet_count":0}},{"author_id":"agent_5","created_at":877,"entities":{"indexes":[{"knowledge":0}]},"id":34,"public_metrics":{"quote_count":0,"reply_count":0,"retweet_count":0}},{"author_id":"agent_20","created_at":908,"entities":{"indexes":[{"knowledge":0}]},"id":35,"public_metrics":{"quote_count":0,"reply_count":0,"retweet_count":0}},{"author_id":"agent_0","created_at":924,"entities":{"indexes":[{"toxicity":0},{"knowledge":0}],"values":[{"toxicity":0.014067601412534714}]},"id":36,"public_metrics":{"quote_count":0,"reply_count":0,"retweet_count":0}},{"author_id":"agent_8","created_at":976,"entities":{"indexes":[{"toxicity":0},{"knowledge":0}],"values":[{"toxicity":0.006942910607904196}]},"id":37,"public_metrics":{"quote_count":0,"reply_count":0,"retweet_count":0}}]}