{"data":[{"author_id":"agent_46","created_at":24,"entities":{"indexes":[{"knowledge":0}]},"id":0,"public_metrics":{"quote_count":0,"reply_count":0,"retweet_count":0}},{"author_id":"agent_8","created_at":32,"entities":{"indexes":[{"knowledge":0}]},"id":1,"public_metrics":{"quote_count":0,"reply_count":0,"retweet_count":0}},{"author_id":"agent_5","created_at":46,"entities":{"indexes":[{"knowledge":0}]},"id":2,"public_metrics":{"quote_count":0,"reply_count":0,"retweet_count":0}},{"author_id":"agent_0","created_at":83,"entities":{"indexes":[{"toxicity":0},{"knowledge":0}],"values":[{"toxicity":0.15153147280216217}]},"id":3,"public_metrics":{"quote_count":0,"reply_count":0,"retweet_count":0}},{"author_id":"agent_48","created_at":143,"entities":{"indexes":[{"toxicity":0},{"knowledge":0}],"values":[{"toxicity":0.4285675287246704}]},"id":4,"public_metrics":{"quote_count":0,"reply_count":0,"retweet_count":0}},{"author_id":"agent_39","created_at":232,"entities":{"indexes":[{"toxicity":0},{"knowledge":0}],"values":[{"toxicity":0.4042041003704071}]},"id":5,"public_metrics":{"quote_count":0,"reply_count":0,"retweet_count":0}},{"author_id":"agent_39","created_at":251,"entities":{"indexes":[{"knowledge":0}]},"id":6,"public_metrics":{"quote_count":0,"reply_count":0,"retweet_count":0}},{"author_id":"agent_65","created_at":327,"entities":{"indexes":[{"knowledge":0}]},"id":7,"public_metrics":{"quote_count":0,"reply_count":0,"retweet_count":0}},{"author_id":"agent_10","created_at":396,"entities":{"indexes":[{"toxicity":0},{"knowledge":0}],"values":[{"toxicity":0.08192785829305649}]},"id":8,"public_metrics":{"quote_count":0,"reply_count":0,"retweet_count":0}},{"author_id":"agent_51","created_at":433,"entities":{"indexes":[{"knowledge":0}]},"id":9,"public_metrics":{"quote_count":0,"reply_count":0,"retweet_count":0}},{"author_id":"agent_51","created_at":439,"entities":{"indexes":[{"knowledge":0}]},"id":10,"public_metrics":{"quote_count":0,"reply_count":0,"retweet_count":0}},{"author_id":"agent_74","created_at":486,"entities":{"indexes":[{"knowledge":0}]},"id":11,"public_metrics":{"quote_count":0,"reply_count":0,"retweet_count":0}},{"author_id":"agent_66","created_at":512,"entities":{"indexes":[{"knowledge":0}]},"id":12,"public_metrics":{"quote_count":0,"reply_count":0,"retweet_count":0}},{"author_id":"agent_93","created_at":522,"entities":{"indexes":[{"knowledge":0}]},"id":13,"public_metrics":{"quote_count":0,"reply_count":0,"retweet_count":0}},{"author_id":"agent_65","created_at":538,"entities":{"indexes":[{"knowledge":0}]},"id":14,"public_metrics":{"quote_count":0,"reply_count":0,"retweet_count":0}},{"author_id":"agent_20","created_at":558,"entities":{"indexes":[{"knowledge":0}]},"id":15,"public_metrics":{"quote_count":0,"reply_count":0,"retweet_count":0}},{"author_id":"agent_67","created_at":616,"entities":{"indexes":[{"knowledge":0}]},"id":16,"public_metrics":{"quote_count":0,"reply_count":0,"retweet_count":0}},{"author_id":"agent_65","created_at":659,"entities":{"indexes":[{"knowledge":0}]},"id":17,"public_metrics":{"quote_count":0,"reply_count":0,"retweet_count":0}},{"author_id":"agent_26","created_at":671,"entities":{"indexes":[{"knowledge":0}]},"id":18,"public_metrics":{"quote_count":0,"reply_count":0,"retweet_count":0}},{"author_id":"agent_97","created_at":766,"entities":{"indexes":[{"knowledge":0}]},"id":19,"public_metrics":{"quote_count":0,"reply_count":0,"retweet_count":0}},{"author_id":"agent_82","created_at":788,"entities":{"indexes":[{"knowledge":0}]},"id":20,"public_metrics":{"quote_count":0,"reply_count":0,"retweet_count":0}},{"author_id":"agent_69","created_at":795,"entities":{"indexes":[{"knowledge":0}]},"id":21,"public_metrics":{"quote_count":0,"reply_count":0,"retweet_count":0}},{"author_id":"agent_46","created_at":897,"entities":{"indexes":[{"knowledge":0}]},"id":22,"public_metrics":{"quote_count":0,"reply_count":0,"retweet_count":0}},{"author_id":"agent_47","created_at":925,"entities":{"indexes":[{"knowledge":0}]},"id":23,"public_metrics":{"quote_count":0,"reply_count":0,"retweet_count":0}},{"author_id":"agent_5","created_at":996,"entities":{"indexes":[{"knowledge":0}]},"id":24,"public_metrics":{"quote_count":0,"reply_count":0,"retweet_count":0}},{"author_id":"agent_50","created_at":1003,"entities":{"indexes":[{"knowledge":0}]},"id":25,"public_metrics":{"quote_count":0,"reply_count":0,"retweet_count":0}},{"author_id":"agent_50","created_at":1128,"entities":{"indexes":[{"knowledge":0}]},"id":26,"public_metrics":{"quote_count":0,"reply_count":0,"retweet_count":0}},{"author_id":"agent_94","created_at":1131,"entities":{"indexes":[{"knowledge":0}]},"id":27,"public_metrics":{"quote_count":0,"reply_count":0,"retweet_count":0}},{"author_id":"agent_10","created_at":1191,"entities":{"indexes":[{"toxicity":0},{"knowledge":0}],"values":[{"toxicity":0.5912929177284241}]},"id":28,"public_metrics":{"quote_count":0,"reply_count":0,"retweet_count":0}},{"author_id":"agent_5","created_at":1284,"entities":{"indexes":[{"knowledge":0}]},"id":29,"public_metrics":{"quote_count":0,"reply_count":0,"retweet_count":0}},{"author_id":"agent_65","created_at":1292,"entities":{"indexes":[{"knowledge":0}]},"id":30,"public_metrics":{"quote_count":0,"reply_count":0,"retweet_count":0}},{"author_id":"agent_75","created_at":1307,"entities":{"indexes":[{"toxicity":0},{"knowledge":0}],"values":[{"toxicity":0.3250229060649872}]},"id":31,"public_metrics":{"quote_count":0,"reply_count":0,"retweet_count":0}},{"author_id":"agent_78","created_at":1311,"entities":{"indexes":[{"knowledge":0}]},"id":32,"public_metrics":{"quote_count":0,"reply_count":0,"retweet_count":0}},{"author_id":"agent_47","created_at":1332,"entities":{"indexes":[{"toxicity":0},{"knowledge":0}],"values":[{"toxicity":0.03837087005376816}]},"id":33,"public_metrics":{"quote_count":0,"reply_count":0,"retweet_count":0}},{"author_id":"agent_51","created_at":1369,"entities":{"indexes":[{"knowledge":0}]},"id":34,"public_metrics":{"quote_count":0,"reply_count":0,"retweet_count":0}},{"author_id":"agent_39","created_at":1467,"entities":{"indexes":[{"knowledge":0}]},"id":35,"public_metrics":{"quote_count":0,"reply_count":0,"retweet_count":0}},{"author_id":"agent_69","created_at":1473,"entities":{"indexes":[{"toxicity":0},{"knowledge":0}],"values":[{"toxicity":0.09293437749147415}]},"id":36,"public_metrics":{"quote_count":0,"reply_count":0,"retweet_count":0}},{"author_id":"agent_93","created_at":1611,"entities":{"indexes":[{"knowledge":0}]},"id":37,"public_metrics":{"quote_count":0,"reply_count":0,"retweet_count":0}},{"author_id":"agent_95","created_at":1654,"entities":{"indexes":[{"knowledge":0}]},"id":38,"public_metrics":{"quote_count":0,"reply_count":0,"retweet_count":0}},{"author_id":"agent_26","created_at":1703,"entities":{"indexes":[{"knowledge":0}]},"id":39,"public_metrics":{"quote_count":0,"reply_count":0,"retweet_count":0}},{"author_id":"agent_51","created_at":1831,"entities":{"indexes":[{"knowledge":0}]},"id":40,"public_metrics":{"quote_count":0,"reply_count":0,"retweet_count":0}},{"author_id":"agent_29","created_at":1860,"entities":{"indexes":[{"knowledge":0}]},"id":41,"public_metrics":{"quote_count":0,"reply_count":0,"retweet_count":0}},{"author_id":"agent_29","created_at":1931,"entities":{"indexes":[{"knowledge":0}]},"id":42,"public_metrics":{"quote_count":0,"reply_count":0,"retweet_count":0}},{"author_id":"agent_78","created_at":2036,"entities":{"indexes":[{"toxicity":0},{"knowledge":0}],"values":[{"toxicity":0.01762448437511921}]},"id":43,"public_metrics":{"quote_count":0,"reply_count":0,"retweet_count":0}},{"author_id":"agent_8","created_at":2043,"entities":{"indexes":[{"knowledge":0}]},"id":44,"public_metrics":{"quote_count":0,"reply_count":0,"retweet_count":0}},{"author_id":"agent_79","created_at":2092,"entities":{"indexes":[{"knowledge":0}]},"id":45,"public_metrics":{"quote_count":0,"reply_count":0,"retweet_count":0}},{"author_id":"agent_39","created_at":2116,"entities":{"indexes":[{"knowledge":0}]},"id":46,"public_metrics":{"quote_count":0,"reply_count":0,"retweet_count":0}},{"author_id":"agent_29","created_at":2128,"entities":{"indexes":[{"toxicity":0},{"knowledge":0}],"values":[{"toxicity":0.039833445101976395}]},"id":47,"public_metrics":{"quote_count":0,"reply_count":0,"retweet_count":0}},{"author_id":"agent_48","created_at":2160,"entities":{"indexes":[{"knowledge":0}]},"id":48,"public_metrics":{"quote_count":0,"reply_count":0,"retweet_count":0}},{"author_id":"agent_66","created_at":2173,"entities":{"indexes":[{"knowledge":0}]},"id":49,"public_metrics":{"quote_count":0,"reply_count":0,"retweet_count":0}},{"author_id":"agent_78","created_at":2242,"entities":{"indexes":[{"knowledge":0}]},"id":50,"public_metrics":{"quote_count":0,"reply_count":0,"retweet_count":0}},{"author_id":"agent_95","created_at":2257,"entities":{"indexes":[{"toxicity":0},{"knowledge":0}],"values":[{"toxicity":0.01592445559799671}]},"id":51,"public_metrics":{"quote_count":0,"reply_count":0,"retweet_count":0}},{"author_id":"agent_95","created_at":2307,"entities":{"indexes":[{"knowledge":0}]},"id":52,"public_metrics":{"quote_count":0,"reply_count":0,"retweet_count":0}},{"author_id":"agent_66","created_at":2333,"entities":{"indexes":[{"knowledge":0}]},"id":53,"public_metrics":{"quote_count":0,"reply_count":0,"retweet_count":0}},{"author_id":"agent_26","created_at":2370,"entities":{"indexes":[{"knowledge":0}]},"id":54,"public_metrics":{"quote_count":0,"reply_count":0,"retweet_count":0}},{"author_id":"agent_51","created_at":2554,"entities":{"indexes":[{"toxicity":0},{"knowledge":0}],"values":[{"toxicity":0.008126484230160713}]},"id":55,"public_metrics":{"quote_count":0,"reply_count":0,"retweet_count":0}},{"author_id":"agent_78","created_at":2576,"entities":{"indexes":[{"knowledge":0}]},"id":56,"public_metrics":{"quote_count":0,"reply_count":0,"retweet_count":0}},{"author_id":"agent_65","created_at":2609,"entities":{"indexes":[{"knowledge":0}]},"id":57,"public_metrics":{"quote_count":0,"reply_count":0,"retweet_count":0}},{"author_id":"agent_61","created_at":2693,"entities":{"indexes":[{"knowledge":0}]},"id":58,"public_metrics":{"quote_count":0,"reply_count":0,"retweet_count":0}},{"author_id":"agent_29","created_at":2991,"entities":{"indexes":[{"knowledge":0}]},"id":59,"public_metrics":{"quote_count":0,"reply_count":0,"retweet_count":0}},{"author_id":"agent_8","created_at":3170,"entities":{"indexes":[{"knowledge":0}]},"id":60,"public_metrics":{"quote_count":0,"reply_count":0,"retweet_count":0}},{"author_id":"agent_8","created_at":3171,"entities":{"indexes":[{"knowledge":0}]},"id":61,"public_metrics":{"quote_count":0,"reply_count":0,"retweet_count":0}},{"author_id":"agent_65","created_at":3179,"entities":{"indexes":[{"knowledge":0}]},"id":62,"public_metrics":{"quote_count":0,"reply_count":0,"retweet_count":0}},{"author_id":"agent_48","created_at":3199,"entities":{"indexes":[{"knowledge":0}]},"id":63,"public_metrics":{"quote_count":0,"reply_count":0,"retweet_count":0}},{"author_id":"agent_8","created_at":3214,"entities":{"indexes":[{"knowledge":0}]},"id":64,"public_metrics":{"quote_count":0,"reply_count":0,"retweet_count":0}},{"author_id":"agent_69","created_at":3249,"entities":{"indexes":[{"knowledge":0}]},"id":65,"public_metrics":{"quote_count":0,"reply_count":0,"retweet_count":0}},{"author_id":"agent_8","created_at":3305,"entities":{"indexes":[{"knowledge":0}]},"id":66,"public_metrics":{"quote_count":0,"reply_count":0,"retweet_count":0}},{"author_id":"agent_29","created_at":3342,"entities":{"indexes":[{"knowledge":0}]},"id":67,"public_metrics":{"quote_count":0,"reply_count":0,"retweet_count":0}},{"author_id":"agent_8","created_at":3397,"entities":{"indexes":[{"toxicity":0},{"knowledge":0}],"values":[{"toxicity":0.026470182463526726}]},"id":68,"public_metrics":{"quote_count":0,"reply_count":0,"retweet_count":0}},{"author_id":"agent_79","created_at":3400,"entities":{"indexes":[{"knowledge":0}]},"id":69,"public_metrics":{"quote_count":0,"reply_count":0,"retweet_count":0}},{"author_id":"agent_8","created_at":3531,"entities":{"indexes":[{"toxicity":0},{"knowledge":0}],"values":[{"toxicity":0.5534444451332092}]},"id":70,"public_metrics":{"quote_count":0,"reply_count":0,"retweet_count":0}},{"author_id":"agent_74","created_at":3653,"entities":{"indexes":[{"knowledge":0}]},"id":71,"public_metrics":{"quote_count":0,"reply_count":0,"retweet_count":0}},{"author_id":"agent_47","created_at":3791,"entities":{"indexes":[{"knowledge":0}]},"id":72,"public_metrics":{"quote_count":0,"reply_count":0,"retweet_count":0}},{"author_id":"agent_93","created_at":3825,"entities":{"indexes":[{"knowledge":0}]},"id":73,"public_metrics":{"quote_count":0,"reply_count":0,"retweet_count":0}}]}