platform,timestamp,author,author_toxicity,toxicity,knowledge,platform_model name,platform_network name,platform_interval time duration,platform_maximum post inactivity,platform_toxicity threshold,platform_full ban,platform_partial ban,platform_warning,platform_remove content,platform_network ban threshold,platform_network warning threshold,platform_moderation miss probability,platform_partial ban length
1,7,agent_0,0.345154,0.02348458208143711,0,Toxic Model 1,Network1,0.1,24.0,0.05,true,true,true,true,1,1,0.2,6
1,7,agent_0,0.345154,,0,Toxic Model 1,Network1,0.1,24.0,0.05,true,true,true,true,1,1,0.2,6
1,8,agent_1,0.352114,,0,Toxic Model 1,Network1,0.1,24.0,0.05,true,true,true,true,1,1,0.2,6
1,9,agent_1,0.352114,0.0410672165453434,0,Toxic Model 1,Network1,0.1,24.0,0.05,true,true,true,true,1,1,0.2,6
1,10,agent_2,0.00567196,,0,Toxic Model 1,Network1,0.1,24.0,0.05,true,true,true,true,1,1,0.2,6
1,10,agent_4,0.905018,,0,Toxic Model 1,Network1,0.1,24.0,0.05,true,true,true,true,1,1,0.2,6
1,10,agent_2,0.00567196,0.0019427576335147023,0,Toxic Model 1,Network1,0.1,24.0,0.05,true,true,true,true,1,1,0.2,6
1,11,agent_2,0.00567196,,0,Toxic Model 1,Network1,0.1,24.0,0.05,true,true,true,true,1,1,0.2,6
1,11,agent_5,0.212172,0.002391874324530363,0,Toxic Model 1,Network1,0.1,24.0,0.05,true,true,true,true,1,1,0.2,6
1,12,agent_0,0.345154,0.20407602190971375,0,Toxic Model 1,Network1,0.1,24.0,0.05,true,true,true,true,1,1,0.2,6
1,17,agent_2,0.00567196,0.003848029300570488,0,Toxic Model 1,Network1,0.1,24.0,0.05,true,true,true,true,1,1,0.2,6
1,17,agent_1,0.352114,,0,Toxic Model 1,Network1,0.1,24.0,0.05,true,true,true,true,1,1,0.2,6
1,20,agent_2,0.00567196,,0,Toxic Model 1,Network1,0.1,24.0,0.05,true,true,true,true,1,1,0.2,6
1,22,agent_1,0.352114,0.020167728886008263,0,Toxic Model 1,Network1,0.1,24.0,0.05,true,true,true,true,1,1,0.2,6
1,22,agent_2,0.00567196,,0,Toxic Model 1,Network1,0.1,24.0,0.05,true,true,true,true,1,1,0.2,6
1,22,agent_51,0.0698596,0.04866064712405205,0,Toxic Model 1,Network1,0.1,24.0,0.05,true,true,true,true,1,1,0.2,6
1,30,agent_3,0.240072,,0,Toxic Model 1,Network1,0.1,24.0,0.05,true,true,true,true,1,1,0.2,6
1,31,agent_3,0.240072,,0,Toxic Model 1,Network1,0.1,24.0,0.05,true,true,true,true,1,1,0.2,6
1,34,agent_2,0.00567196,,0,Toxic Model 1,Network1,0.1,24.0,0.05,true,true,true,true,1,1,0.2,6
1,35,agent_2,0.00567196,,0,Toxic Model 1,Network1,0.1,24.0,0.05,true,true,true,true,1,1,0.2,6
1,37,agent_2,0.00567196,0.005228081252425909,0,Toxic Model 1,Network1,0.1,24.0,0.05,true,true,true,true,1,1,0.2,6
1,40,agent_2,0.00567196,0.004365448374301195,0,Toxic Model 1,Network1,0.1,24.0,0.05,true,true,true,true,1,1,0.2,6
1,40,agent_2,0.00567196,,0,Toxic Model 1,Network1,0.1,24.0,0.05,true,true,true,true,1,1,0.2,6
1,40,agent_2,0.00567196,,0,Toxic Model 1,Network1,0.1,24.0,0.05,true,true,true,true,1,1,0.2,6
1,44,agent_2,0.00567196,0.0033974351827055216,0,Toxic Model 1,Network1,0.1,24.0,0.05,true,true,true,true,1,1,0.2,6
1,48,agent_2,0.00567196,,0,Toxic Model 1,Network1,0.1,24.0,0.05,true,true,true,true,1,1,0.2,6
1,48,agent_2,0.00567196,0.005062810145318508,0,Toxic Model 1,Network1,0.1,24.0,0.05,true,true,true,true,1,1,0.2,6
1,50,agent_2,0.00567196,0.0019070911221206188,0,Toxic Model 1,Network1,0.1,24.0,0.05,true,true,true,true,1,1,0.2,6
1,52,agent_2,0.00567196,0.0056144664995372295,0,Toxic Model 1,Network1,0.1,24.0,0.05,true,true,true,true,1,1,0.2,6
1,54,agent_2,0.00567196,0.0017423846293240786,0,Toxic Model 1,Network1,0.1,24.0,0.05,true,true,true,true,1,1,0.2,6
1,63,agent_2,0.00567196,0.000295349134830758,0,Toxic Model 1,Network1,0.1,24.0,0.05,true,true,true,true,1,1,0.2,6
1,63,agent_2,0.00567196,0.0012865157332271338,0,Toxic Model 1,Network1,0.1,24.0,0.05,true,true,true,true,1,1,0.2,6
1,67,agent_2,0.00567196,0.0010633941274136305,0,Toxic Model 1,Network1,0.1,24.0,0.05,true,true,true,true,1,1,0.2,6
1,70,agent_2,0.00567196,0.0030120983719825745,0,Toxic Model 1,Network1,0.1,24.0,0.05,true,true,true,true,1,1,0.2,6
1,75,agent_2,0.00567196,0.002330991206690669,0,Toxic Model 1,Network1,0.1,24.0,0.05,true,true,true,true,1,1,0.2,6
1,77,agent_2,0.00567196,0.0017850701697170734,0,Toxic Model 1,Network1,0.1,24.0,0.05,true,true,true,true,1,1,0.2,6
1,80,agent_2,0.00567196,,0,Toxic Model 1,Network1,0.1,24.0,0.05,true,true,true,true,1,1,0.2,6
1,81,agent_2,0.00567196,,0,Toxic Model 1,Network1,0.1,24.0,0.05,true,true,true,true,1,1,0.2,6
1,84,agent_2,0.00567196,,0,Toxic Model 1,Network1,0.1,24.0,0.05,true,true,true,true,1,1,0.2,6
1,86,agent_2,0.00567196,0.0031621777452528477,0,Toxic Model 1,Network1,0.1,24.0,0.05,true,true,true,true,1,1,0.2,6
1,86,agent_2,0.00567196,0.0013075161259621382,0,Toxic Model 1,Network1,0.1,24.0,0.05,true,true,true,true,1,1,0.2,6
1,90,agent_2,0.00567196,,0,Toxic Model 1,Network1,0.1,24.0,0.05,true,true,true,true,1,1,0.2,6
1,97,agent_2,0.00567196,0.0034503352362662554,0,Toxic Model 1,Network1,0.1,24.0,0.05,true,true,true,true,1,1,0.2,6
1,101,agent_2,0.00567196,0.0023984636645764112,0,Toxic Model 1,Network1,0.1,24.0,0.05,true,true,true,true,1,1,0.2,6
1,101,agent_2,0.00567196,0.0024008266627788544,0,Toxic Model 1,Network1,0.1,24.0,0.05,true,true,true,true,1,1,0.2,6
1,101,agent_2,0.00567196,0.003965225536376238,0,Toxic Model 1,Network1,0.1,24.0,0.05,true,true,true,true,1,1,0.2,6
1,101,agent_2,0.00567196,0.000942049256991595,0,Toxic Model 1,Network1,0.1,24.0,0.05,true,true,true,true,1,1,0.2,6
1,101,agent_2,0.00567196,0.00297182216309011,0,Toxic Model 1,Network1,0.1,24.0,0.05,true,true,true,true,1,1,0.2,6
1,107,agent_29,0.337464,,0,Toxic Model 1,Network1,0.1,24.0,0.05,true,true,true,true,1,1,0.2,6
1,107,agent_2,0.00567196,0.002904067747294903,0,Toxic Model 1,Network1,0.1,24.0,0.05,true,true,true,true,1,1,0.2,6
1,111,agent_2,0.00567196,0.004324452951550484,0,Toxic Model 1,Network1,0.1,24.0,0.05,true,true,true,true,1,1,0.2,6
1,113,agent_2,0.00567196,0.0009544818894937634,0,Toxic Model 1,Network1,0.1,24.0,0.05,true,true,true,true,1,1,0.2,6
1,115,agent_2,0.00567196,,0,Toxic Model 1,Network1,0.1,24.0,0.05,true,true,true,true,1,1,0.2,6
1,121,agent_2,0.00567196,0.0028281810227781534,0,Toxic Model 1,Network1,0.1,24.0,0.05,true,true,true,true,1,1,0.2,6
1,127,agent_2,0.00567196,0.0020812763832509518,0,Toxic Model 1,Network1,0.1,24.0,0.05,true,true,true,true,1,1,0.2,6
1,127,agent_2,0.00567196,,0,Toxic Model 1,Network1,0.1,24.0,0.05,true,true,true,true,1,1,0.2,6
1,127,agent_2,0.00567196,0.0019588430877774954,0,Toxic Model 1,Network1,0.1,24.0,0.05,true,true,true,true,1,1,0.2,6
1,129,agent_2,0.00567196,0.0017421484226360917,0,Toxic Model 1,Network1,0.1,24.0,0.05,true,true,true,true,1,1,0.2,6
1,132,agent_29,0.337464,,0,Toxic Model 1,Network1,0.1,24.0,0.05,true,true,true,true,1,1,0.2,6
1,135,agent_51,0.0698596,,0,Toxic Model 1,Network1,0.1,24.0,0.05,true,true,true,true,1,1,0.2,6
1,138,agent_8,0.821175,,0,Toxic Model 1,Network1,0.1,24.0,0.05,true,true,true,true,1,1,0.2,6
1,222,agent_29,0.337464,,0,Toxic Model 1,Network1,0.1,24.0,0.05,true,true,true,true,1,1,0.2,6
1,242,agent_66,0.798684,,0,Toxic Model 1,Network1,0.1,24.0,0.05,true,true,true,true,1,1,0.2,6
1,252,agent_8,0.821175,,0,Toxic Model 1,Network1,0.1,24.0,0.05,true,true,true,true,1,1,0.2,6
1,261,agent_46,0.416256,,0,Toxic Model 1,Network1,0.1,24.0,0.05,true,true,true,true,1,1,0.2,6
