platform,timestamp,author,author_toxicity,toxicity,knowledge,platform_model name,platform_network name,platform_interval time duration,platform_maximum post inactivity,platform_toxicity threshold,platform_full ban,platform_partial ban,platform_warning,platform_remove content,platform_network ban threshold,platform_network warning threshold,platform_moderation miss probability,platform_partial ban length
3,5,agent_0,0.345154,,0,Toxic Model 3,Network3,0.1,24.0,0.4,false,true,true,false,2,1,0.6,6
3,5,agent_0,0.345154,,0,Toxic Model 3,Network3,0.1,24.0,0.4,false,true,true,false,2,1,0.6,6
3,8,agent_4,0.905018,0.6304927468299866,0,Toxic Model 3,Network3,0.1,24.0,0.4,false,true,true,false,2,1,0.6,6
3,9,agent_4,0.905018,0.4601634442806244,0,Toxic Model 3,Network3,0.1,24.0,0.4,false,true,true,false,2,1,0.6,6
3,10,agent_2,0.00567196,0.005095565691590309,0,Toxic Model 3,Network3,0.1,24.0,0.4,false,true,true,false,2,1,0.6,6
3,12,agent_0,0.345154,0.0060505494475364685,0,Toxic Model 3,Network3,0.1,24.0,0.4,false,true,true,false,2,1,0.6,6
3,15,agent_2,0.00567196,,0,Toxic Model 3,Network3,0.1,24.0,0.4,false,true,true,false,2,1,0.6,6
3,19,agent_2,0.00567196,0.0013423709897324443,0,Toxic Model 3,Network3,0.1,24.0,0.4,false,true,true,false,2,1,0.6,6
3,19,agent_2,0.00567196,,0,Toxic Model 3,Network3,0.1,24.0,0.4,false,true,true,false,2,1,0.6,6
3,20,agent_0,0.345154,0.08742542564868927,0,Toxic Model 3,Network3,0.1,24.0,0.4,false,true,true,false,2,1,0.6,6
3,21,agent_0,0.345154,0.08561790734529495,0,Toxic Model 3,Network3,0.1,24.0,0.4,false,true,true,false,2,1,0.6,6
3,22,agent_0,0.345154,,0,Toxic Model 3,Network3,0.1,24.0,0.4,false,true,true,false,2,1,0.6,6
3,25,agent_0,0.345154,0.24640962481498718,0,Toxic Model 3,Network3,0.1,24.0,0.4,false,true,true,false,2,1,0.6,6
3,27,agent_0,0.345154,0.24232842028141022,0,Toxic Model 3,Network3,0.1,24.0,0.4,false,true,true,false,2,1,0.6,6
3,27,agent_1,0.352114,,0,Toxic Model 3,Network3,0.1,24.0,0.4,false,true,true,false,2,1,0.6,6
3,27,agent_1,0.352114,0.31572073698043823,0,Toxic Model 3,Network3,0.1,24.0,0.4,false,true,true,false,2,1,0.6,6
3,27,agent_1,0.352114,0.0186961367726326,0,Toxic Model 3,Network3,0.1,24.0,0.4,false,true,true,false,2,1,0.6,6
3,28,agent_2,0.00567196,0.0008383969543501735,0,Toxic Model 3,Network3,0.1,24.0,0.4,false,true,true,false,2,1,0.6,6
3,28,agent_66,0.798684,0.39286473393440247,0,Toxic Model 3,Network3,0.1,24.0,0.4,false,true,true,false,2,1,0.6,6
3,31,agent_0,0.345154,0.27436885237693787,0,Toxic Model 3,Network3,0.1,24.0,0.4,false,true,true,false,2,1,0.6,6
3,32,agent_0,0.345154,,0,Toxic Model 3,Network3,0.1,24.0,0.4,false,true,true,false,2,1,0.6,6
3,33,agent_0,0.345154,,0,Toxic Model 3,Network3,0.1,24.0,0.4,false,true,true,false,2,1,0.6,6
3,34,agent_0,0.345154,,0,Toxic Model 3,Network3,0.1,24.0,0.4,false,true,true,false,2,1,0.6,6
3,36,agent_0,0.345154,,0,Toxic Model 3,Network3,0.1,24.0,0.4,false,true,true,false,2,1,0.6,6
3,38,agent_0,0.345154,,0,Toxic Model 3,Network3,0.1,24.0,0.4,false,true,true,false,2,1,0.6,6
3,39,agent_1,0.352114,,0,Toxic Model 3,Network3,0.1,24.0,0.4,false,true,true,false,2,1,0.6,6
3,39,agent_0,0.345154,0.04578861594200134,0,Toxic Model 3,Network3,0.1,24.0,0.4,false,true,true,false,2,1,0.6,6
3,39,agent_0,0.345154,0.1503981053829193,0,Toxic Model 3,Network3,0.1,24.0,0.4,false,true,true,false,2,1,0.6,6
3,39,agent_0,0.345154,0.20143303275108337,0,Toxic Model 3,Network3,0.1,24.0,0.4,false,true,true,false,2,1,0.6,6
3,40,agent_0,0.345154,0.048606377094984055,0,Toxic Model 3,Network3,0.1,24.0,0.4,false,true,true,false,2,1,0.6,6
3,40,agent_2,0.00567196,0.0018621704075485468,0,Toxic Model 3,Network3,0.1,24.0,0.4,false,true,true,false,2,1,0.6,6
3,41,agent_2,0.00567196,,0,Toxic Model 3,Network3,0.1,24.0,0.4,false,true,true,false,2,1,0.6,6
3,41,agent_2,0.00567196,,0,Toxic Model 3,Network3,0.1,24.0,0.4,false,true,true,false,2,1,0.6,6
3,41,agent_2,0.00567196,,0,Toxic Model 3,Network3,0.1,24.0,0.4,false,true,true,false,2,1,0.6,6
3,42,agent_0,0.345154,0.28172117471694946,0,Toxic Model 3,Network3,0.1,24.0,0.4,false,true,true,false,2,1,0.6,6
3,44,agent_0,0.345154,,0,Toxic Model 3,Network3,0.1,24.0,0.4,false,true,true,false,2,1,0.6,6
3,46,agent_0,0.345154,0.20556125044822693,0,Toxic Model 3,Network3,0.1,24.0,0.4,false,true,true,false,2,1,0.6,6
3,48,agent_0,0.345154,0.16935443878173828,0,Toxic Model 3,Network3,0.1,24.0,0.4,false,true,true,false,2,1,0.6,6
3,50,agent_2,0.00567196,0.004921543877571821,0,Toxic Model 3,Network3,0.1,24.0,0.4,false,true,true,false,2,1,0.6,6
3,52,agent_0,0.345154,0.15493296086788177,0,Toxic Model 3,Network3,0.1,24.0,0.4,false,true,true,false,2,1,0.6,6
3,52,agent_0,0.345154,0.1561327874660492,0,Toxic Model 3,Network3,0.1,24.0,0.4,false,true,true,false,2,1,0.6,6
3,53,agent_2,0.00567196,0.005523560103029013,0,Toxic Model 3,Network3,0.1,24.0,0.4,false,true,true,false,2,1,0.6,6
3,53,agent_2,0.00567196,0.0052259392105042934,0,Toxic Model 3,Network3,0.1,24.0,0.4,false,true,true,false,2,1,0.6,6
3,57,agent_2,0.00567196,,0,Toxic Model 3,Network3,0.1,24.0,0.4,false,true,true,false,2,1,0.6,6
3,57,agent_2,0.00567196,0.0016151550225913525,0,Toxic Model 3,Network3,0.1,24.0,0.4,false,true,true,false,2,1,0.6,6
3,57,agent_2,0.00567196,0.0008808647398836911,0,Toxic Model 3,Network3,0.1,24.0,0.4,false,true,true,false,2,1,0.6,6
3,59,agent_0,0.345154,0.134966641664505,0,Toxic Model 3,Network3,0.1,24.0,0.4,false,true,true,false,2,1,0.6,6
3,60,agent_0,0.345154,,0,Toxic Model 3,Network3,0.1,24.0,0.4,false,true,true,false,2,1,0.6,6
3,60,agent_1,0.352114,,0,Toxic Model 3,Network3,0.1,24.0,0.4,false,true,true,false,2,1,0.6,6
3,63,agent_0,0.345154,,0,Toxic Model 3,Network3,0.1,24.0,0.4,false,true,true,false,2,1,0.6,6
3,64,agent_3,0.240072,,0,Toxic Model 3,Network3,0.1,24.0,0.4,false,true,true,false,2,1,0.6,6
3,67,agent_0,0.345154,0.32276248931884766,0,Toxic Model 3,Network3,0.1,24.0,0.4,false,true,true,false,2,1,0.6,6
3,71,agent_0,0.345154,,0,Toxic Model 3,Network3,0.1,24.0,0.4,false,true,true,false,2,1,0.6,6
3,71,agent_0,0.345154,0.18572326004505157,0,Toxic Model 3,Network3,0.1,24.0,0.4,false,true,true,false,2,1,0.6,6
3,73,agent_0,0.345154,,0,Toxic Model 3,Network3,0.1,24.0,0.4,false,true,true,false,2,1,0.6,6
3,73,agent_3,0.240072,0.17757688462734222,0,Toxic Model 3,Network3,0.1,24.0,0.4,false,true,true,false,2,1,0.6,6
3,74,agent_0,0.345154,0.11355892568826675,0,Toxic Model 3,Network3,0.1,24.0,0.4,false,true,true,false,2,1,0.6,6
3,75,agent_2,0.00567196,,0,Toxic Model 3,Network3,0.1,24.0,0.4,false,true,true,false,2,1,0.6,6
3,75,agent_0,0.345154,0.06919340044260025,0,Toxic Model 3,Network3,0.1,24.0,0.4,false,true,true,false,2,1,0.6,6
3,80,agent_3,0.240072,,0,Toxic Model 3,Network3,0.1,24.0,0.4,false,true,true,false,2,1,0.6,6
3,82,agent_0,0.345154,0.2015242576599121,0,Toxic Model 3,Network3,0.1,24.0,0.4,false,true,true,false,2,1,0.6,6
3,89,agent_0,0.345154,,0,Toxic Model 3,Network3,0.1,24.0,0.4,false,true,true,false,2,1,0.6,6
3,90,agent_2,0.00567196,0.002260766923427582,0,Toxic Model 3,Network3,0.1,24.0,0.4,false,true,true,false,2,1,0.6,6
3,90,agent_2,0.00567196,,0,Toxic Model 3,Network3,0.1,24.0,0.4,false,true,true,false,2,1,0.6,6
3,90,agent_3,0.240072,,0,Toxic Model 3,Network3,0.1,24.0,0.4,false,true,true,false,2,1,0.6,6
3,91,agent_1,0.352114,,0,Toxic Model 3,Network3,0.1,24.0,0.4,false,true,true,false,2,1,0.6,6
3,93,agent_1,0.352114,,0,Toxic Model 3,Network3,0.1,24.0,0.4,false,true,true,false,2,1,0.6,6
3,93,agent_1,0.352114,0.29770272970199585,0,Toxic Model 3,Network3,0.1,24.0,0.4,false,true,true,false,2,1,0.6,6
3,94,agent_1,0.352114,,0,Toxic Model 3,Network3,0.1,24.0,0.4,false,true,true,false,2,1,0.6,6
3,94,agent_1,0.352114,0.3108882009983063,0,Toxic Model 3,Network3,0.1,24.0,0.4,false,true,true,false,2,1,0.6,6
3,96,agent_0,0.345154,0.16307862102985382,0,Toxic Model 3,Network3,0.1,24.0,0.4,false,true,true,false,2,1,0.6,6
3,96,agent_3,0.240072,0.061441611498594284,0,Toxic Model 3,Network3,0.1,24.0,0.4,false,true,true,false,2,1,0.6,6
3,96,agent_3,0.240072,0.10068359225988388,0,Toxic Model 3,Network3,0.1,24.0,0.4,false,true,true,false,2,1,0.6,6
3,102,agent_1,0.352114,,0,Toxic Model 3,Network3,0.1,24.0,0.4,false,true,true,false,2,1,0.6,6
3,102,agent_1,0.352114,0.019178511574864388,0,Toxic Model 3,Network3,0.1,24.0,0.4,false,true,true,false,2,1,0.6,6
3,102,agent_1,0.352114,0.10417892038822174,0,Toxic Model 3,Network3,0.1,24.0,0.4,false,true,true,false,2,1,0.6,6
3,102,agent_1,0.352114,0.07701093703508377,0,Toxic Model 3,Network3,0.1,24.0,0.4,false,true,true,false,2,1,0.6,6
3,102,agent_0,0.345154,0.23306846618652344,0,Toxic Model 3,Network3,0.1,24.0,0.4,false,true,true,false,2,1,0.6,6
3,102,agent_0,0.345154,0.31497716903686523,0,Toxic Model 3,Network3,0.1,24.0,0.4,false,true,true,false,2,1,0.6,6
3,103,agent_0,0.345154,0.03214334696531296,0,Toxic Model 3,Network3,0.1,24.0,0.4,false,true,true,false,2,1,0.6,6
3,103,agent_0,0.345154,,0,Toxic Model 3,Network3,0.1,24.0,0.4,false,true,true,false,2,1,0.6,6
3,103,agent_0,0.345154,0.2927534282207489,0,Toxic Model 3,Network3,0.1,24.0,0.4,false,true,true,false,2,1,0.6,6
3,103,agent_0,0.345154,0.12995129823684692,0,Toxic Model 3,Network3,0.1,24.0,0.4,false,true,true,false,2,1,0.6,6
3,105,agent_0,0.345154,,0,Toxic Model 3,Network3,0.1,24.0,0.4,false,true,true,false,2,1,0.6,6
3,107,agent_0,0.345154,,0,Toxic Model 3,Network3,0.1,24.0,0.4,false,true,true,false,2,1,0.6,6
3,108,agent_3,0.240072,0.14961819350719452,0,Toxic Model 3,Network3,0.1,24.0,0.4,false,true,true,false,2,1,0.6,6
3,108,agent_3,0.240072,0.1302289515733719,0,Toxic Model 3,Network3,0.1,24.0,0.4,false,true,true,false,2,1,0.6,6
3,108,agent_3,0.240072,0.03311906009912491,0,Toxic Model 3,Network3,0.1,24.0,0.4,false,true,true,false,2,1,0.6,6
3,110,agent_2,0.00567196,0.0032534452620893717,0,Toxic Model 3,Network3,0.1,24.0,0.4,false,true,true,false,2,1,0.6,6
3,110,agent_0,0.345154,,0,Toxic Model 3,Network3,0.1,24.0,0.4,false,true,true,false,2,1,0.6,6
3,112,agent_2,0.00567196,,0,Toxic Model 3,Network3,0.1,24.0,0.4,false,true,true,false,2,1,0.6,6
3,112,agent_3,0.240072,,0,Toxic Model 3,Network3,0.1,24.0,0.4,false,true,true,false,2,1,0.6,6
3,112,agent_0,0.345154,0.2805413007736206,0,Toxic Model 3,Network3,0.1,24.0,0.4,false,true,true,false,2,1,0.6,6
3,113,agent_0,0.345154,0.05608944967389107,0,Toxic Model 3,Network3,0.1,24.0,0.4,false,true,true,false,2,1,0.6,6
3,116,agent_0,0.345154,0.33682185411453247,0,Toxic Model 3,Network3,0.1,24.0,0.4,false,true,true,false,2,1,0.6,6
3,116,agent_0,0.345154,0.3357814848423004,0,Toxic Model 3,Network3,0.1,24.0,0.4,false,true,true,false,2,1,0.6,6
3,118,agent_0,0.345154,,0,Toxic Model 3,Network3,0.1,24.0,0.4,false,true,true,false,2,1,0.6,6
3,125,agent_1,0.352114,,0,Toxic Model 3,Network3,0.1,24.0,0.4,false,true,true,false,2,1,0.6,6
3,127,agent_2,0.00567196,,0,Toxic Model 3,Network3,0.1,24.0,0.4,false,true,true,false,2,1,0.6,6
3,127,agent_3,0.240072,,0,Toxic Model 3,Network3,0.1,24.0,0.4,false,true,true,false,2,1,0.6,6
3,129,agent_0,0.345154,0.2680123448371887,0,Toxic Model 3,Network3,0.1,24.0,0.4,false,true,true,false,2,1,0.6,6
3,132,agent_3,0.240072,0.09541790932416916,0,Toxic Model 3,Network3,0.1,24.0,0.4,false,true,true,false,2,1,0.6,6
3,133,agent_3,0.240072,,0,Toxic Model 3,Network3,0.1,24.0,0.4,false,true,true,false,2,1,0.6,6
3,133,agent_3,0.240072,0.14380700886249542,0,Toxic Model 3,Network3,0.1,24.0,0.4,false,true,true,false,2,1,0.6,6
3,133,agent_3,0.240072,0.08378149569034576,0,Toxic Model 3,Network3,0.1,24.0,0.4,false,true,true,false,2,1,0.6,6
3,133,agent_3,0.240072,0.21577627956867218,0,Toxic Model 3,Network3,0.1,24.0,0.4,false,true,true,false,2,1,0.6,6
3,133,agent_2,0.00567196,0.000472595653263852,0,Toxic Model 3,Network3,0.1,24.0,0.4,false,true,true,false,2,1,0.6,6
3,133,agent_2,0.00567196,,0,Toxic Model 3,Network3,0.1,24.0,0.4,false,true,true,false,2,1,0.6,6
3,133,agent_1,0.352114,,0,Toxic Model 3,Network3,0.1,24.0,0.4,false,true,true,false,2,1,0.6,6
3,133,agent_0,0.345154,0.06921353191137314,0,Toxic Model 3,Network3,0.1,24.0,0.4,false,true,true,false,2,1,0.6,6
3,138,agent_0,0.345154,0.2240746170282364,0,Toxic Model 3,Network3,0.1,24.0,0.4,false,true,true,false,2,1,0.6,6
3,143,agent_1,0.352114,0.15552110970020294,0,Toxic Model 3,Network3,0.1,24.0,0.4,false,true,true,false,2,1,0.6,6
3,143,agent_1,0.352114,,0,Toxic Model 3,Network3,0.1,24.0,0.4,false,true,true,false,2,1,0.6,6
3,144,agent_2,0.00567196,,0,Toxic Model 3,Network3,0.1,24.0,0.4,false,true,true,false,2,1,0.6,6
3,147,agent_1,0.352114,0.1656457781791687,0,Toxic Model 3,Network3,0.1,24.0,0.4,false,true,true,false,2,1,0.6,6
3,147,agent_1,0.352114,,0,Toxic Model 3,Network3,0.1,24.0,0.4,false,true,true,false,2,1,0.6,6
3,149,agent_1,0.352114,0.35044580698013306,0,Toxic Model 3,Network3,0.1,24.0,0.4,false,true,true,false,2,1,0.6,6
3,151,agent_1,0.352114,0.2589222192764282,0,Toxic Model 3,Network3,0.1,24.0,0.4,false,true,true,false,2,1,0.6,6
3,151,agent_1,0.352114,0.14427831768989563,0,Toxic Model 3,Network3,0.1,24.0,0.4,false,true,true,false,2,1,0.6,6
3,155,agent_2,0.00567196,,0,Toxic Model 3,Network3,0.1,24.0,0.4,false,true,true,false,2,1,0.6,6
3,159,agent_0,0.345154,,0,Toxic Model 3,Network3,0.1,24.0,0.4,false,true,true,false,2,1,0.6,6
3,160,agent_3,0.240072,,0,Toxic Model 3,Network3,0.1,24.0,0.4,false,true,true,false,2,1,0.6,6
3,161,agent_0,0.345154,0.1511569768190384,0,Toxic Model 3,Network3,0.1,24.0,0.4,false,true,true,false,2,1,0.6,6
3,162,agent_3,0.240072,0.22150829434394836,0,Toxic Model 3,Network3,0.1,24.0,0.4,false,true,true,false,2,1,0.6,6
3,162,agent_3,0.240072,,0,Toxic Model 3,Network3,0.1,24.0,0.4,false,true,true,false,2,1,0.6,6
3,164,agent_3,0.240072,,0,Toxic Model 3,Network3,0.1,24.0,0.4,false,true,true,false,2,1,0.6,6
3,164,agent_1,0.352114,,0,Toxic Model 3,Network3,0.1,24.0,0.4,false,true,true,false,2,1,0.6,6
3,164,agent_1,0.352114,0.2782578766345978,0,Toxic Model 3,Network3,0.1,24.0,0.4,false,true,true,false,2,1,0.6,6
3,166,agent_0,0.345154,,0,Toxic Model 3,Network3,0.1,24.0,0.4,false,true,true,false,2,1,0.6,6
3,168,agent_0,0.345154,0.2878800928592682,0,Toxic Model 3,Network3,0.1,24.0,0.4,false,true,true,false,2,1,0.6,6
3,176,agent_0,0.345154,0.18720220029354095,0,Toxic Model 3,Network3,0.1,24.0,0.4,false,true,true,false,2,1,0.6,6
3,176,agent_0,0.345154,0.01330882590264082,0,Toxic Model 3,Network3,0.1,24.0,0.4,false,true,true,false,2,1,0.6,6
3,179,agent_0,0.345154,,0,Toxic Model 3,Network3,0.1,24.0,0.4,false,true,true,false,2,1,0.6,6
3,181,agent_2,0.00567196,,0,Toxic Model 3,Network3,0.1,24.0,0.4,false,true,true,false,2,1,0.6,6
3,181,agent_2,0.00567196,0.0030209198594093323,0,Toxic Model 3,Network3,0.1,24.0,0.4,false,true,true,false,2,1,0.6,6
3,181,agent_2,0.00567196,0.0016847633523866534,0,Toxic Model 3,Network3,0.1,24.0,0.4,false,true,true,false,2,1,0.6,6
3,181,agent_2,0.00567196,0.0013197261141613126,0,Toxic Model 3,Network3,0.1,24.0,0.4,false,true,true,false,2,1,0.6,6
3,183,agent_0,0.345154,0.2547626197338104,0,Toxic Model 3,Network3,0.1,24.0,0.4,false,true,true,false,2,1,0.6,6
3,187,agent_0,0.345154,,0,Toxic Model 3,Network3,0.1,24.0,0.4,false,true,true,false,2,1,0.6,6
3,188,agent_2,0.00567196,0.0014689338859170675,0,Toxic Model 3,Network3,0.1,24.0,0.4,false,true,true,false,2,1,0.6,6
3,188,agent_2,0.00567196,0.004768878221511841,0,Toxic Model 3,Network3,0.1,24.0,0.4,false,true,true,false,2,1,0.6,6
3,189,agent_3,0.240072,0.1001020297408104,0,Toxic Model 3,Network3,0.1,24.0,0.4,false,true,true,false,2,1,0.6,6
3,189,agent_1,0.352114,,0,Toxic Model 3,Network3,0.1,24.0,0.4,false,true,true,false,2,1,0.6,6
3,189,agent_1,0.352114,0.07008811831474304,0,Toxic Model 3,Network3,0.1,24.0,0.4,false,true,true,false,2,1,0.6,6
3,192,agent_2,0.00567196,0.00311714643612504,0,Toxic Model 3,Network3,0.1,24.0,0.4,false,true,true,false,2,1,0.6,6
3,192,agent_2,0.00567196,,0,Toxic Model 3,Network3,0.1,24.0,0.4,false,true,true,false,2,1,0.6,6
3,193,agent_1,0.352114,,0,Toxic Model 3,Network3,0.1,24.0,0.4,false,true,true,false,2,1,0.6,6
3,193,agent_1,0.352114,0.29228734970092773,0,Toxic Model 3,Network3,0.1,24.0,0.4,false,true,true,false,2,1,0.6,6
3,195,agent_2,0.00567196,0.004635326564311981,0,Toxic Model 3,Network3,0.1,24.0,0.4,false,true,true,false,2,1,0.6,6
3,196,agent_1,0.352114,0.1676127314567566,0,Toxic Model 3,Network3,0.1,24.0,0.4,false,true,true,false,2,1,0.6,6
3,196,agent_1,0.352114,0.05699794739484787,0,Toxic Model 3,Network3,0.1,24.0,0.4,false,true,true,false,2,1,0.6,6
3,196,agent_2,0.00567196,,0,Toxic Model 3,Network3,0.1,24.0,0.4,false,true,true,false,2,1,0.6,6
3,198,agent_0,0.345154,,0,Toxic Model 3,Network3,0.1,24.0,0.4,false,true,true,false,2,1,0.6,6
3,198,agent_1,0.352114,,0,Toxic Model 3,Network3,0.1,24.0,0.4,false,true,true,false,2,1,0.6,6
3,200,agent_0,0.345154,0.14376004040241241,0,Toxic Model 3,Network3,0.1,24.0,0.4,false,true,true,false,2,1,0.6,6
3,201,agent_0,0.345154,0.01847062073647976,0,Toxic Model 3,Network3,0.1,24.0,0.4,false,true,true,false,2,1,0.6,6
3,205,agent_0,0.345154,0.1041676327586174,0,Toxic Model 3,Network3,0.1,24.0,0.4,false,true,true,false,2,1,0.6,6
3,208,agent_3,0.240072,0.11842412501573563,0,Toxic Model 3,Network3,0.1,24.0,0.4,false,true,true,false,2,1,0.6,6
3,208,agent_3,0.240072,0.15784569084644318,0,Toxic Model 3,Network3,0.1,24.0,0.4,false,true,true,false,2,1,0.6,6
3,208,agent_3,0.240072,,0,Toxic Model 3,Network3,0.1,24.0,0.4,false,true,true,false,2,1,0.6,6
3,213,agent_0,0.345154,0.01312908623367548,0,Toxic Model 3,Network3,0.1,24.0,0.4,false,true,true,false,2,1,0.6,6
3,214,agent_1,0.352114,,0,Toxic Model 3,Network3,0.1,24.0,0.4,false,true,true,false,2,1,0.6,6
3,214,agent_2,0.00567196,0.002224529394879937,0,Toxic Model 3,Network3,0.1,24.0,0.4,false,true,true,false,2,1,0.6,6
3,214,agent_2,0.00567196,0.004285456147044897,0,Toxic Model 3,Network3,0.1,24.0,0.4,false,true,true,false,2,1,0.6,6
3,214,agent_2,0.00567196,0.004009854979813099,0,Toxic Model 3,Network3,0.1,24.0,0.4,false,true,true,false,2,1,0.6,6
3,217,agent_2,0.00567196,0.0043647107668221,0,Toxic Model 3,Network3,0.1,24.0,0.4,false,true,true,false,2,1,0.6,6
3,221,agent_0,0.345154,,0,Toxic Model 3,Network3,0.1,24.0,0.4,false,true,true,false,2,1,0.6,6
3,222,agent_0,0.345154,0.19293399155139923,0,Toxic Model 3,Network3,0.1,24.0,0.4,false,true,true,false,2,1,0.6,6
3,225,agent_1,0.352114,0.2826704978942871,0,Toxic Model 3,Network3,0.1,24.0,0.4,false,true,true,false,2,1,0.6,6
3,227,agent_1,0.352114,,0,Toxic Model 3,Network3,0.1,24.0,0.4,false,true,true,false,2,1,0.6,6
3,229,agent_2,0.00567196,,0,Toxic Model 3,Network3,0.1,24.0,0.4,false,true,true,false,2,1,0.6,6
3,230,agent_0,0.345154,0.33977457880973816,0,Toxic Model 3,Network3,0.1,24.0,0.4,false,true,true,false,2,1,0.6,6
3,231,agent_1,0.352114,0.058624912053346634,0,Toxic Model 3,Network3,0.1,24.0,0.4,false,true,true,false,2,1,0.6,6
3,232,agent_2,0.00567196,0.005539392586797476,0,Toxic Model 3,Network3,0.1,24.0,0.4,false,true,true,false,2,1,0.6,6
3,233,agent_26,0.830624,0.41612955927848816,0,Toxic Model 3,Network3,0.1,24.0,0.4,false,true,true,false,2,1,0.6,6
3,233,agent_0,0.345154,0.2915816307067871,0,Toxic Model 3,Network3,0.1,24.0,0.4,false,true,true,false,2,1,0.6,6
3,236,agent_0,0.345154,0.1562332808971405,0,Toxic Model 3,Network3,0.1,24.0,0.4,false,true,true,false,2,1,0.6,6
3,237,agent_0,0.345154,,0,Toxic Model 3,Network3,0.1,24.0,0.4,false,true,true,false,2,1,0.6,6
3,237,agent_1,0.352114,0.025479992851614952,0,Toxic Model 3,Network3,0.1,24.0,0.4,false,true,true,false,2,1,0.6,6
3,237,agent_2,0.00567196,0.0004367736109998077,0,Toxic Model 3,Network3,0.1,24.0,0.4,false,true,true,false,2,1,0.6,6
3,237,agent_2,0.00567196,0.0009778012754395604,0,Toxic Model 3,Network3,0.1,24.0,0.4,false,true,true,false,2,1,0.6,6
3,237,agent_1,0.352114,0.1870587170124054,0,Toxic Model 3,Network3,0.1,24.0,0.4,false,true,true,false,2,1,0.6,6
3,238,agent_1,0.352114,,0,Toxic Model 3,Network3,0.1,24.0,0.4,false,true,true,false,2,1,0.6,6
3,240,agent_0,0.345154,0.16332539916038513,0,Toxic Model 3,Network3,0.1,24.0,0.4,false,true,true,false,2,1,0.6,6
3,243,agent_0,0.345154,,0,Toxic Model 3,Network3,0.1,24.0,0.4,false,true,true,false,2,1,0.6,6
3,246,agent_0,0.345154,,0,Toxic Model 3,Network3,0.1,24.0,0.4,false,true,true,false,2,1,0.6,6
3,246,agent_0,0.345154,0.3198224902153015,0,Toxic Model 3,Network3,0.1,24.0,0.4,false,true,true,false,2,1,0.6,6
3,246,agent_0,0.345154,0.24390698969364166,0,Toxic Model 3,Network3,0.1,24.0,0.4,false,true,true,false,2,1,0.6,6
3,247,agent_3,0.240072,0.10691702365875244,0,Toxic Model 3,Network3,0.1,24.0,0.4,false,true,true,false,2,1,0.6,6
3,247,agent_3,0.240072,0.08648942410945892,0,Toxic Model 3,Network3,0.1,24.0,0.4,false,true,true,false,2,1,0.6,6
3,249,agent_2,0.00567196,,0,Toxic Model 3,Network3,0.1,24.0,0.4,false,true,true,false,2,1,0.6,6
3,254,agent_0,0.345154,0.3129515051841736,0,Toxic Model 3,Network3,0.1,24.0,0.4,false,true,true,false,2,1,0.6,6
3,257,agent_0,0.345154,0.17303544282913208,0,Toxic Model 3,Network3,0.1,24.0,0.4,false,true,true,false,2,1,0.6,6
3,258,agent_0,0.345154,0.3147467374801636,0,Toxic Model 3,Network3,0.1,24.0,0.4,false,true,true,false,2,1,0.6,6
3,258,agent_3,0.240072,0.18068653345108032,0,Toxic Model 3,Network3,0.1,24.0,0.4,false,true,true,false,2,1,0.6,6
3,259,agent_0,0.345154,0.20257973670959473,0,Toxic Model 3,Network3,0.1,24.0,0.4,false,true,true,false,2,1,0.6,6
3,261,agent_1,0.352114,0.04236648976802826,0,Toxic Model 3,Network3,0.1,24.0,0.4,false,true,true,false,2,1,0.6,6
3,265,agent_0,0.345154,0.3080820143222809,0,Toxic Model 3,Network3,0.1,24.0,0.4,false,true,true,false,2,1,0.6,6
3,266,agent_0,0.345154,0.3337629437446594,0,Toxic Model 3,Network3,0.1,24.0,0.4,false,true,true,false,2,1,0.6,6
3,266,agent_0,0.345154,0.12116000056266785,0,Toxic Model 3,Network3,0.1,24.0,0.4,false,true,true,false,2,1,0.6,6
3,268,agent_0,0.345154,,0,Toxic Model 3,Network3,0.1,24.0,0.4,false,true,true,false,2,1,0.6,6
3,273,agent_2,0.00567196,0.0005248060915619135,0,Toxic Model 3,Network3,0.1,24.0,0.4,false,true,true,false,2,1,0.6,6
3,273,agent_1,0.352114,,0,Toxic Model 3,Network3,0.1,24.0,0.4,false,true,true,false,2,1,0.6,6
3,274,agent_1,0.352114,,0,Toxic Model 3,Network3,0.1,24.0,0.4,false,true,true,false,2,1,0.6,6
3,274,agent_1,0.352114,0.04702210798859596,0,Toxic Model 3,Network3,0.1,24.0,0.4,false,true,true,false,2,1,0.6,6
3,274,agent_3,0.240072,,0,Toxic Model 3,Network3,0.1,24.0,0.4,false,true,true,false,2,1,0.6,6
3,279,agent_0,0.345154,0.25691691040992737,0,Toxic Model 3,Network3,0.1,24.0,0.4,false,true,true,false,2,1,0.6,6
3,281,agent_1,0.352114,,0,Toxic Model 3,Network3,0.1,24.0,0.4,false,true,true,false,2,1,0.6,6
3,281,agent_1,0.352114,0.16522400081157684,0,Toxic Model 3,Network3,0.1,24.0,0.4,false,true,true,false,2,1,0.6,6
3,282,agent_1,0.352114,0.010526909492909908,0,Toxic Model 3,Network3,0.1,24.0,0.4,false,true,true,false,2,1,0.6,6
