platform,timestamp,author,author_toxicity,toxicity,knowledge,platform_model name,platform_network name,platform_interval time duration,platform_maximum post inactivity,platform_toxicity threshold,platform_full ban,platform_partial ban,platform_warning,platform_remove content,platform_network ban threshold,platform_network warning threshold,platform_moderation miss probability,platform_partial ban length
2,3,agent_0,0.345154,,0,Toxic Model 2,Network2,0.1,24.0,0.05,true,true,true,true,2,10,0.4,6
2,8,agent_0,0.345154,,0,Toxic Model 2,Network2,0.1,24.0,0.05,true,true,true,true,2,10,0.4,6
2,11,agent_4,0.905018,0.16087061166763306,0,Toxic Model 2,Network2,0.1,24.0,0.05,true,true,true,true,2,10,0.4,6
2,12,agent_0,0.345154,0.2675607204437256,0,Toxic Model 2,Network2,0.1,24.0,0.05,true,true,true,true,2,10,0.4,6
2,16,agent_0,0.345154,,0,Toxic Model 2,Network2,0.1,24.0,0.05,true,true,true,true,2,10,0.4,6
2,19,agent_1,0.352114,,0,Toxic Model 2,Network2,0.1,24.0,0.05,true,true,true,true,2,10,0.4,6
2,20,agent_29,0.337464,,0,Toxic Model 2,Network2,0.1,24.0,0.05,true,true,true,true,2,10,0.4,6
2,20,agent_4,0.905018,0.26392853260040283,0,Toxic Model 2,Network2,0.1,24.0,0.05,true,true,true,true,2,10,0.4,6
2,26,agent_0,0.345154,0.04495255649089813,0,Toxic Model 2,Network2,0.1,24.0,0.05,true,true,true,true,2,10,0.4,6
2,29,agent_4,0.905018,0.4938482344150543,0,Toxic Model 2,Network2,0.1,24.0,0.05,true,true,true,true,2,10,0.4,6
2,31,agent_2,0.00567196,0.0027862798888236284,0,Toxic Model 2,Network2,0.1,24.0,0.05,true,true,true,true,2,10,0.4,6
2,32,agent_46,0.416256,,0,Toxic Model 2,Network2,0.1,24.0,0.05,true,true,true,true,2,10,0.4,6
2,33,agent_4,0.905018,,0,Toxic Model 2,Network2,0.1,24.0,0.05,true,true,true,true,2,10,0.4,6
2,39,agent_2,0.00567196,0.003965475596487522,0,Toxic Model 2,Network2,0.1,24.0,0.05,true,true,true,true,2,10,0.4,6
2,47,agent_3,0.240072,0.08209210634231567,0,Toxic Model 2,Network2,0.1,24.0,0.05,true,true,true,true,2,10,0.4,6
2,48,agent_4,0.905018,0.10231448709964752,0,Toxic Model 2,Network2,0.1,24.0,0.05,true,true,true,true,2,10,0.4,6
2,53,agent_0,0.345154,0.3434532880783081,0,Toxic Model 2,Network2,0.1,24.0,0.05,true,true,true,true,2,10,0.4,6
2,53,agent_0,0.345154,0.32426556944847107,0,Toxic Model 2,Network2,0.1,24.0,0.05,true,true,true,true,2,10,0.4,6
2,59,agent_1,0.352114,,0,Toxic Model 2,Network2,0.1,24.0,0.05,true,true,true,true,2,10,0.4,6
2,59,agent_2,0.00567196,,0,Toxic Model 2,Network2,0.1,24.0,0.05,true,true,true,true,2,10,0.4,6
2,68,agent_2,0.00567196,0.0012805757578462362,0,Toxic Model 2,Network2,0.1,24.0,0.05,true,true,true,true,2,10,0.4,6
2,68,agent_4,0.905018,,0,Toxic Model 2,Network2,0.1,24.0,0.05,true,true,true,true,2,10,0.4,6
2,68,agent_4,0.905018,,0,Toxic Model 2,Network2,0.1,24.0,0.05,true,true,true,true,2,10,0.4,6
2,68,agent_4,0.905018,0.17834079265594482,0,Toxic Model 2,Network2,0.1,24.0,0.05,true,true,true,true,2,10,0.4,6
2,69,agent_3,0.240072,,0,Toxic Model 2,Network2,0.1,24.0,0.05,true,true,true,true,2,10,0.4,6
2,70,agent_4,0.905018,,0,Toxic Model 2,Network2,0.1,24.0,0.05,true,true,true,true,2,10,0.4,6
2,73,agent_2,0.00567196,0.0003380298148840666,0,Toxic Model 2,Network2,0.1,24.0,0.05,true,true,true,true,2,10,0.4,6
2,74,agent_4,0.905018,,0,Toxic Model 2,Network2,0.1,24.0,0.05,true,true,true,true,2,10,0.4,6
2,74,agent_4,0.905018,,0,Toxic Model 2,Network2,0.1,24.0,0.05,true,true,true,true,2,10,0.4,6
2,78,agent_4,0.905018,0.20132899284362793,0,Toxic Model 2,Network2,0.1,24.0,0.05,true,true,true,true,2,10,0.4,6
2,83,agent_1,0.352114,,0,Toxic Model 2,Network2,0.1,24.0,0.05,true,true,true,true,2,10,0.4,6
2,87,agent_1,0.352114,0.13506543636322021,0,Toxic Model 2,Network2,0.1,24.0,0.05,true,true,true,true,2,10,0.4,6
2,100,agent_4,0.905018,,0,Toxic Model 2,Network2,0.1,24.0,0.05,true,true,true,true,2,10,0.4,6
2,103,agent_4,0.905018,,0,Toxic Model 2,Network2,0.1,24.0,0.05,true,true,true,true,2,10,0.4,6
2,104,agent_1,0.352114,0.09114789217710495,0,Toxic Model 2,Network2,0.1,24.0,0.05,true,true,true,true,2,10,0.4,6
2,105,agent_4,0.905018,0.561919093132019,0,Toxic Model 2,Network2,0.1,24.0,0.05,true,true,true,true,2,10,0.4,6
2,105,agent_4,0.905018,,0,Toxic Model 2,Network2,0.1,24.0,0.05,true,true,true,true,2,10,0.4,6
2,110,agent_1,0.352114,,0,Toxic Model 2,Network2,0.1,24.0,0.05,true,true,true,true,2,10,0.4,6
2,110,agent_1,0.352114,0.042423129081726074,0,Toxic Model 2,Network2,0.1,24.0,0.05,true,true,true,true,2,10,0.4,6
2,116,agent_2,0.00567196,0.00032746398937888443,0,Toxic Model 2,Network2,0.1,24.0,0.05,true,true,true,true,2,10,0.4,6
2,116,agent_2,0.00567196,0.00027148323715664446,0,Toxic Model 2,Network2,0.1,24.0,0.05,true,true,true,true,2,10,0.4,6
2,118,agent_4,0.905018,,0,Toxic Model 2,Network2,0.1,24.0,0.05,true,true,true,true,2,10,0.4,6
2,119,agent_2,0.00567196,0.0042932783253490925,0,Toxic Model 2,Network2,0.1,24.0,0.05,true,true,true,true,2,10,0.4,6
2,119,agent_4,0.905018,,0,Toxic Model 2,Network2,0.1,24.0,0.05,true,true,true,true,2,10,0.4,6
2,119,agent_4,0.905018,0.1834801435470581,0,Toxic Model 2,Network2,0.1,24.0,0.05,true,true,true,true,2,10,0.4,6
2,120,agent_2,0.00567196,,0,Toxic Model 2,Network2,0.1,24.0,0.05,true,true,true,true,2,10,0.4,6
2,128,agent_1,0.352114,,0,Toxic Model 2,Network2,0.1,24.0,0.05,true,true,true,true,2,10,0.4,6
2,128,agent_2,0.00567196,0.0025133725721389055,0,Toxic Model 2,Network2,0.1,24.0,0.05,true,true,true,true,2,10,0.4,6
2,130,agent_1,0.352114,,0,Toxic Model 2,Network2,0.1,24.0,0.05,true,true,true,true,2,10,0.4,6
2,130,agent_1,0.352114,,0,Toxic Model 2,Network2,0.1,24.0,0.05,true,true,true,true,2,10,0.4,6
2,131,agent_4,0.905018,0.10644009709358215,0,Toxic Model 2,Network2,0.1,24.0,0.05,true,true,true,true,2,10,0.4,6
2,135,agent_1,0.352114,,0,Toxic Model 2,Network2,0.1,24.0,0.05,true,true,true,true,2,10,0.4,6
2,135,agent_1,0.352114,,0,Toxic Model 2,Network2,0.1,24.0,0.05,true,true,true,true,2,10,0.4,6
2,135,agent_2,0.00567196,0.005303463898599148,0,Toxic Model 2,Network2,0.1,24.0,0.05,true,true,true,true,2,10,0.4,6
2,136,agent_29,0.337464,0.010821803472936153,0,Toxic Model 2,Network2,0.1,24.0,0.05,true,true,true,true,2,10,0.4,6
2,139,agent_4,0.905018,0.13072066009044647,0,Toxic Model 2,Network2,0.1,24.0,0.05,true,true,true,true,2,10,0.4,6
2,150,agent_2,0.00567196,0.0050138612277805805,0,Toxic Model 2,Network2,0.1,24.0,0.05,true,true,true,true,2,10,0.4,6
2,152,agent_3,0.240072,0.18482698500156403,0,Toxic Model 2,Network2,0.1,24.0,0.05,true,true,true,true,2,10,0.4,6
2,153,agent_2,0.00567196,,0,Toxic Model 2,Network2,0.1,24.0,0.05,true,true,true,true,2,10,0.4,6
2,155,agent_2,0.00567196,0.0023637262638658285,0,Toxic Model 2,Network2,0.1,24.0,0.05,true,true,true,true,2,10,0.4,6
2,155,agent_3,0.240072,,0,Toxic Model 2,Network2,0.1,24.0,0.05,true,true,true,true,2,10,0.4,6
2,158,agent_1,0.352114,0.003615683875977993,0,Toxic Model 2,Network2,0.1,24.0,0.05,true,true,true,true,2,10,0.4,6
2,169,agent_3,0.240072,,0,Toxic Model 2,Network2,0.1,24.0,0.05,true,true,true,true,2,10,0.4,6
2,169,agent_3,0.240072,,0,Toxic Model 2,Network2,0.1,24.0,0.05,true,true,true,true,2,10,0.4,6
2,170,agent_1,0.352114,,0,Toxic Model 2,Network2,0.1,24.0,0.05,true,true,true,true,2,10,0.4,6
2,170,agent_1,0.352114,0.17969708144664764,0,Toxic Model 2,Network2,0.1,24.0,0.05,true,true,true,true,2,10,0.4,6
2,171,agent_2,0.00567196,,0,Toxic Model 2,Network2,0.1,24.0,0.05,true,true,true,true,2,10,0.4,6
2,173,agent_2,0.00567196,,0,Toxic Model 2,Network2,0.1,24.0,0.05,true,true,true,true,2,10,0.4,6
2,173,agent_2,0.00567196,0.003937410656362772,0,Toxic Model 2,Network2,0.1,24.0,0.05,true,true,true,true,2,10,0.4,6
2,194,agent_2,0.00567196,0.00032294864649884403,0,Toxic Model 2,Network2,0.1,24.0,0.05,true,true,true,true,2,10,0.4,6
2,195,agent_2,0.00567196,0.0045285457745194435,0,Toxic Model 2,Network2,0.1,24.0,0.05,true,true,true,true,2,10,0.4,6
2,197,agent_2,0.00567196,0.005264944862574339,0,Toxic Model 2,Network2,0.1,24.0,0.05,true,true,true,true,2,10,0.4,6
2,207,agent_2,0.00567196,0.0020233560353517532,0,Toxic Model 2,Network2,0.1,24.0,0.05,true,true,true,true,2,10,0.4,6
2,208,agent_2,0.00567196,0.002140613039955497,0,Toxic Model 2,Network2,0.1,24.0,0.05,true,true,true,true,2,10,0.4,6
2,208,agent_2,0.00567196,,0,Toxic Model 2,Network2,0.1,24.0,0.05,true,true,true,true,2,10,0.4,6
2,208,agent_2,0.00567196,,0,Toxic Model 2,Network2,0.1,24.0,0.05,true,true,true,true,2,10,0.4,6
2,209,agent_89,0.693759,0.15119729936122894,0,Toxic Model 2,Network2,0.1,24.0,0.05,true,true,true,true,2,10,0.4,6
2,219,agent_3,0.240072,0.04734872281551361,0,Toxic Model 2,Network2,0.1,24.0,0.05,true,true,true,true,2,10,0.4,6
2,219,agent_3,0.240072,0.08512800186872482,0,Toxic Model 2,Network2,0.1,24.0,0.05,true,true,true,true,2,10,0.4,6
2,233,agent_3,0.240072,0.008950482122600079,0,Toxic Model 2,Network2,0.1,24.0,0.05,true,true,true,true,2,10,0.4,6
2,233,agent_3,0.240072,,0,Toxic Model 2,Network2,0.1,24.0,0.05,true,true,true,true,2,10,0.4,6
2,240,agent_2,0.00567196,,0,Toxic Model 2,Network2,0.1,24.0,0.05,true,true,true,true,2,10,0.4,6
2,242,agent_3,0.240072,,0,Toxic Model 2,Network2,0.1,24.0,0.05,true,true,true,true,2,10,0.4,6
2,242,agent_3,0.240072,,0,Toxic Model 2,Network2,0.1,24.0,0.05,true,true,true,true,2,10,0.4,6
2,247,agent_2,0.00567196,0.0040021976456046104,0,Toxic Model 2,Network2,0.1,24.0,0.05,true,true,true,true,2,10,0.4,6
2,248,agent_3,0.240072,,0,Toxic Model 2,Network2,0.1,24.0,0.05,true,true,true,true,2,10,0.4,6
2,248,agent_3,0.240072,,0,Toxic Model 2,Network2,0.1,24.0,0.05,true,true,true,true,2,10,0.4,6
2,250,agent_2,0.00567196,,0,Toxic Model 2,Network2,0.1,24.0,0.05,true,true,true,true,2,10,0.4,6
2,255,agent_2,0.00567196,0.003063804702833295,0,Toxic Model 2,Network2,0.1,24.0,0.05,true,true,true,true,2,10,0.4,6
2,255,agent_29,0.337464,0.14687667787075043,0,Toxic Model 2,Network2,0.1,24.0,0.05,true,true,true,true,2,10,0.4,6
2,255,agent_3,0.240072,0.03488483279943466,0,Toxic Model 2,Network2,0.1,24.0,0.05,true,true,true,true,2,10,0.4,6
2,263,agent_3,0.240072,,0,Toxic Model 2,Network2,0.1,24.0,0.05,true,true,true,true,2,10,0.4,6
2,263,agent_3,0.240072,,0,Toxic Model 2,Network2,0.1,24.0,0.05,true,true,true,true,2,10,0.4,6
2,263,agent_3,0.240072,0.007024297025054693,0,Toxic Model 2,Network2,0.1,24.0,0.05,true,true,true,true,2,10,0.4,6
2,263,agent_3,0.240072,0.03259039297699928,0,Toxic Model 2,Network2,0.1,24.0,0.05,true,true,true,true,2,10,0.4,6
2,265,agent_2,0.00567196,,0,Toxic Model 2,Network2,0.1,24.0,0.05,true,true,true,true,2,10,0.4,6
2,268,agent_3,0.240072,0.024204501882195473,0,Toxic Model 2,Network2,0.1,24.0,0.05,true,true,true,true,2,10,0.4,6
2,275,agent_2,0.00567196,0.0012059342116117477,0,Toxic Model 2,Network2,0.1,24.0,0.05,true,true,true,true,2,10,0.4,6
2,275,agent_2,0.00567196,0.001198234036564827,0,Toxic Model 2,Network2,0.1,24.0,0.05,true,true,true,true,2,10,0.4,6
2,282,agent_2,0.00567196,0.003594030160456896,0,Toxic Model 2,Network2,0.1,24.0,0.05,true,true,true,true,2,10,0.4,6
2,287,agent_2,0.00567196,0.0045162164606153965,0,Toxic Model 2,Network2,0.1,24.0,0.05,true,true,true,true,2,10,0.4,6
