platform,timestamp,author,author_toxicity,toxicity,knowledge,platform_model name,platform_network name,platform_interval time duration,platform_maximum post inactivity,platform_toxicity threshold,platform_full ban,platform_partial ban,platform_warning,platform_remove content,platform_network ban threshold,platform_network warning threshold,platform_moderation miss probability,platform_partial ban length
1,24,agent_46,0.416256,,0,Toxic Model 1,Network1,0.1,24.0,0.05,true,true,true,true,1,1,0.2,6
1,32,agent_8,0.821175,,0,Toxic Model 1,Network1,0.1,24.0,0.05,true,true,true,true,1,1,0.2,6
1,46,agent_5,0.212172,,0,Toxic Model 1,Network1,0.1,24.0,0.05,true,true,true,true,1,1,0.2,6
1,83,agent_0,0.345154,0.15153147280216217,0,Toxic Model 1,Network1,0.1,24.0,0.05,true,true,true,true,1,1,0.2,6
1,143,agent_48,0.605371,0.4285675287246704,0,Toxic Model 1,Network1,0.1,24.0,0.05,true,true,true,true,1,1,0.2,6
1,232,agent_39,0.830123,0.4042041003704071,0,Toxic Model 1,Network1,0.1,24.0,0.05,true,true,true,true,1,1,0.2,6
1,251,agent_39,0.830123,,0,Toxic Model 1,Network1,0.1,24.0,0.05,true,true,true,true,1,1,0.2,6
1,327,agent_65,0.529465,,0,Toxic Model 1,Network1,0.1,24.0,0.05,true,true,true,true,1,1,0.2,6
1,396,agent_10,0.628033,0.08192785829305649,0,Toxic Model 1,Network1,0.1,24.0,0.05,true,true,true,true,1,1,0.2,6
1,433,agent_51,0.0698596,,0,Toxic Model 1,Network1,0.1,24.0,0.05,true,true,true,true,1,1,0.2,6
1,439,agent_51,0.0698596,,0,Toxic Model 1,Network1,0.1,24.0,0.05,true,true,true,true,1,1,0.2,6
1,486,agent_74,0.749273,,0,Toxic Model 1,Network1,0.1,24.0,0.05,true,true,true,true,1,1,0.2,6
1,512,agent_66,0.798684,,0,Toxic Model 1,Network1,0.1,24.0,0.05,true,true,true,true,1,1,0.2,6
1,522,agent_93,0.49365,,0,Toxic Model 1,Network1,0.1,24.0,0.05,true,true,true,true,1,1,0.2,6
1,538,agent_65,0.529465,,0,Toxic Model 1,Network1,0.1,24.0,0.05,true,true,true,true,1,1,0.2,6
1,558,agent_20,0.632745,,0,Toxic Model 1,Network1,0.1,24.0,0.05,true,true,true,true,1,1,0.2,6
1,616,agent_67,0.00771932,,0,Toxic Model 1,Network1,0.1,24.0,0.05,true,true,true,true,1,1,0.2,6
1,659,agent_65,0.529465,,0,Toxic Model 1,Network1,0.1,24.0,0.05,true,true,true,true,1,1,0.2,6
1,671,agent_26,0.830624,,0,Toxic Model 1,Network1,0.1,24.0,0.05,true,true,true,true,1,1,0.2,6
1,766,agent_97,0.762863,,0,Toxic Model 1,Network1,0.1,24.0,0.05,true,true,true,true,1,1,0.2,6
1,788,agent_82,0.462876,,0,Toxic Model 1,Network1,0.1,24.0,0.05,true,true,true,true,1,1,0.2,6
1,795,agent_69,0.241819,,0,Toxic Model 1,Network1,0.1,24.0,0.05,true,true,true,true,1,1,0.2,6
1,897,agent_46,0.416256,,0,Toxic Model 1,Network1,0.1,24.0,0.05,true,true,true,true,1,1,0.2,6
1,925,agent_47,0.0899155,,0,Toxic Model 1,Network1,0.1,24.0,0.05,true,true,true,true,1,1,0.2,6
1,996,agent_5,0.212172,,0,Toxic Model 1,Network1,0.1,24.0,0.05,true,true,true,true,1,1,0.2,6
1,1003,agent_50,0.508059,,0,Toxic Model 1,Network1,0.1,24.0,0.05,true,true,true,true,1,1,0.2,6
1,1128,agent_50,0.508059,,0,Toxic Model 1,Network1,0.1,24.0,0.05,true,true,true,true,1,1,0.2,6
1,1131,agent_94,0.551381,,0,Toxic Model 1,Network1,0.1,24.0,0.05,true,true,true,true,1,1,0.2,6
1,1191,agent_10,0.628033,0.5912929177284241,0,Toxic Model 1,Network1,0.1,24.0,0.05,true,true,true,true,1,1,0.2,6
1,1284,agent_5,0.212172,,0,Toxic Model 1,Network1,0.1,24.0,0.05,true,true,true,true,1,1,0.2,6
1,1292,agent_65,0.529465,,0,Toxic Model 1,Network1,0.1,24.0,0.05,true,true,true,true,1,1,0.2,6
1,1307,agent_75,0.880767,0.3250229060649872,0,Toxic Model 1,Network1,0.1,24.0,0.05,true,true,true,true,1,1,0.2,6
1,1311,agent_78,0.268697,,0,Toxic Model 1,Network1,0.1,24.0,0.05,true,true,true,true,1,1,0.2,6
1,1332,agent_47,0.0899155,0.03837087005376816,0,Toxic Model 1,Network1,0.1,24.0,0.05,true,true,true,true,1,1,0.2,6
1,1369,agent_51,0.0698596,,0,Toxic Model 1,Network1,0.1,24.0,0.05,true,true,true,true,1,1,0.2,6
1,1467,agent_39,0.830123,,0,Toxic Model 1,Network1,0.1,24.0,0.05,true,true,true,true,1,1,0.2,6
1,1473,agent_69,0.241819,0.09293437749147415,0,Toxic Model 1,Network1,0.1,24.0,0.05,true,true,true,true,1,1,0.2,6
1,1611,agent_93,0.49365,,0,Toxic Model 1,Network1,0.1,24.0,0.05,true,true,true,true,1,1,0.2,6
1,1654,agent_95,0.297964,,0,Toxic Model 1,Network1,0.1,24.0,0.05,true,true,true,true,1,1,0.2,6
1,1703,agent_26,0.830624,,0,Toxic Model 1,Network1,0.1,24.0,0.05,true,true,true,true,1,1,0.2,6
1,1831,agent_51,0.0698596,,0,Toxic Model 1,Network1,0.1,24.0,0.05,true,true,true,true,1,1,0.2,6
1,1860,agent_29,0.337464,,0,Toxic Model 1,Network1,0.1,24.0,0.05,true,true,true,true,1,1,0.2,6
1,1931,agent_29,0.337464,,0,Toxic Model 1,Network1,0.1,24.0,0.05,true,true,true,true,1,1,0.2,6
1,2036,agent_78,0.268697,0.01762448437511921,0,Toxic Model 1,Network1,0.1,24.0,0.05,true,true,true,true,1,1,0.2,6
1,2043,agent_8,0.821175,,0,Toxic Model 1,Network1,0.1,24.0,0.05,true,true,true,true,1,1,0.2,6
1,2092,agent_79,0.598582,,0,Toxic Model 1,Network1,0.1,24.0,0.05,true,true,true,true,1,1,0.2,6
1,2116,agent_39,0.830123,,0,Toxic Model 1,Network1,0.1,24.0,0.05,true,true,true,true,1,1,0.2,6
1,2128,agent_29,0.337464,0.039833445101976395,0,Toxic Model 1,Network1,0.1,24.0,0.05,true,true,true,true,1,1,0.2,6
1,2160,agent_48,0.605371,,0,Toxic Model 1,Network1,0.1,24.0,0.05,true,true,true,true,1,1,0.2,6
1,2173,agent_66,0.798684,,0,Toxic Model 1,Network1,0.1,24.0,0.05,true,true,true,true,1,1,0.2,6
1,2242,agent_78,0.268697,,0,Toxic Model 1,Network1,0.1,24.0,0.05,true,true,true,true,1,1,0.2,6
1,2257,agent_95,0.297964,0.01592445559799671,0,Toxic Model 1,Network1,0.1,24.0,0.05,true,true,true,true,1,1,0.2,6
1,2307,agent_95,0.297964,,0,Toxic Model 1,Network1,0.1,24.0,0.05,true,true,true,true,1,1,0.2,6
1,2333,agent_66,0.798684,,0,Toxic Model 1,Network1,0.1,24.0,0.05,true,true,true,true,1,1,0.2,6
1,2370,agent_26,0.830624,,0,Toxic Model 1,Network1,0.1,24.0,0.05,true,true,true,true,1,1,0.2,6
1,2554,agent_51,0.0698596,0.008126484230160713,0,Toxic Model 1,Network1,0.1,24.0,0.05,true,true,true,true,1,1,0.2,6
1,2576,agent_78,0.268697,,0,Toxic Model 1,Network1,0.1,24.0,0.05,true,true,true,true,1,1,0.2,6
1,2609,agent_65,0.529465,,0,Toxic Model 1,Network1,0.1,24.0,0.05,true,true,true,true,1,1,0.2,6
1,2693,agent_61,0.714836,,0,Toxic Model 1,Network1,0.1,24.0,0.05,true,true,true,true,1,1,0.2,6
1,2991,agent_29,0.337464,,0,Toxic Model 1,Network1,0.1,24.0,0.05,true,true,true,true,1,1,0.2,6
1,3170,agent_8,0.821175,,0,Toxic Model 1,Network1,0.1,24.0,0.05,true,true,true,true,1,1,0.2,6
1,3171,agent_8,0.821175,,0,Toxic Model 1,Network1,0.1,24.0,0.05,true,true,true,true,1,1,0.2,6
1,3179,agent_65,0.529465,,0,Toxic Model 1,Network1,0.1,24.0,0.05,true,true,true,true,1,1,0.2,6
1,3199,agent_48,0.605371,,0,Toxic Model 1,Network1,0.1,24.0,0.05,true,true,true,true,1,1,0.2,6
1,3214,agent_8,0.821175,,0,Toxic Model 1,Network1,0.1,24.0,0.05,true,true,true,true,1,1,0.2,6
1,3249,agent_69,0.241819,,0,Toxic Model 1,Network1,0.1,24.0,0.05,true,true,true,true,1,1,0.2,6
1,3305,agent_8,0.821175,,0,Toxic Model 1,Network1,0.1,24.0,0.05,true,true,true,true,1,1,0.2,6
1,3342,agent_29,0.337464,,0,Toxic Model 1,Network1,0.1,24.0,0.05,true,true,true,true,1,1,0.2,6
1,3397,agent_8,0.821175,0.026470182463526726,0,Toxic Model 1,Network1,0.1,24.0,0.05,true,true,true,true,1,1,0.2,6
1,3400,agent_79,0.598582,,0,Toxic Model 1,Network1,0.1,24.0,0.05,true,true,true,true,1,1,0.2,6
1,3531,agent_8,0.821175,0.5534444451332092,0,Toxic Model 1,Network1,0.1,24.0,0.05,true,true,true,true,1,1,0.2,6
1,3653,agent_74,0.749273,,0,Toxic Model 1,Network1,0.1,24.0,0.05,true,true,true,true,1,1,0.2,6
1,3791,agent_47,0.0899155,,0,Toxic Model 1,Network1,0.1,24.0,0.05,true,true,true,true,1,1,0.2,6
1,3825,agent_93,0.49365,,0,Toxic Model 1,Network1,0.1,24.0,0.05,true,true,true,true,1,1,0.2,6
2,29,agent_94,0.551381,,0,Toxic Model 2,Network2,0.1,24.0,0.05,true,true,true,true,2,10,0.4,6
2,67,agent_29,0.337464,0.11922628432512283,0,Toxic Model 2,Network2,0.1,24.0,0.05,true,true,true,true,2,10,0.4,6
2,78,agent_79,0.598582,0.2267078012228012,0,Toxic Model 2,Network2,0.1,24.0,0.05,true,true,true,true,2,10,0.4,6
2,100,agent_5,0.212172,,0,Toxic Model 2,Network2,0.1,24.0,0.05,true,true,true,true,2,10,0.4,6
2,201,agent_5,0.212172,,0,Toxic Model 2,Network2,0.1,24.0,0.05,true,true,true,true,2,10,0.4,6
2,214,agent_5,0.212172,,0,Toxic Model 2,Network2,0.1,24.0,0.05,true,true,true,true,2,10,0.4,6
2,303,agent_66,0.798684,0.29211801290512085,0,Toxic Model 2,Network2,0.1,24.0,0.05,true,true,true,true,2,10,0.4,6
2,351,agent_1,0.352114,0.2498980611562729,0,Toxic Model 2,Network2,0.1,24.0,0.05,true,true,true,true,2,10,0.4,6
2,444,agent_10,0.628033,0.007435990031808615,0,Toxic Model 2,Network2,0.1,24.0,0.05,true,true,true,true,2,10,0.4,6
2,508,agent_29,0.337464,,0,Toxic Model 2,Network2,0.1,24.0,0.05,true,true,true,true,2,10,0.4,6
2,534,agent_20,0.632745,,0,Toxic Model 2,Network2,0.1,24.0,0.05,true,true,true,true,2,10,0.4,6
2,550,agent_5,0.212172,,0,Toxic Model 2,Network2,0.1,24.0,0.05,true,true,true,true,2,10,0.4,6
2,580,agent_48,0.605371,,0,Toxic Model 2,Network2,0.1,24.0,0.05,true,true,true,true,2,10,0.4,6
2,741,agent_29,0.337464,,0,Toxic Model 2,Network2,0.1,24.0,0.05,true,true,true,true,2,10,0.4,6
2,760,agent_65,0.529465,,0,Toxic Model 2,Network2,0.1,24.0,0.05,true,true,true,true,2,10,0.4,6
2,771,agent_65,0.529465,,0,Toxic Model 2,Network2,0.1,24.0,0.05,true,true,true,true,2,10,0.4,6
2,888,agent_10,0.628033,,0,Toxic Model 2,Network2,0.1,24.0,0.05,true,true,true,true,2,10,0.4,6
2,909,agent_29,0.337464,,0,Toxic Model 2,Network2,0.1,24.0,0.05,true,true,true,true,2,10,0.4,6
2,1013,agent_65,0.529465,,0,Toxic Model 2,Network2,0.1,24.0,0.05,true,true,true,true,2,10,0.4,6
2,1069,agent_10,0.628033,0.388367623090744,0,Toxic Model 2,Network2,0.1,24.0,0.05,true,true,true,true,2,10,0.4,6
2,1119,agent_61,0.714836,0.5182952880859375,0,Toxic Model 2,Network2,0.1,24.0,0.05,true,true,true,true,2,10,0.4,6
2,1216,agent_29,0.337464,,0,Toxic Model 2,Network2,0.1,24.0,0.05,true,true,true,true,2,10,0.4,6
2,1309,agent_39,0.830123,,0,Toxic Model 2,Network2,0.1,24.0,0.05,true,true,true,true,2,10,0.4,6
2,1342,agent_29,0.337464,,0,Toxic Model 2,Network2,0.1,24.0,0.05,true,true,true,true,2,10,0.4,6
2,1368,agent_10,0.628033,,0,Toxic Model 2,Network2,0.1,24.0,0.05,true,true,true,true,2,10,0.4,6
2,1435,agent_5,0.212172,,0,Toxic Model 2,Network2,0.1,24.0,0.05,true,true,true,true,2,10,0.4,6
2,1465,agent_5,0.212172,0.20753030478954315,0,Toxic Model 2,Network2,0.1,24.0,0.05,true,true,true,true,2,10,0.4,6
2,1520,agent_93,0.49365,,0,Toxic Model 2,Network2,0.1,24.0,0.05,true,true,true,true,2,10,0.4,6
2,1562,agent_46,0.416256,,0,Toxic Model 2,Network2,0.1,24.0,0.05,true,true,true,true,2,10,0.4,6
2,1627,agent_88,0.591003,0.05657997354865074,0,Toxic Model 2,Network2,0.1,24.0,0.05,true,true,true,true,2,10,0.4,6
2,1689,agent_10,0.628033,0.4480714797973633,0,Toxic Model 2,Network2,0.1,24.0,0.05,true,true,true,true,2,10,0.4,6
2,1713,agent_0,0.345154,0.011445339769124985,0,Toxic Model 2,Network2,0.1,24.0,0.05,true,true,true,true,2,10,0.4,6
2,1749,agent_97,0.762863,,0,Toxic Model 2,Network2,0.1,24.0,0.05,true,true,true,true,2,10,0.4,6
2,1944,agent_69,0.241819,,0,Toxic Model 2,Network2,0.1,24.0,0.05,true,true,true,true,2,10,0.4,6
2,2089,agent_20,0.632745,,0,Toxic Model 2,Network2,0.1,24.0,0.05,true,true,true,true,2,10,0.4,6
2,2170,agent_88,0.591003,,0,Toxic Model 2,Network2,0.1,24.0,0.05,true,true,true,true,2,10,0.4,6
2,2187,agent_10,0.628033,,0,Toxic Model 2,Network2,0.1,24.0,0.05,true,true,true,true,2,10,0.4,6
2,2189,agent_61,0.714836,,0,Toxic Model 2,Network2,0.1,24.0,0.05,true,true,true,true,2,10,0.4,6
2,2257,agent_20,0.632745,,0,Toxic Model 2,Network2,0.1,24.0,0.05,true,true,true,true,2,10,0.4,6
2,2261,agent_10,0.628033,,0,Toxic Model 2,Network2,0.1,24.0,0.05,true,true,true,true,2,10,0.4,6
2,2511,agent_89,0.693759,,0,Toxic Model 2,Network2,0.1,24.0,0.05,true,true,true,true,2,10,0.4,6
2,2529,agent_20,0.632745,,0,Toxic Model 2,Network2,0.1,24.0,0.05,true,true,true,true,2,10,0.4,6
2,2670,agent_20,0.632745,,0,Toxic Model 2,Network2,0.1,24.0,0.05,true,true,true,true,2,10,0.4,6
2,2858,agent_65,0.529465,,0,Toxic Model 2,Network2,0.1,24.0,0.05,true,true,true,true,2,10,0.4,6
2,2891,agent_79,0.598582,,0,Toxic Model 2,Network2,0.1,24.0,0.05,true,true,true,true,2,10,0.4,6
2,2903,agent_20,0.632745,,0,Toxic Model 2,Network2,0.1,24.0,0.05,true,true,true,true,2,10,0.4,6
2,2930,agent_74,0.749273,,0,Toxic Model 2,Network2,0.1,24.0,0.05,true,true,true,true,2,10,0.4,6
2,2954,agent_20,0.632745,,0,Toxic Model 2,Network2,0.1,24.0,0.05,true,true,true,true,2,10,0.4,6
2,3015,agent_29,0.337464,0.16050928831100464,0,Toxic Model 2,Network2,0.1,24.0,0.05,true,true,true,true,2,10,0.4,6
2,3091,agent_94,0.551381,,0,Toxic Model 2,Network2,0.1,24.0,0.05,true,true,true,true,2,10,0.4,6
2,3113,agent_5,0.212172,0.010772960260510445,0,Toxic Model 2,Network2,0.1,24.0,0.05,true,true,true,true,2,10,0.4,6
2,3307,agent_20,0.632745,,0,Toxic Model 2,Network2,0.1,24.0,0.05,true,true,true,true,2,10,0.4,6
2,3364,agent_1,0.352114,,0,Toxic Model 2,Network2,0.1,24.0,0.05,true,true,true,true,2,10,0.4,6
2,3372,agent_66,0.798684,,0,Toxic Model 2,Network2,0.1,24.0,0.05,true,true,true,true,2,10,0.4,6
2,3398,agent_97,0.762863,0.017034055665135384,0,Toxic Model 2,Network2,0.1,24.0,0.05,true,true,true,true,2,10,0.4,6
2,3411,agent_0,0.345154,,0,Toxic Model 2,Network2,0.1,24.0,0.05,true,true,true,true,2,10,0.4,6
2,3603,agent_48,0.605371,,0,Toxic Model 2,Network2,0.1,24.0,0.05,true,true,true,true,2,10,0.4,6
2,3639,agent_20,0.632745,0.07161088287830353,0,Toxic Model 2,Network2,0.1,24.0,0.05,true,true,true,true,2,10,0.4,6
2,3797,agent_93,0.49365,,0,Toxic Model 2,Network2,0.1,24.0,0.05,true,true,true,true,2,10,0.4,6
2,3799,agent_26,0.830624,,0,Toxic Model 2,Network2,0.1,24.0,0.05,true,true,true,true,2,10,0.4,6
2,3802,agent_20,0.632745,,0,Toxic Model 2,Network2,0.1,24.0,0.05,true,true,true,true,2,10,0.4,6
2,3840,agent_20,0.632745,,0,Toxic Model 2,Network2,0.1,24.0,0.05,true,true,true,true,2,10,0.4,6
2,3887,agent_66,0.798684,,0,Toxic Model 2,Network2,0.1,24.0,0.05,true,true,true,true,2,10,0.4,6
2,3888,agent_20,0.632745,0.05454498901963234,0,Toxic Model 2,Network2,0.1,24.0,0.05,true,true,true,true,2,10,0.4,6
2,3894,agent_10,0.628033,,0,Toxic Model 2,Network2,0.1,24.0,0.05,true,true,true,true,2,10,0.4,6
2,3908,agent_10,0.628033,,0,Toxic Model 2,Network2,0.1,24.0,0.05,true,true,true,true,2,10,0.4,6
2,3911,agent_10,0.628033,,0,Toxic Model 2,Network2,0.1,24.0,0.05,true,true,true,true,2,10,0.4,6
3,12,agent_75,0.880767,0.053976211696863174,0,Toxic Model 3,Network3,0.1,24.0,0.4,false,true,true,false,2,1,0.6,6
3,292,agent_75,0.880767,0.08699377626180649,0,Toxic Model 3,Network3,0.1,24.0,0.4,false,true,true,false,2,1,0.6,6
3,470,agent_10,0.628033,0.5931777954101562,0,Toxic Model 3,Network3,0.1,24.0,0.4,false,true,true,false,2,1,0.6,6
3,628,agent_29,0.337464,,0,Toxic Model 3,Network3,0.1,24.0,0.4,false,true,true,false,2,1,0.6,6
3,642,agent_88,0.591003,0.27847540378570557,0,Toxic Model 3,Network3,0.1,24.0,0.4,false,true,true,false,2,1,0.6,6
3,806,agent_29,0.337464,,0,Toxic Model 3,Network3,0.1,24.0,0.4,false,true,true,false,2,1,0.6,6
3,922,agent_29,0.337464,,0,Toxic Model 3,Network3,0.1,24.0,0.4,false,true,true,false,2,1,0.6,6
3,984,agent_5,0.212172,0.13702471554279327,0,Toxic Model 3,Network3,0.1,24.0,0.4,false,true,true,false,2,1,0.6,6
3,987,agent_75,0.880767,,0,Toxic Model 3,Network3,0.1,24.0,0.4,false,true,true,false,2,1,0.6,6
3,1380,agent_75,0.880767,0.5647119283676147,0,Toxic Model 3,Network3,0.1,24.0,0.4,false,true,true,false,2,1,0.6,6
3,1627,agent_10,0.628033,,0,Toxic Model 3,Network3,0.1,24.0,0.4,false,true,true,false,2,1,0.6,6
3,1710,agent_88,0.591003,,0,Toxic Model 3,Network3,0.1,24.0,0.4,false,true,true,false,2,1,0.6,6
3,1848,agent_1,0.352114,0.029946379363536835,0,Toxic Model 3,Network3,0.1,24.0,0.4,false,true,true,false,2,1,0.6,6
3,2008,agent_20,0.632745,0.613321840763092,0,Toxic Model 3,Network3,0.1,24.0,0.4,false,true,true,false,2,1,0.6,6
3,2016,agent_46,0.416256,,0,Toxic Model 3,Network3,0.1,24.0,0.4,false,true,true,false,2,1,0.6,6
3,2045,agent_66,0.798684,,0,Toxic Model 3,Network3,0.1,24.0,0.4,false,true,true,false,2,1,0.6,6
3,2108,agent_66,0.798684,,0,Toxic Model 3,Network3,0.1,24.0,0.4,false,true,true,false,2,1,0.6,6
3,2124,agent_0,0.345154,0.31348633766174316,0,Toxic Model 3,Network3,0.1,24.0,0.4,false,true,true,false,2,1,0.6,6
3,2128,agent_10,0.628033,,0,Toxic Model 3,Network3,0.1,24.0,0.4,false,true,true,false,2,1,0.6,6
3,2416,agent_66,0.798684,,0,Toxic Model 3,Network3,0.1,24.0,0.4,false,true,true,false,2,1,0.6,6
3,2417,agent_8,0.821175,0.04462088644504547,0,Toxic Model 3,Network3,0.1,24.0,0.4,false,true,true,false,2,1,0.6,6
3,2489,agent_10,0.628033,0.5335806608200073,0,Toxic Model 3,Network3,0.1,24.0,0.4,false,true,true,false,2,1,0.6,6
3,2507,agent_66,0.798684,,0,Toxic Model 3,Network3,0.1,24.0,0.4,false,true,true,false,2,1,0.6,6
3,2564,agent_10,0.628033,0.19725438952445984,0,Toxic Model 3,Network3,0.1,24.0,0.4,false,true,true,false,2,1,0.6,6
3,2712,agent_5,0.212172,0.10495608299970627,0,Toxic Model 3,Network3,0.1,24.0,0.4,false,true,true,false,2,1,0.6,6
3,2780,agent_29,0.337464,,0,Toxic Model 3,Network3,0.1,24.0,0.4,false,true,true,false,2,1,0.6,6
3,2803,agent_75,0.880767,0.21625152230262756,0,Toxic Model 3,Network3,0.1,24.0,0.4,false,true,true,false,2,1,0.6,6
3,2853,agent_1,0.352114,0.006214462220668793,0,Toxic Model 3,Network3,0.1,24.0,0.4,false,true,true,false,2,1,0.6,6
3,2979,agent_88,0.591003,,0,Toxic Model 3,Network3,0.1,24.0,0.4,false,true,true,false,2,1,0.6,6
3,3101,agent_75,0.880767,0.6738191246986389,0,Toxic Model 3,Network3,0.1,24.0,0.4,false,true,true,false,2,1,0.6,6
3,3110,agent_5,0.212172,0.17183317244052887,0,Toxic Model 3,Network3,0.1,24.0,0.4,false,true,true,false,2,1,0.6,6
3,3150,agent_29,0.337464,0.06709493696689606,0,Toxic Model 3,Network3,0.1,24.0,0.4,false,true,true,false,2,1,0.6,6
3,3253,agent_5,0.212172,0.15780653059482574,0,Toxic Model 3,Network3,0.1,24.0,0.4,false,true,true,false,2,1,0.6,6
3,3369,agent_75,0.880767,0.13862650096416473,0,Toxic Model 3,Network3,0.1,24.0,0.4,false,true,true,false,2,1,0.6,6
3,3504,agent_10,0.628033,,0,Toxic Model 3,Network3,0.1,24.0,0.4,false,true,true,false,2,1,0.6,6
3,3630,agent_1,0.352114,0.3422165811061859,0,Toxic Model 3,Network3,0.1,24.0,0.4,false,true,true,false,2,1,0.6,6
3,3692,agent_29,0.337464,,0,Toxic Model 3,Network3,0.1,24.0,0.4,false,true,true,false,2,1,0.6,6
3,3712,agent_1,0.352114,0.05572346970438957,0,Toxic Model 3,Network3,0.1,24.0,0.4,false,true,true,false,2,1,0.6,6
3,3722,agent_88,0.591003,,0,Toxic Model 3,Network3,0.1,24.0,0.4,false,true,true,false,2,1,0.6,6
3,3726,agent_69,0.241819,,0,Toxic Model 3,Network3,0.1,24.0,0.4,false,true,true,false,2,1,0.6,6
