platform,timestamp,author,author_toxicity,toxicity,knowledge,platform_model name,platform_network name,platform_interval time duration,platform_maximum post inactivity,platform_toxicity threshold,platform_full ban,platform_partial ban,platform_warning,platform_remove content,platform_network ban threshold,platform_network warning threshold,platform_moderation miss probability,platform_partial ban length
1,24,agent_46,0.416256,,0,Toxic Model 1,Network1,0.1,24.0,0.05,true,true,true,true,1,1,0.2,6
1,32,agent_8,0.821175,,0,Toxic Model 1,Network1,0.1,24.0,0.05,true,true,true,true,1,1,0.2,6
1,46,agent_5,0.212172,,0,Toxic Model 1,Network1,0.1,24.0,0.05,true,true,true,true,1,1,0.2,6
1,83,agent_0,0.345154,0.15153147280216217,0,Toxic Model 1,Network1,0.1,24.0,0.05,true,true,true,true,1,1,0.2,6
1,143,agent_48,0.605371,0.4285675287246704,0,Toxic Model 1,Network1,0.1,24.0,0.05,true,true,true,true,1,1,0.2,6
1,232,agent_39,0.830123,0.4042041003704071,0,Toxic Model 1,Network1,0.1,24.0,0.05,true,true,true,true,1,1,0.2,6
1,251,agent_39,0.830123,,0,Toxic Model 1,Network1,0.1,24.0,0.05,true,true,true,true,1,1,0.2,6
1,327,agent_65,0.529465,,0,Toxic Model 1,Network1,0.1,24.0,0.05,true,true,true,true,1,1,0.2,6
1,396,agent_10,0.628033,0.08192785829305649,0,Toxic Model 1,Network1,0.1,24.0,0.05,true,true,true,true,1,1,0.2,6
1,433,agent_51,0.0698596,,0,Toxic Model 1,Network1,0.1,24.0,0.05,true,true,true,true,1,1,0.2,6
1,439,agent_51,0.0698596,,0,Toxic Model 1,Network1,0.1,24.0,0.05,true,true,true,true,1,1,0.2,6
1,486,agent_74,0.749273,,0,Toxic Model 1,Network1,0.1,24.0,0.05,true,true,true,true,1,1,0.2,6
1,512,agent_66,0.798684,,0,Toxic Model 1,Network1,0.1,24.0,0.05,true,true,true,true,1,1,0.2,6
1,522,agent_93,0.49365,,0,Toxic Model 1,Network1,0.1,24.0,0.05,true,true,true,true,1,1,0.2,6
1,538,agent_65,0.529465,,0,Toxic Model 1,Network1,0.1,24.0,0.05,true,true,true,true,1,1,0.2,6
1,558,agent_20,0.632745,,0,Toxic Model 1,Network1,0.1,24.0,0.05,true,true,true,true,1,1,0.2,6
1,616,agent_67,0.00771932,,0,Toxic Model 1,Network1,0.1,24.0,0.05,true,true,true,true,1,1,0.2,6
1,659,agent_65,0.529465,,0,Toxic Model 1,Network1,0.1,24.0,0.05,true,true,true,true,1,1,0.2,6
1,671,agent_26,0.830624,,0,Toxic Model 1,Network1,0.1,24.0,0.05,true,true,true,true,1,1,0.2,6
1,766,agent_97,0.762863,,0,Toxic Model 1,Network1,0.1,24.0,0.05,true,true,true,true,1,1,0.2,6
1,788,agent_82,0.462876,,0,Toxic Model 1,Network1,0.1,24.0,0.05,true,true,true,true,1,1,0.2,6
1,795,agent_69,0.241819,,0,Toxic Model 1,Network1,0.1,24.0,0.05,true,true,true,true,1,1,0.2,6
1,897,agent_46,0.416256,,0,Toxic Model 1,Network1,0.1,24.0,0.05,true,true,true,true,1,1,0.2,6
1,925,agent_47,0.0899155,,0,Toxic Model 1,Network1,0.1,24.0,0.05,true,true,true,true,1,1,0.2,6
1,996,agent_5,0.212172,,0,Toxic Model 1,Network1,0.1,24.0,0.05,true,true,true,true,1,1,0.2,6
1,1003,agent_50,0.508059,,0,Toxic Model 1,Network1,0.1,24.0,0.05,true,true,true,true,1,1,0.2,6
1,1128,agent_50,0.508059,,0,Toxic Model 1,Network1,0.1,24.0,0.05,true,true,true,true,1,1,0.2,6
1,1131,agent_94,0.551381,,0,Toxic Model 1,Network1,0.1,24.0,0.05,true,true,true,true,1,1,0.2,6
1,1191,agent_10,0.628033,0.5912929177284241,0,Toxic Model 1,Network1,0.1,24.0,0.05,true,true,true,true,1,1,0.2,6
1,1284,agent_5,0.212172,,0,Toxic Model 1,Network1,0.1,24.0,0.05,true,true,true,true,1,1,0.2,6
1,1292,agent_65,0.529465,,0,Toxic Model 1,Network1,0.1,24.0,0.05,true,true,true,true,1,1,0.2,6
1,1307,agent_75,0.880767,0.3250229060649872,0,Toxic Model 1,Network1,0.1,24.0,0.05,true,true,true,true,1,1,0.2,6
1,1311,agent_78,0.268697,,0,Toxic Model 1,Network1,0.1,24.0,0.05,true,true,true,true,1,1,0.2,6
1,1332,agent_47,0.0899155,0.03837087005376816,0,Toxic Model 1,Network1,0.1,24.0,0.05,true,true,true,true,1,1,0.2,6
1,1369,agent_51,0.0698596,,0,Toxic Model 1,Network1,0.1,24.0,0.05,true,true,true,true,1,1,0.2,6
1,1467,agent_39,0.830123,,0,Toxic Model 1,Network1,0.1,24.0,0.05,true,true,true,true,1,1,0.2,6
1,1473,agent_69,0.241819,0.09293437749147415,0,Toxic Model 1,Network1,0.1,24.0,0.05,true,true,true,true,1,1,0.2,6
1,1611,agent_93,0.49365,,0,Toxic Model 1,Network1,0.1,24.0,0.05,true,true,true,true,1,1,0.2,6
1,1654,agent_95,0.297964,,0,Toxic Model 1,Network1,0.1,24.0,0.05,true,true,true,true,1,1,0.2,6
1,1703,agent_26,0.830624,,0,Toxic Model 1,Network1,0.1,24.0,0.05,true,true,true,true,1,1,0.2,6
1,1831,agent_51,0.0698596,,0,Toxic Model 1,Network1,0.1,24.0,0.05,true,true,true,true,1,1,0.2,6
1,1860,agent_29,0.337464,,0,Toxic Model 1,Network1,0.1,24.0,0.05,true,true,true,true,1,1,0.2,6
1,1931,agent_29,0.337464,,0,Toxic Model 1,Network1,0.1,24.0,0.05,true,true,true,true,1,1,0.2,6
1,2036,agent_78,0.268697,0.01762448437511921,0,Toxic Model 1,Network1,0.1,24.0,0.05,true,true,true,true,1,1,0.2,6
1,2043,agent_8,0.821175,,0,Toxic Model 1,Network1,0.1,24.0,0.05,true,true,true,true,1,1,0.2,6
1,2092,agent_79,0.598582,,0,Toxic Model 1,Network1,0.1,24.0,0.05,true,true,true,true,1,1,0.2,6
1,2116,agent_39,0.830123,,0,Toxic Model 1,Network1,0.1,24.0,0.05,true,true,true,true,1,1,0.2,6
1,2128,agent_29,0.337464,0.039833445101976395,0,Toxic Model 1,Network1,0.1,24.0,0.05,true,true,true,true,1,1,0.2,6
1,2160,agent_48,0.605371,,0,Toxic Model 1,Network1,0.1,24.0,0.05,true,true,true,true,1,1,0.2,6
1,2173,agent_66,0.798684,,0,Toxic Model 1,Network1,0.1,24.0,0.05,true,true,true,true,1,1,0.2,6
1,2242,agent_78,0.268697,,0,Toxic Model 1,Network1,0.1,24.0,0.05,true,true,true,true,1,1,0.2,6
1,2257,agent_95,0.297964,0.01592445559799671,0,Toxic Model 1,Network1,0.1,24.0,0.05,true,true,true,true,1,1,0.2,6
1,2307,agent_95,0.297964,,0,Toxic Model 1,Network1,0.1,24.0,0.05,true,true,true,true,1,1,0.2,6
1,2333,agent_66,0.798684,,0,Toxic Model 1,Network1,0.1,24.0,0.05,true,true,true,true,1,1,0.2,6
1,2370,agent_26,0.830624,,0,Toxic Model 1,Network1,0.1,24.0,0.05,true,true,true,true,1,1,0.2,6
1,2554,agent_51,0.0698596,0.008126484230160713,0,Toxic Model 1,Network1,0.1,24.0,0.05,true,true,true,true,1,1,0.2,6
1,2576,agent_78,0.268697,,0,Toxic Model 1,Network1,0.1,24.0,0.05,true,true,true,true,1,1,0.2,6
1,2609,agent_65,0.529465,,0,Toxic Model 1,Network1,0.1,24.0,0.05,true,true,true,true,1,1,0.2,6
1,2693,agent_61,0.714836,,0,Toxic Model 1,Network1,0.1,24.0,0.05,true,true,true,true,1,1,0.2,6
1,2991,agent_29,0.337464,,0,Toxic Model 1,Network1,0.1,24.0,0.05,true,true,true,true,1,1,0.2,6
1,3170,agent_8,0.821175,,0,Toxic Model 1,Network1,0.1,24.0,0.05,true,true,true,true,1,1,0.2,6
1,3171,agent_8,0.821175,,0,Toxic Model 1,Network1,0.1,24.0,0.05,true,true,true,true,1,1,0.2,6
1,3179,agent_65,0.529465,,0,Toxic Model 1,Network1,0.1,24.0,0.05,true,true,true,true,1,1,0.2,6
1,3199,agent_48,0.605371,,0,Toxic Model 1,Network1,0.1,24.0,0.05,true,true,true,true,1,1,0.2,6
1,3214,agent_8,0.821175,,0,Toxic Model 1,Network1,0.1,24.0,0.05,true,true,true,true,1,1,0.2,6
1,3249,agent_69,0.241819,,0,Toxic Model 1,Network1,0.1,24.0,0.05,true,true,true,true,1,1,0.2,6
1,3305,agent_8,0.821175,,0,Toxic Model 1,Network1,0.1,24.0,0.05,true,true,true,true,1,1,0.2,6
1,3342,agent_29,0.337464,,0,Toxic Model 1,Network1,0.1,24.0,0.05,true,true,true,true,1,1,0.2,6
1,3397,agent_8,0.821175,0.026470182463526726,0,Toxic Model 1,Network1,0.1,24.0,0.05,true,true,true,true,1,1,0.2,6
1,3400,agent_79,0.598582,,0,Toxic Model 1,Network1,0.1,24.0,0.05,true,true,true,true,1,1,0.2,6
1,3531,agent_8,0.821175,0.5534444451332092,0,Toxic Model 1,Network1,0.1,24.0,0.05,true,true,true,true,1,1,0.2,6
1,3653,agent_74,0.749273,,0,Toxic Model 1,Network1,0.1,24.0,0.05,true,true,true,true,1,1,0.2,6
1,3791,agent_47,0.0899155,,0,Toxic Model 1,Network1,0.1,24.0,0.05,true,true,true,true,1,1,0.2,6
1,3825,agent_93,0.49365,,0,Toxic Model 1,Network1,0.1,24.0,0.05,true,true,true,true,1,1,0.2,6
