{"data":[{"author_id":"agent_2","created_at":0,"entities":{"indexes":[{"knowledge":2}]},"id":0,"public_metrics":{"quote_count":4,"reply_count":6,"retweet_count":6}},{"author_id":"agent_3","created_at":1,"entities":{"indexes":[{"knowledge":1}]},"id":1,"public_metrics":{"quote_count":0,"reply_count":0,"retweet_count":1}},{"author_id":"agent_3","created_at":1,"entities":{"indexes":[{"knowledge":1}]},"id":2,"public_metrics":{"quote_count":0,"reply_count":0,"retweet_count":0}},{"author_id":"agent_9","created_at":1,"entities":{"indexes":[{"knowledge":2}]},"id":3,"public_metrics":{"quote_count":1,"reply_count":1,"retweet_count":0},"referenced_tweets":[{"id":0,"type":"quoted"}]},{"author_id":"agent_8","created_at":1,"entities":{"indexes":[{"knowledge":2}]},"id":4,"public_metrics":{"quote_count":0,"reply_count":0,"retweet_count":1},"referenced_tweets":[{"id":0,"type":"retweeted"}]},{"author_id":"agent_8","created_at":1,"entities":{"indexes":[{"knowledge":2}]},"id":5,"public_metrics":{"quote_count":1,"reply_count":1,"retweet_count":1},"referenced_tweets":[{"id":0,"type":"replied_to"}]},{"author_id":"agent_2","created_at":2,"entities":{"indexes":[{"knowledge":2}]},"id":6,"public_metrics":{"quote_count":0,"reply_count":0,"retweet_count":0}},{"author_id":"agent_5","created_at":2,"entities":{"indexes":[{"knowledge":2}]},"id":7,"public_metrics":{"quote_count":0,"reply_count":0,"retweet_count":0}},{"author_id":"agent_5","created_at":2,"entities":{"indexes":[{"knowledge":2}]},"id":8,"public_metrics":{"quote_count":0,"reply_count":0,"retweet_count":0}},{"author_id":"agent_6","created_at":2,"entities":{"indexes":[{"knowledge":2}]},"id":9,"public_metrics":{"quote_count":0,"reply_count":0,"retweet_count":0}},{"author_id":"agent_8","created_at":2,"entities":{"indexes":[{"knowledge":2}]},"id":10,"public_metrics":{"quote_count":1,"reply_count":1,"retweet_count":0}},{"author_id":"agent_4","created_at":2,"entities":{"indexes":[{"knowledge":2}]},"id":11,"public_metrics":{"quote_count":0,"reply_count":0,"retweet_count":0},"referenced_tweets":[{"id":3,"type":"quoted"}]},{"author_id":"agent_2","created_at":2,"entities":{"indexes":[{"knowledge":2}]},"id":12,"public_metrics":{"quote_count":0,"reply_count":1,"retweet_count":1},"referenced_tweets":[{"id":3,"type":"replied_to"}]},{"author_id":"agent_0","created_at":2,"entities":{"indexes":[{"knowledge":2}]},"id":13,"public_metrics":{"quote_count":1,"reply_count":1,"retweet_count":1},"referenced_tweets":[{"id":5,"type":"replied_to"}]},{"author_id":"agent_0","created_at":2,"entities":{"indexes":[{"knowledge":2}]},"id":14,"public_metrics":{"quote_count":0,"reply_count":0,"retweet_count":0},"referenced_tweets":[{"id":5,"type":"quoted"}]},{"author_id":"agent_2","created_at":3,"entities":{"indexes":[{"knowledge":0}]},"id":15,"public_metrics":{"quote_count":0,"reply_count":0,"retweet_count":0}},{"author_id":"agent_6","created_at":3,"entities":{"indexes":[{"knowledge":2}]},"id":16,"public_metrics":{"quote_count":0,"reply_count":0,"retweet_count":0},"referenced_tweets":[{"id":0,"type":"quoted"}]},{"author_id":"agent_1","created_at":4,"entities":{"indexes":[{"knowledge":2}]},"id":17,"public_metrics":{"quote_count":0,"reply_count":0,"retweet_count":0}},{"author_id":"agent_2","created_at":4,"entities":{"indexes":[{"knowledge":2}]},"id":18,"public_metrics":{"quote_count":1,"reply_count":0,"retweet_count":0}},{"author_id":"agent_6","created_at":4,"entities":{"indexes":[{"knowledge":2}]},"id":19,"public_metrics":{"quote_count":0,"reply_count":0,"retweet_count":0}},{"author_id":"agent_9","created_at":4,"entities":{"indexes":[{"knowledge":1}]},"id":20,"public_metrics":{"quote_count":0,"reply_count":0,"retweet_count":0}},{"author_id":"agent_4","created_at":4,"entities":{"indexes":[{"toxicity":0},{"knowledge":2}],"values":[{"toxicity":0.05374941974878311}]},"id":21,"public_metrics":{"quote_count":0,"reply_count":0,"retweet_count":0},"referenced_tweets":[{"id":10,"type":"replied_to"}]},{"author_id":"agent_4","created_at":4,"entities":{"indexes":[{"knowledge":2}]},"id":22,"public_metrics":{"quote_count":0,"reply_count":0,"retweet_count":0},"referenced_tweets":[{"id":10,"type":"quoted"}]},{"author_id":"agent_2","created_at":5,"entities":{"indexes":[{"knowledge":0}]},"id":23,"public_metrics":{"quote_count":0,"reply_count":0,"retweet_count":0}},{"author_id":"agent_9","created_at":5,"entities":{"indexes":[{"knowledge":2}]},"id":24,"public_metrics":{"quote_count":0,"reply_count":0,"retweet_count":0},"referenced_tweets":[{"id":12,"type":"retweeted"}]},{"author_id":"agent_0","created_at":6,"entities":{"indexes":[{"knowledge":2}]},"id":25,"public_metrics":{"quote_count":0,"reply_count":0,"retweet_count":0}},{"author_id":"agent_2","created_at":6,"entities":{"indexes":[{"knowledge":0}]},"id":26,"public_metrics":{"quote_count":0,"reply_count":0,"retweet_count":0}},{"author_id":"agent_3","created_at":6,"entities":{"indexes":[{"knowledge":2}]},"id":27,"public_metrics":{"quote_count":0,"reply_count":0,"retweet_count":0}},{"author_id":"agent_8","created_at":6,"entities":{"indexes":[{"knowledge":2}]},"id":28,"public_metrics":{"quote_count":0,"reply_count":0,"retweet_count":0}},{"author_id":"agent_7","created_at":6,"entities":{"indexes":[{"knowledge":2}]},"id":29,"public_metrics":{"quote_count":0,"reply_count":0,"retweet_count":0},"referenced_tweets":[{"id":0,"type":"retweeted"}]},{"author_id":"agent_7","created_at":6,"entities":{"indexes":[{"knowledge":2}]},"id":30,"public_metrics":{"quote_count":0,"reply_count":0,"retweet_count":0},"referenced_tweets":[{"id":0,"type":"replied_to"}]},{"author_id":"agent_7","created_at":6,"entities":{"indexes":[{"knowledge":2}]},"id":31,"public_metrics":{"quote_count":0,"reply_count":0,"retweet_count":0},"referenced_tweets":[{"id":0,"type":"quoted"}]},{"author_id":"agent_5","created_at":6,"entities":{"indexes":[{"knowledge":2}]},"id":32,"public_metrics":{"quote_count":0,"reply_count":0,"retweet_count":0},"referenced_tweets":[{"id":18,"type":"quoted"}]},{"author_id":"agent_4","created_at":6,"entities":{"indexes":[{"knowledge":2}]},"id":33,"public_metrics":{"quote_count":0,"reply_count":0,"retweet_count":0},"referenced_tweets":[{"id":0,"type":"retweeted"}]},{"author_id":"agent_3","created_at":7,"entities":{"indexes":[{"knowledge":1}]},"id":34,"public_metrics":{"quote_count":0,"reply_count":0,"retweet_count":0}},{"author_id":"agent_3","created_at":7,"entities":{"indexes":[{"knowledge":1}]},"id":35,"public_metrics":{"quote_count":0,"reply_count":0,"retweet_count":0}},{"author_id":"agent_8","created_at":7,"entities":{"indexes":[{"knowledge":1}]},"id":36,"public_metrics":{"quote_count":0,"reply_count":0,"retweet_count":0},"referenced_tweets":[{"id":1,"type":"retweeted"}]},{"author_id":"agent_4","created_at":7,"entities":{"indexes":[{"knowledge":2}]},"id":37,"public_metrics":{"quote_count":0,"reply_count":0,"retweet_count":0},"referenced_tweets":[{"id":0,"type":"retweeted"}]},{"author_id":"agent_4","created_at":7,"entities":{"indexes":[{"knowledge":2}]},"id":38,"public_metrics":{"quote_count":0,"reply_count":0,"retweet_count":0},"referenced_tweets":[{"id":0,"type":"replied_to"}]},{"author_id":"agent_2","created_at":7,"entities":{"indexes":[{"knowledge":2}]},"id":39,"public_metrics":{"quote_count":0,"reply_count":0,"retweet_count":0},"referenced_tweets":[{"id":5,"type":"retweeted"}]},{"author_id":"agent_4","created_at":8,"entities":{"indexes":[{"knowledge":2}]},"id":40,"public_metrics":{"quote_count":0,"reply_count":0,"retweet_count":0}},{"author_id":"agent_4","created_at":8,"entities":{"indexes":[{"knowledge":2}]},"id":41,"public_metrics":{"quote_count":0,"reply_count":0,"retweet_count":0}},{"author_id":"agent_5","created_at":8,"entities":{"indexes":[{"knowledge":1}]},"id":42,"public_metrics":{"quote_count":0,"reply_count":0,"retweet_count":0}},{"author_id":"agent_8","created_at":8,"entities":{"indexes":[{"knowledge":1}]},"id":43,"public_metrics":{"quote_count":0,"reply_count":0,"retweet_count":0}},{"author_id":"agent_9","created_at":8,"entities":{"indexes":[{"knowledge":2}]},"id":44,"public_metrics":{"quote_count":0,"reply_count":0,"retweet_count":0}},{"author_id":"agent_9","created_at":8,"entities":{"indexes":[{"knowledge":2}]},"id":45,"public_metrics":{"quote_count":0,"reply_count":0,"retweet_count":0},"referenced_tweets":[{"id":12,"type":"replied_to"}]},{"author_id":"agent_8","created_at":8,"entities":{"indexes":[{"knowledge":2}]},"id":46,"public_metrics":{"quote_count":0,"reply_count":0,"retweet_count":0},"referenced_tweets":[{"id":13,"type":"replied_to"}]},{"author_id":"agent_8","created_at":8,"entities":{"indexes":[{"knowledge":2}]},"id":47,"public_metrics":{"quote_count":0,"reply_count":0,"retweet_count":0},"referenced_tweets":[{"id":13,"type":"quoted"}]},{"author_id":"agent_5","created_at":8,"entities":{"indexes":[{"knowledge":2}]},"id":48,"public_metrics":{"quote_count":0,"reply_count":0,"retweet_count":0},"referenced_tweets":[{"id":0,"type":"retweeted"}]},{"author_id":"agent_5","created_at":8,"entities":{"indexes":[{"knowledge":2}]},"id":49,"public_metrics":{"quote_count":0,"reply_count":0,"retweet_count":0},"referenced_tweets":[{"id":0,"type":"replied_to"}]},{"author_id":"agent_3","created_at":8,"entities":{"indexes":[{"knowledge":2}]},"id":50,"public_metrics":{"quote_count":0,"reply_count":0,"retweet_count":0},"referenced_tweets":[{"id":4,"type":"retweeted"}]},{"author_id":"agent_3","created_at":9,"entities":{"indexes":[{"knowledge":2}]},"id":51,"public_metrics":{"quote_count":0,"reply_count":0,"retweet_count":0}},{"author_id":"agent_6","created_at":9,"entities":{"indexes":[{"knowledge":2}]},"id":52,"public_metrics":{"quote_count":0,"reply_count":0,"retweet_count":0}},{"author_id":"agent_6","created_at":9,"entities":{"indexes":[{"knowledge":2}]},"id":53,"public_metrics":{"quote_count":0,"reply_count":0,"retweet_count":0}},{"author_id":"agent_6","created_at":9,"entities":{"indexes":[{"knowledge":2}]},"id":54,"public_metrics":{"quote_count":0,"reply_count":0,"retweet_count":0}},{"author_id":"agent_6","created_at":9,"entities":{"indexes":[{"toxicity":0},{"knowledge":2}],"values":[{"toxicity":0.11036650091409683}]},"id":55,"public_metrics":{"quote_count":0,"reply_count":0,"retweet_count":0}},{"author_id":"agent_6","created_at":9,"entities":{"indexes":[{"knowledge":2}]},"id":56,"public_metrics":{"quote_count":0,"reply_count":0,"retweet_count":0},"referenced_tweets":[{"id":0,"type":"replied_to"}]},{"author_id":"agent_6","created_at":9,"entities":{"indexes":[{"knowledge":2}]},"id":57,"public_metrics":{"quote_count":0,"reply_count":0,"retweet_count":0},"referenced_tweets":[{"id":0,"type":"quoted"}]},{"author_id":"agent_5","created_at":9,"entities":{"indexes":[{"knowledge":2}]},"id":58,"public_metrics":{"quote_count":0,"reply_count":0,"retweet_count":0},"referenced_tweets":[{"id":13,"type":"retweeted"}]},{"author_id":"agent_4","created_at":9,"entities":{"indexes":[{"knowledge":2}]},"id":59,"public_metrics":{"quote_count":0,"reply_count":0,"retweet_count":0},"referenced_tweets":[{"id":0,"type":"retweeted"}]},{"author_id":"agent_4","created_at":9,"entities":{"indexes":[{"knowledge":2}]},"id":60,"public_metrics":{"quote_count":0,"reply_count":0,"retweet_count":0},"referenced_tweets":[{"id":0,"type":"replied_to"}]}]}