<?xml version="1.0" encoding="utf-8"?>
<construct_parameters>
 <parameter name="verbose initialization" value="true"/>
 <parameter name="verbose runtime" value="true"/>
</construct_parameters>
<nodesets>
 <nodeset name="agent">
  <node name="agent_0">
   <attribute name="can send knowledge" value="true"/>
   <attribute name="can receive knowledge" value="true"/>
  </node>
  <node name="agent_1">
   <attribute name="can send knowledge" value="true"/>
   <attribute name="can receive knowledge" value="true"/>
  </node>
  <node name="agent_2">
   <attribute name="can send knowledge" value="true"/>
   <attribute name="can receive knowledge" value="true"/>
  </node>
  <node name="agent_3">
   <attribute name="can send knowledge" value="true"/>
   <attribute name="can receive knowledge" value="true"/>
  </node>
  <node name="agent_4">
   <attribute name="can send knowledge" value="true"/>
   <attribute name="can receive knowledge" value="true"/>
  </node>
  <node name="agent_5">
   <attribute name="can send knowledge" value="true"/>
   <attribute name="can receive knowledge" value="true"/>
  </node>
  <node name="agent_6">
   <attribute name="can send knowledge" value="true"/>
   <attribute name="can receive knowledge" value="true"/>
  </node>
  <node name="agent_7">
   <attribute name="can send knowledge" value="true"/>
   <attribute name="can receive knowledge" value="true"/>
  </node>
  <node name="agent_8">
   <attribute name="can send knowledge" value="true"/>
   <attribute name="can receive knowledge" value="true"/>
  </node>
  <node name="agent_9">
   <attribute name="can send knowledge" value="true"/>
   <attribute name="can receive knowledge" value="true"/>
  </node>
  <node name="agent_10">
   <attribute name="can send knowledge" value="true"/>
   <attribute name="can receive knowledge" value="true"/>
  </node>
  <node name="agent_11">
   <attribute name="can send knowledge" value="true"/>
   <attribute name="can receive knowledge" value="true"/>
  </node>
  <node name="agent_12">
   <attribute name="can send knowledge" value="true"/>
   <attribute name="can receive knowledge" value="true"/>
  </node>
  <node name="agent_13">
   <attribute name="can send knowledge" value="true"/>
   <attribute name="can receive knowledge" value="true"/>
  </node>
  <node name="agent_14">
   <attribute name="can send knowledge" value="true"/>
   <attribute name="can receive knowledge" value="true"/>
  </node>
  <node name="agent_15">
   <attribute name="can send knowledge" value="true"/>
   <attribute name="can receive knowledge" value="true"/>
  </node>
  <node name="agent_16">
   <attribute name="can send knowledge" value="true"/>
   <attribute name="can receive knowledge" value="true"/>
  </node>
  <node name="agent_17">
   <attribute name="can send knowledge" value="true"/>
   <attribute name="can receive knowledge" value="true"/>
  </node>
  <node name="agent_18">
   <attribute name="can send knowledge" value="true"/>
   <attribute name="can receive knowledge" value="true"/>
  </node>
  <node name="agent_19">
   <attribute name="can send knowledge" value="true"/>
   <attribute name="can receive knowledge" value="true"/>
  </node>
  <node name="agent_20">
   <attribute name="can send knowledge" value="true"/>
   <attribute name="can receive knowledge" value="true"/>
  </node>
  <node name="agent_21">
   <attribute name="can send knowledge" value="true"/>
   <attribute name="can receive knowledge" value="true"/>
  </node>
  <node name="agent_22">
   <attribute name="can send knowledge" value="true"/>
   <attribute name="can receive knowledge" value="true"/>
  </node>
  <node name="agent_23">
   <attribute name="can send knowledge" value="true"/>
   <attribute name="can receive knowledge" value="true"/>
  </node>
  <node name="agent_24">
   <attribute name="can send knowledge" value="true"/>
   <attribute name="can receive knowledge" value="true"/>
  </node>
  <node name="agent_25">
   <attribute name="can send knowledge" value="true"/>
   <attribute name="can receive knowledge" value="true"/>
  </node>
  <node name="agent_26">
   <attribute name="can send knowledge" value="true"/>
   <attribute name="can receive knowledge" value="true"/>
  </node>
  <node name="agent_27">
   <attribute name="can send knowledge" value="true"/>
   <attribute name="can receive knowledge" value="true"/>
  </node>
  <node name="agent_28">
   <attribute name="can send knowledge" value="true"/>
   <attribute name="can receive knowledge" value="true"/>
  </node>
  <node name="agent_29">
   <attribute name="can send knowledge" value="true"/>
   <attribute name="can receive knowledge" value="true"/>
  </node>
  <node name="agent_30">
   <attribute name="can send knowledge" value="true"/>
   <attribute name="can receive knowledge" value="true"/>
  </node>
  <node name="agent_31">
   <attribute name="can send knowledge" value="true"/>
   <attribute name="can receive knowledge" value="true"/>
  </node>
  <node name="agent_32">
   <attribute name="can send knowledge" value="true"/>
   <attribute name="can receive knowledge" value="true"/>
  </node>
  <node name="agent_33">
   <attribute name="can send knowledge" value="true"/>
   <attribute name="can receive knowledge" value="true"/>
  </node>
  <node name="agent_34">
   <attribute name="can send knowledge" value="true"/>
   <attribute name="can receive knowledge" value="true"/>
  </node>
  <node name="agent_35">
   <attribute name="can send knowledge" value="true"/>
   <attribute name="can receive knowledge" value="true"/>
  </node>
  <node name="agent_36">
   <attribute name="can send knowledge" value="true"/>
   <attribute name="can receive knowledge" value="true"/>
  </node>
  <node name="agent_37">
   <attribute name="can send knowledge" value="true"/>
   <attribute name="can receive knowledge" value="true"/>
  </node>
  <node name="agent_38">
   <attribute name="can send knowledge" value="true"/>
   <attribute name="can receive knowledge" value="true"/>
  </node>
  <node name="agent_39">
   <attribute name="can send knowledge" value="true"/>
   <attribute name="can receive knowledge" value="true"/>
  </node>
  <node name="agent_40">
   <attribute name="can send knowledge" value="true"/>
   <attribute name="can receive knowledge" value="true"/>
  </node>
  <node name="agent_41">
   <attribute name="can send knowledge" value="true"/>
   <attribute name="can receive knowledge" value="true"/>
  </node>
  <node name="agent_42">
   <attribute name="can send knowledge" value="true"/>
   <attribute name="can receive knowledge" value="true"/>
  </node>
  <node name="agent_43">
   <attribute name="can send knowledge" value="true"/>
   <attribute name="can receive knowledge" value="true"/>
  </node>
  <node name="agent_44">
   <attribute name="can send knowledge" value="true"/>
   <attribute name="can receive knowledge" value="true"/>
  </node>
  <node name="agent_45">
   <attribute name="can send knowledge" value="true"/>
   <attribute name="can receive knowledge" value="true"/>
  </node>
  <node name="agent_46">
   <attribute name="can send knowledge" value="true"/>
   <attribute name="can receive knowledge" value="true"/>
  </node>
  <node name="agent_47">
   <attribute name="can send knowledge" value="true"/>
   <attribute name="can receive knowledge" value="true"/>
  </node>
  <node name="agent_48">
   <attribute name="can send knowledge" value="true"/>
   <attribute name="can receive knowledge" value="true"/>
  </node>
  <node name="agent_49">
   <attribute name="can send knowledge" value="true"/>
   <attribute name="can receive knowledge" value="true"/>
  </node>
 </nodeset>
 <nodeset name="knowledge">
  <node name="knowledge_0"/>
  <node name="knowledge_1"/>
  <node name="knowledge_2"/>
  <node name="knowledge_3"/>
  <node name="knowledge_4"/>
  <node name="knowledge_5"/>
  <node name="knowledge_6"/>
  <node name="knowledge_7"/>
  <node name="knowledge_8"/>
  <node name="knowledge_9"/>
  <node name="knowledge_10"/>
  <node name="knowledge_11"/>
  <node name="knowledge_12"/>
  <node name="knowledge_13"/>
  <node name="knowledge_14"/>
  <node name="knowledge_15"/>
  <node name="knowledge_16"/>
  <node name="knowledge_17"/>
  <node name="knowledge_18"/>
  <node name="knowledge_19"/>
 </nodeset>
 <nodeset name="time">
  <node name="time_0"/>
  <node name="time_1"/>
  <node name="time_2"/>
  <node name="time_3"/>
  <node name="time_4"/>
  <node name="time_5"/>
  <node name="time_6"/>
  <node name="time_7"/>
  <node name="time_8"/>
  <node name="time_9"/>
 </nodeset>
 <nodeset name="medium">
  <node name="default">
   <attribute name="maximum message complexity" value="1"/>
   <attribute name="maximum percent learnable" value="1"/>
   <attribute name="time to send" value="0"/>
  </node>
 </nodeset>
</nodesets>
<networks>
 <network default="0" edge_type="bool" name="knowledge network">
  <source nodeset="agent" representation="dense"/>
  <target nodeset="knowledge" representation="sparse"/>
  <generator type="random binary">
   <parameter name="density" value="0.2"/>
   <parameter name="src_begin" value/>
   <parameter name="trg_begin" value/>
   <parameter name="slc_begin" value/>
   <parameter name="src_end" value/>
   <parameter name="trg_end" value/>
   <parameter name="slc_end" value/>
  </generator>
 </network>
 <network default="0" edge_type="bool" name="interaction sphere network">
  <source nodeset="agent" representation="dense"/>
  <target nodeset="knowledge" representation="sparse"/>
  <generator type="random binary">
   <parameter name="density" value="0.2"/>
   <parameter name="src_begin" value/>
   <parameter name="trg_begin" value/>
   <parameter name="slc_begin" value/>
   <parameter name="src_end" value/>
   <parameter name="trg_end" value/>
   <parameter name="slc_end" value/>
  </generator>
 </network>
</networks>
<models>
 <model name="Standard Interaction Model"/>
</models>
<outputs>
 <output type="dynetml">
  <parameter name="network names" value="knowledge network"/>
  <parameter name="output file" value="construct_output.xml"/>
  <parameter name="time periods" value="all"/>
 </output>
</outputs>