platform,timestamp,author,author_toxicity,toxicity,knowledge,platform_model name,platform_network name,platform_interval time duration,platform_maximum post inactivity,platform_toxicity threshold,platform_full ban,platform_partial ban,platform_warning,platform_remove content,platform_network ban threshold,platform_network warning threshold,platform_moderation miss probability,platform_partial ban length
1,0,agent_0,0.345154,,0,Toxic Model 1,Network1,0.1,24.0,0.05,true,true,true,true,1,1,0.2,6
1,2,agent_2,0.00567196,0.002600905019789934,0,Toxic Model 1,Network1,0.1,24.0,0.05,true,true,true,true,1,1,0.2,6
1,2,agent_1,0.352114,,0,Toxic Model 1,Network1,0.1,24.0,0.05,true,true,true,true,1,1,0.2,6
1,2,agent_1,0.352114,0.1817358136177063,0,Toxic Model 1,Network1,0.1,24.0,0.05,true,true,true,true,1,1,0.2,6
1,3,agent_1,0.352114,0.2488744705915451,0,Toxic Model 1,Network1,0.1,24.0,0.05,true,true,true,true,1,1,0.2,6
1,4,agent_1,0.352114,,0,Toxic Model 1,Network1,0.1,24.0,0.05,true,true,true,true,1,1,0.2,6
1,6,agent_2,0.00567196,0.005062424577772617,0,Toxic Model 1,Network1,0.1,24.0,0.05,true,true,true,true,1,1,0.2,6
1,7,agent_2,0.00567196,0.005578019190579653,0,Toxic Model 1,Network1,0.1,24.0,0.05,true,true,true,true,1,1,0.2,6
1,7,agent_47,0.0899155,,0,Toxic Model 1,Network1,0.1,24.0,0.05,true,true,true,true,1,1,0.2,6
1,9,agent_0,0.345154,,0,Toxic Model 1,Network1,0.1,24.0,0.05,true,true,true,true,1,1,0.2,6
1,9,agent_0,0.345154,,0,Toxic Model 1,Network1,0.1,24.0,0.05,true,true,true,true,1,1,0.2,6
1,9,agent_2,0.00567196,0.000878350343555212,0,Toxic Model 1,Network1,0.1,24.0,0.05,true,true,true,true,1,1,0.2,6
1,9,agent_2,0.00567196,,0,Toxic Model 1,Network1,0.1,24.0,0.05,true,true,true,true,1,1,0.2,6
1,10,agent_2,0.00567196,0.0036909745540469885,0,Toxic Model 1,Network1,0.1,24.0,0.05,true,true,true,true,1,1,0.2,6
1,10,agent_2,0.00567196,,0,Toxic Model 1,Network1,0.1,24.0,0.05,true,true,true,true,1,1,0.2,6
1,11,agent_2,0.00567196,0.005500757601112127,0,Toxic Model 1,Network1,0.1,24.0,0.05,true,true,true,true,1,1,0.2,6
1,11,agent_2,0.00567196,0.0007823057239875197,0,Toxic Model 1,Network1,0.1,24.0,0.05,true,true,true,true,1,1,0.2,6
1,12,agent_2,0.00567196,0.003987782169133425,0,Toxic Model 1,Network1,0.1,24.0,0.05,true,true,true,true,1,1,0.2,6
1,12,agent_2,0.00567196,0.0014966422459110618,0,Toxic Model 1,Network1,0.1,24.0,0.05,true,true,true,true,1,1,0.2,6
1,13,agent_0,0.345154,0.038801711052656174,0,Toxic Model 1,Network1,0.1,24.0,0.05,true,true,true,true,1,1,0.2,6
1,14,agent_4,0.905018,0.3323964774608612,0,Toxic Model 1,Network1,0.1,24.0,0.05,true,true,true,true,1,1,0.2,6
1,16,agent_2,0.00567196,,0,Toxic Model 1,Network1,0.1,24.0,0.05,true,true,true,true,1,1,0.2,6
1,16,agent_3,0.240072,,0,Toxic Model 1,Network1,0.1,24.0,0.05,true,true,true,true,1,1,0.2,6
1,17,agent_2,0.00567196,0.0008404243271797895,0,Toxic Model 1,Network1,0.1,24.0,0.05,true,true,true,true,1,1,0.2,6
1,18,agent_4,0.905018,,0,Toxic Model 1,Network1,0.1,24.0,0.05,true,true,true,true,1,1,0.2,6
1,18,agent_4,0.905018,,0,Toxic Model 1,Network1,0.1,24.0,0.05,true,true,true,true,1,1,0.2,6
1,18,agent_4,0.905018,,0,Toxic Model 1,Network1,0.1,24.0,0.05,true,true,true,true,1,1,0.2,6
1,19,agent_2,0.00567196,,0,Toxic Model 1,Network1,0.1,24.0,0.05,true,true,true,true,1,1,0.2,6
1,21,agent_4,0.905018,,0,Toxic Model 1,Network1,0.1,24.0,0.05,true,true,true,true,1,1,0.2,6
1,21,agent_2,0.00567196,0.0023298352025449276,0,Toxic Model 1,Network1,0.1,24.0,0.05,true,true,true,true,1,1,0.2,6
1,22,agent_3,0.240072,,0,Toxic Model 1,Network1,0.1,24.0,0.05,true,true,true,true,1,1,0.2,6
1,22,agent_3,0.240072,,0,Toxic Model 1,Network1,0.1,24.0,0.05,true,true,true,true,1,1,0.2,6
1,24,agent_3,0.240072,0.03675299882888794,0,Toxic Model 1,Network1,0.1,24.0,0.05,true,true,true,true,1,1,0.2,6
1,25,agent_3,0.240072,0.05813965946435928,0,Toxic Model 1,Network1,0.1,24.0,0.05,true,true,true,true,1,1,0.2,6
1,29,agent_3,0.240072,0.023801226168870926,0,Toxic Model 1,Network1,0.1,24.0,0.05,true,true,true,true,1,1,0.2,6
1,34,agent_2,0.00567196,,0,Toxic Model 1,Network1,0.1,24.0,0.05,true,true,true,true,1,1,0.2,6
1,34,agent_51,0.0698596,,0,Toxic Model 1,Network1,0.1,24.0,0.05,true,true,true,true,1,1,0.2,6
1,38,agent_2,0.00567196,0.0008835071930661798,0,Toxic Model 1,Network1,0.1,24.0,0.05,true,true,true,true,1,1,0.2,6
1,38,agent_2,0.00567196,0.0006491008098237216,0,Toxic Model 1,Network1,0.1,24.0,0.05,true,true,true,true,1,1,0.2,6
1,38,agent_2,0.00567196,0.004752558656036854,0,Toxic Model 1,Network1,0.1,24.0,0.05,true,true,true,true,1,1,0.2,6
1,39,agent_2,0.00567196,,0,Toxic Model 1,Network1,0.1,24.0,0.05,true,true,true,true,1,1,0.2,6
1,39,agent_2,0.00567196,0.0016251766355708241,0,Toxic Model 1,Network1,0.1,24.0,0.05,true,true,true,true,1,1,0.2,6
1,41,agent_2,0.00567196,0.004813831299543381,0,Toxic Model 1,Network1,0.1,24.0,0.05,true,true,true,true,1,1,0.2,6
1,41,agent_2,0.00567196,0.0010249176993966103,0,Toxic Model 1,Network1,0.1,24.0,0.05,true,true,true,true,1,1,0.2,6
1,42,agent_2,0.00567196,0.0034914789721369743,0,Toxic Model 1,Network1,0.1,24.0,0.05,true,true,true,true,1,1,0.2,6
1,46,agent_2,0.00567196,,0,Toxic Model 1,Network1,0.1,24.0,0.05,true,true,true,true,1,1,0.2,6
1,47,agent_2,0.00567196,0.005323641933500767,0,Toxic Model 1,Network1,0.1,24.0,0.05,true,true,true,true,1,1,0.2,6
1,50,agent_2,0.00567196,,0,Toxic Model 1,Network1,0.1,24.0,0.05,true,true,true,true,1,1,0.2,6
1,51,agent_2,0.00567196,0.00414851401001215,0,Toxic Model 1,Network1,0.1,24.0,0.05,true,true,true,true,1,1,0.2,6
1,51,agent_2,0.00567196,1.4402939996216446e-05,0,Toxic Model 1,Network1,0.1,24.0,0.05,true,true,true,true,1,1,0.2,6
1,57,agent_2,0.00567196,,0,Toxic Model 1,Network1,0.1,24.0,0.05,true,true,true,true,1,1,0.2,6
1,59,agent_2,0.00567196,0.0014855805784463882,0,Toxic Model 1,Network1,0.1,24.0,0.05,true,true,true,true,1,1,0.2,6
1,66,agent_2,0.00567196,0.0029282199684530497,0,Toxic Model 1,Network1,0.1,24.0,0.05,true,true,true,true,1,1,0.2,6
1,67,agent_2,0.00567196,0.00504759605973959,0,Toxic Model 1,Network1,0.1,24.0,0.05,true,true,true,true,1,1,0.2,6
1,67,agent_2,0.00567196,0.003820724319666624,0,Toxic Model 1,Network1,0.1,24.0,0.05,true,true,true,true,1,1,0.2,6
1,70,agent_2,0.00567196,,0,Toxic Model 1,Network1,0.1,24.0,0.05,true,true,true,true,1,1,0.2,6
1,70,agent_2,0.00567196,0.0021498752757906914,0,Toxic Model 1,Network1,0.1,24.0,0.05,true,true,true,true,1,1,0.2,6
1,70,agent_2,0.00567196,0.004770766012370586,0,Toxic Model 1,Network1,0.1,24.0,0.05,true,true,true,true,1,1,0.2,6
1,73,agent_2,0.00567196,0.003944883123040199,0,Toxic Model 1,Network1,0.1,24.0,0.05,true,true,true,true,1,1,0.2,6
1,74,agent_2,0.00567196,,0,Toxic Model 1,Network1,0.1,24.0,0.05,true,true,true,true,1,1,0.2,6
1,78,agent_2,0.00567196,0.004254121333360672,0,Toxic Model 1,Network1,0.1,24.0,0.05,true,true,true,true,1,1,0.2,6
1,78,agent_2,0.00567196,0.002511686645448208,0,Toxic Model 1,Network1,0.1,24.0,0.05,true,true,true,true,1,1,0.2,6
1,81,agent_2,0.00567196,0.0022103518713265657,0,Toxic Model 1,Network1,0.1,24.0,0.05,true,true,true,true,1,1,0.2,6
1,81,agent_2,0.00567196,0.00013398437295109034,0,Toxic Model 1,Network1,0.1,24.0,0.05,true,true,true,true,1,1,0.2,6
1,85,agent_51,0.0698596,0.007796069607138634,0,Toxic Model 1,Network1,0.1,24.0,0.05,true,true,true,true,1,1,0.2,6
1,86,agent_2,0.00567196,,0,Toxic Model 1,Network1,0.1,24.0,0.05,true,true,true,true,1,1,0.2,6
1,89,agent_2,0.00567196,0.004137815907597542,0,Toxic Model 1,Network1,0.1,24.0,0.05,true,true,true,true,1,1,0.2,6
1,89,agent_2,0.00567196,0.004041720647364855,0,Toxic Model 1,Network1,0.1,24.0,0.05,true,true,true,true,1,1,0.2,6
1,91,agent_2,0.00567196,,0,Toxic Model 1,Network1,0.1,24.0,0.05,true,true,true,true,1,1,0.2,6
1,92,agent_2,0.00567196,0.005063774064183235,0,Toxic Model 1,Network1,0.1,24.0,0.05,true,true,true,true,1,1,0.2,6
1,92,agent_2,0.00567196,0.004019272979348898,0,Toxic Model 1,Network1,0.1,24.0,0.05,true,true,true,true,1,1,0.2,6
1,98,agent_2,0.00567196,0.000133838300826028,0,Toxic Model 1,Network1,0.1,24.0,0.05,true,true,true,true,1,1,0.2,6
1,98,agent_2,0.00567196,,0,Toxic Model 1,Network1,0.1,24.0,0.05,true,true,true,true,1,1,0.2,6
1,99,agent_46,0.416256,,0,Toxic Model 1,Network1,0.1,24.0,0.05,true,true,true,true,1,1,0.2,6
1,103,agent_2,0.00567196,0.004383538383990526,0,Toxic Model 1,Network1,0.1,24.0,0.05,true,true,true,true,1,1,0.2,6
1,103,agent_69,0.241819,,0,Toxic Model 1,Network1,0.1,24.0,0.05,true,true,true,true,1,1,0.2,6
1,106,agent_2,0.00567196,,0,Toxic Model 1,Network1,0.1,24.0,0.05,true,true,true,true,1,1,0.2,6
1,114,agent_2,0.00567196,0.0010916745522990823,0,Toxic Model 1,Network1,0.1,24.0,0.05,true,true,true,true,1,1,0.2,6
1,114,agent_2,0.00567196,,0,Toxic Model 1,Network1,0.1,24.0,0.05,true,true,true,true,1,1,0.2,6
1,120,agent_2,0.00567196,0.0009294800111092627,0,Toxic Model 1,Network1,0.1,24.0,0.05,true,true,true,true,1,1,0.2,6
1,130,agent_2,0.00567196,,0,Toxic Model 1,Network1,0.1,24.0,0.05,true,true,true,true,1,1,0.2,6
1,130,agent_2,0.00567196,0.001016179914586246,0,Toxic Model 1,Network1,0.1,24.0,0.05,true,true,true,true,1,1,0.2,6
1,131,agent_2,0.00567196,0.0049402243457734585,0,Toxic Model 1,Network1,0.1,24.0,0.05,true,true,true,true,1,1,0.2,6
1,136,agent_2,0.00567196,0.0017461758106946945,0,Toxic Model 1,Network1,0.1,24.0,0.05,true,true,true,true,1,1,0.2,6
1,137,agent_2,0.00567196,,0,Toxic Model 1,Network1,0.1,24.0,0.05,true,true,true,true,1,1,0.2,6
1,138,agent_2,0.00567196,,0,Toxic Model 1,Network1,0.1,24.0,0.05,true,true,true,true,1,1,0.2,6
1,139,agent_2,0.00567196,0.004040553234517574,0,Toxic Model 1,Network1,0.1,24.0,0.05,true,true,true,true,1,1,0.2,6
1,143,agent_2,0.00567196,,0,Toxic Model 1,Network1,0.1,24.0,0.05,true,true,true,true,1,1,0.2,6
1,147,agent_2,0.00567196,0.005069561768323183,0,Toxic Model 1,Network1,0.1,24.0,0.05,true,true,true,true,1,1,0.2,6
1,148,agent_2,0.00567196,,0,Toxic Model 1,Network1,0.1,24.0,0.05,true,true,true,true,1,1,0.2,6
1,154,agent_2,0.00567196,0.0025746531318873167,0,Toxic Model 1,Network1,0.1,24.0,0.05,true,true,true,true,1,1,0.2,6
1,155,agent_47,0.0899155,7.205707515822724e-05,0,Toxic Model 1,Network1,0.1,24.0,0.05,true,true,true,true,1,1,0.2,6
1,165,agent_2,0.00567196,,0,Toxic Model 1,Network1,0.1,24.0,0.05,true,true,true,true,1,1,0.2,6
1,166,agent_2,0.00567196,,0,Toxic Model 1,Network1,0.1,24.0,0.05,true,true,true,true,1,1,0.2,6
1,166,agent_2,0.00567196,,0,Toxic Model 1,Network1,0.1,24.0,0.05,true,true,true,true,1,1,0.2,6
1,169,agent_2,0.00567196,0.004609768278896809,0,Toxic Model 1,Network1,0.1,24.0,0.05,true,true,true,true,1,1,0.2,6
1,170,agent_2,0.00567196,,0,Toxic Model 1,Network1,0.1,24.0,0.05,true,true,true,true,1,1,0.2,6
1,177,agent_2,0.00567196,,0,Toxic Model 1,Network1,0.1,24.0,0.05,true,true,true,true,1,1,0.2,6
1,184,agent_2,0.00567196,0.0020768388640135527,0,Toxic Model 1,Network1,0.1,24.0,0.05,true,true,true,true,1,1,0.2,6
1,185,agent_20,0.632745,,0,Toxic Model 1,Network1,0.1,24.0,0.05,true,true,true,true,1,1,0.2,6
1,185,agent_2,0.00567196,0.0018675954779610038,0,Toxic Model 1,Network1,0.1,24.0,0.05,true,true,true,true,1,1,0.2,6
1,189,agent_2,0.00567196,0.0025771912187337875,0,Toxic Model 1,Network1,0.1,24.0,0.05,true,true,true,true,1,1,0.2,6
1,190,agent_74,0.749273,0.14460639655590057,0,Toxic Model 1,Network1,0.1,24.0,0.05,true,true,true,true,1,1,0.2,6
1,193,agent_2,0.00567196,0.0025004211347550154,0,Toxic Model 1,Network1,0.1,24.0,0.05,true,true,true,true,1,1,0.2,6
1,195,agent_2,0.00567196,,0,Toxic Model 1,Network1,0.1,24.0,0.05,true,true,true,true,1,1,0.2,6
1,199,agent_2,0.00567196,0.001974147278815508,0,Toxic Model 1,Network1,0.1,24.0,0.05,true,true,true,true,1,1,0.2,6
1,200,agent_2,0.00567196,,0,Toxic Model 1,Network1,0.1,24.0,0.05,true,true,true,true,1,1,0.2,6
1,200,agent_20,0.632745,,0,Toxic Model 1,Network1,0.1,24.0,0.05,true,true,true,true,1,1,0.2,6
1,202,agent_2,0.00567196,,0,Toxic Model 1,Network1,0.1,24.0,0.05,true,true,true,true,1,1,0.2,6
1,203,agent_89,0.693759,0.5430395007133484,0,Toxic Model 1,Network1,0.1,24.0,0.05,true,true,true,true,1,1,0.2,6
1,204,agent_2,0.00567196,0.004877106752246618,0,Toxic Model 1,Network1,0.1,24.0,0.05,true,true,true,true,1,1,0.2,6
1,206,agent_2,0.00567196,0.001473283744417131,0,Toxic Model 1,Network1,0.1,24.0,0.05,true,true,true,true,1,1,0.2,6
1,206,agent_2,0.00567196,0.004302049521356821,0,Toxic Model 1,Network1,0.1,24.0,0.05,true,true,true,true,1,1,0.2,6
1,208,agent_2,0.00567196,0.0020333293359726667,0,Toxic Model 1,Network1,0.1,24.0,0.05,true,true,true,true,1,1,0.2,6
1,212,agent_2,0.00567196,0.0007873760187067091,0,Toxic Model 1,Network1,0.1,24.0,0.05,true,true,true,true,1,1,0.2,6
1,213,agent_5,0.212172,0.18868710100650787,0,Toxic Model 1,Network1,0.1,24.0,0.05,true,true,true,true,1,1,0.2,6
1,217,agent_2,0.00567196,0.005404134746640921,0,Toxic Model 1,Network1,0.1,24.0,0.05,true,true,true,true,1,1,0.2,6
1,220,agent_2,0.00567196,,0,Toxic Model 1,Network1,0.1,24.0,0.05,true,true,true,true,1,1,0.2,6
1,221,agent_2,0.00567196,,0,Toxic Model 1,Network1,0.1,24.0,0.05,true,true,true,true,1,1,0.2,6
1,221,agent_2,0.00567196,0.001597355236299336,0,Toxic Model 1,Network1,0.1,24.0,0.05,true,true,true,true,1,1,0.2,6
1,223,agent_2,0.00567196,,0,Toxic Model 1,Network1,0.1,24.0,0.05,true,true,true,true,1,1,0.2,6
1,230,agent_2,0.00567196,0.003389582736417651,0,Toxic Model 1,Network1,0.1,24.0,0.05,true,true,true,true,1,1,0.2,6
1,232,agent_2,0.00567196,,0,Toxic Model 1,Network1,0.1,24.0,0.05,true,true,true,true,1,1,0.2,6
1,235,agent_2,0.00567196,0.0027145566418766975,0,Toxic Model 1,Network1,0.1,24.0,0.05,true,true,true,true,1,1,0.2,6
1,236,agent_97,0.762863,,0,Toxic Model 1,Network1,0.1,24.0,0.05,true,true,true,true,1,1,0.2,6
1,251,agent_2,0.00567196,,0,Toxic Model 1,Network1,0.1,24.0,0.05,true,true,true,true,1,1,0.2,6
1,251,agent_2,0.00567196,0.00023621568107046187,0,Toxic Model 1,Network1,0.1,24.0,0.05,true,true,true,true,1,1,0.2,6
1,252,agent_2,0.00567196,0.0036994318943470716,0,Toxic Model 1,Network1,0.1,24.0,0.05,true,true,true,true,1,1,0.2,6
1,253,agent_2,0.00567196,0.0011436162749305367,0,Toxic Model 1,Network1,0.1,24.0,0.05,true,true,true,true,1,1,0.2,6
1,257,agent_2,0.00567196,,0,Toxic Model 1,Network1,0.1,24.0,0.05,true,true,true,true,1,1,0.2,6
1,258,agent_2,0.00567196,0.0021613913122564554,0,Toxic Model 1,Network1,0.1,24.0,0.05,true,true,true,true,1,1,0.2,6
1,259,agent_2,0.00567196,0.0007524943794123828,0,Toxic Model 1,Network1,0.1,24.0,0.05,true,true,true,true,1,1,0.2,6
1,259,agent_2,0.00567196,0.003009401261806488,0,Toxic Model 1,Network1,0.1,24.0,0.05,true,true,true,true,1,1,0.2,6
1,259,agent_2,0.00567196,0.004435342736542225,0,Toxic Model 1,Network1,0.1,24.0,0.05,true,true,true,true,1,1,0.2,6
1,260,agent_2,0.00567196,0.0030930687207728624,0,Toxic Model 1,Network1,0.1,24.0,0.05,true,true,true,true,1,1,0.2,6
1,261,agent_2,0.00567196,0.0028979170601814985,0,Toxic Model 1,Network1,0.1,24.0,0.05,true,true,true,true,1,1,0.2,6
1,263,agent_2,0.00567196,0.004275635816156864,0,Toxic Model 1,Network1,0.1,24.0,0.05,true,true,true,true,1,1,0.2,6
1,264,agent_2,0.00567196,0.0043630292639136314,0,Toxic Model 1,Network1,0.1,24.0,0.05,true,true,true,true,1,1,0.2,6
1,264,agent_2,0.00567196,0.005039531271904707,0,Toxic Model 1,Network1,0.1,24.0,0.05,true,true,true,true,1,1,0.2,6
1,264,agent_2,0.00567196,,0,Toxic Model 1,Network1,0.1,24.0,0.05,true,true,true,true,1,1,0.2,6
1,264,agent_2,0.00567196,0.0043831258080899715,0,Toxic Model 1,Network1,0.1,24.0,0.05,true,true,true,true,1,1,0.2,6
1,265,agent_2,0.00567196,0.0013110365252941847,0,Toxic Model 1,Network1,0.1,24.0,0.05,true,true,true,true,1,1,0.2,6
1,265,agent_2,0.00567196,0.005247980821877718,0,Toxic Model 1,Network1,0.1,24.0,0.05,true,true,true,true,1,1,0.2,6
1,265,agent_2,0.00567196,,0,Toxic Model 1,Network1,0.1,24.0,0.05,true,true,true,true,1,1,0.2,6
1,265,agent_2,0.00567196,0.0003713092010002583,0,Toxic Model 1,Network1,0.1,24.0,0.05,true,true,true,true,1,1,0.2,6
1,270,agent_2,0.00567196,0.00436116848140955,0,Toxic Model 1,Network1,0.1,24.0,0.05,true,true,true,true,1,1,0.2,6
1,271,agent_2,0.00567196,,0,Toxic Model 1,Network1,0.1,24.0,0.05,true,true,true,true,1,1,0.2,6
1,273,agent_2,0.00567196,0.0026752843987196684,0,Toxic Model 1,Network1,0.1,24.0,0.05,true,true,true,true,1,1,0.2,6
1,276,agent_2,0.00567196,0.004546083509922028,0,Toxic Model 1,Network1,0.1,24.0,0.05,true,true,true,true,1,1,0.2,6
1,276,agent_2,0.00567196,,0,Toxic Model 1,Network1,0.1,24.0,0.05,true,true,true,true,1,1,0.2,6
1,281,agent_2,0.00567196,,0,Toxic Model 1,Network1,0.1,24.0,0.05,true,true,true,true,1,1,0.2,6
1,289,agent_2,0.00567196,0.0017325335647910833,0,Toxic Model 1,Network1,0.1,24.0,0.05,true,true,true,true,1,1,0.2,6
1,290,agent_2,0.00567196,0.0025921401102095842,0,Toxic Model 1,Network1,0.1,24.0,0.05,true,true,true,true,1,1,0.2,6
1,291,agent_2,0.00567196,,0,Toxic Model 1,Network1,0.1,24.0,0.05,true,true,true,true,1,1,0.2,6
1,294,agent_2,0.00567196,0.005515153519809246,0,Toxic Model 1,Network1,0.1,24.0,0.05,true,true,true,true,1,1,0.2,6
1,294,agent_2,0.00567196,0.0018808747408911586,0,Toxic Model 1,Network1,0.1,24.0,0.05,true,true,true,true,1,1,0.2,6
1,296,agent_2,0.00567196,0.0043066926300525665,0,Toxic Model 1,Network1,0.1,24.0,0.05,true,true,true,true,1,1,0.2,6
1,305,agent_2,0.00567196,,0,Toxic Model 1,Network1,0.1,24.0,0.05,true,true,true,true,1,1,0.2,6
1,308,agent_2,0.00567196,,0,Toxic Model 1,Network1,0.1,24.0,0.05,true,true,true,true,1,1,0.2,6
1,308,agent_2,0.00567196,0.000863727240357548,0,Toxic Model 1,Network1,0.1,24.0,0.05,true,true,true,true,1,1,0.2,6
1,308,agent_2,0.00567196,,0,Toxic Model 1,Network1,0.1,24.0,0.05,true,true,true,true,1,1,0.2,6
1,310,agent_2,0.00567196,0.000530832156073302,0,Toxic Model 1,Network1,0.1,24.0,0.05,true,true,true,true,1,1,0.2,6
1,313,agent_2,0.00567196,,0,Toxic Model 1,Network1,0.1,24.0,0.05,true,true,true,true,1,1,0.2,6
1,323,agent_2,0.00567196,0.0048130834475159645,0,Toxic Model 1,Network1,0.1,24.0,0.05,true,true,true,true,1,1,0.2,6
1,324,agent_2,0.00567196,,0,Toxic Model 1,Network1,0.1,24.0,0.05,true,true,true,true,1,1,0.2,6
1,327,agent_2,0.00567196,,0,Toxic Model 1,Network1,0.1,24.0,0.05,true,true,true,true,1,1,0.2,6
1,327,agent_2,0.00567196,,0,Toxic Model 1,Network1,0.1,24.0,0.05,true,true,true,true,1,1,0.2,6
1,327,agent_2,0.00567196,0.0031759110279381275,0,Toxic Model 1,Network1,0.1,24.0,0.05,true,true,true,true,1,1,0.2,6
1,336,agent_2,0.00567196,0.0027802209369838238,0,Toxic Model 1,Network1,0.1,24.0,0.05,true,true,true,true,1,1,0.2,6
1,343,agent_2,0.00567196,0.003555117640644312,0,Toxic Model 1,Network1,0.1,24.0,0.05,true,true,true,true,1,1,0.2,6
1,349,agent_69,0.241819,,0,Toxic Model 1,Network1,0.1,24.0,0.05,true,true,true,true,1,1,0.2,6
1,351,agent_2,0.00567196,0.004984902683645487,0,Toxic Model 1,Network1,0.1,24.0,0.05,true,true,true,true,1,1,0.2,6
1,351,agent_2,0.00567196,,0,Toxic Model 1,Network1,0.1,24.0,0.05,true,true,true,true,1,1,0.2,6
1,352,agent_2,0.00567196,,0,Toxic Model 1,Network1,0.1,24.0,0.05,true,true,true,true,1,1,0.2,6
1,352,agent_2,0.00567196,,0,Toxic Model 1,Network1,0.1,24.0,0.05,true,true,true,true,1,1,0.2,6
1,353,agent_2,0.00567196,0.005351355765014887,0,Toxic Model 1,Network1,0.1,24.0,0.05,true,true,true,true,1,1,0.2,6
1,355,agent_2,0.00567196,0.0006593585712835193,0,Toxic Model 1,Network1,0.1,24.0,0.05,true,true,true,true,1,1,0.2,6
1,362,agent_2,0.00567196,0.000345358916092664,0,Toxic Model 1,Network1,0.1,24.0,0.05,true,true,true,true,1,1,0.2,6
1,366,agent_2,0.00567196,,0,Toxic Model 1,Network1,0.1,24.0,0.05,true,true,true,true,1,1,0.2,6
1,366,agent_2,0.00567196,0.0029380626510828733,0,Toxic Model 1,Network1,0.1,24.0,0.05,true,true,true,true,1,1,0.2,6
1,367,agent_2,0.00567196,0.003855279879644513,0,Toxic Model 1,Network1,0.1,24.0,0.05,true,true,true,true,1,1,0.2,6
1,372,agent_2,0.00567196,,0,Toxic Model 1,Network1,0.1,24.0,0.05,true,true,true,true,1,1,0.2,6
1,375,agent_2,0.00567196,0.0014594229869544506,0,Toxic Model 1,Network1,0.1,24.0,0.05,true,true,true,true,1,1,0.2,6
1,376,agent_2,0.00567196,0.004197278991341591,0,Toxic Model 1,Network1,0.1,24.0,0.05,true,true,true,true,1,1,0.2,6
1,377,agent_2,0.00567196,,0,Toxic Model 1,Network1,0.1,24.0,0.05,true,true,true,true,1,1,0.2,6
1,380,agent_2,0.00567196,0.004637150093913078,0,Toxic Model 1,Network1,0.1,24.0,0.05,true,true,true,true,1,1,0.2,6
1,385,agent_2,0.00567196,0.005288898944854736,0,Toxic Model 1,Network1,0.1,24.0,0.05,true,true,true,true,1,1,0.2,6
1,387,agent_2,0.00567196,,0,Toxic Model 1,Network1,0.1,24.0,0.05,true,true,true,true,1,1,0.2,6
1,390,agent_2,0.00567196,0.0009770951000973582,0,Toxic Model 1,Network1,0.1,24.0,0.05,true,true,true,true,1,1,0.2,6
1,391,agent_2,0.00567196,0.004995295777916908,0,Toxic Model 1,Network1,0.1,24.0,0.05,true,true,true,true,1,1,0.2,6
1,391,agent_2,0.00567196,0.001187177374958992,0,Toxic Model 1,Network1,0.1,24.0,0.05,true,true,true,true,1,1,0.2,6
1,391,agent_2,0.00567196,0.004665774293243885,0,Toxic Model 1,Network1,0.1,24.0,0.05,true,true,true,true,1,1,0.2,6
1,398,agent_2,0.00567196,,0,Toxic Model 1,Network1,0.1,24.0,0.05,true,true,true,true,1,1,0.2,6
1,401,agent_2,0.00567196,0.005497894249856472,0,Toxic Model 1,Network1,0.1,24.0,0.05,true,true,true,true,1,1,0.2,6
1,404,agent_2,0.00567196,0.0011872415198013186,0,Toxic Model 1,Network1,0.1,24.0,0.05,true,true,true,true,1,1,0.2,6
1,406,agent_2,0.00567196,0.001885932870209217,0,Toxic Model 1,Network1,0.1,24.0,0.05,true,true,true,true,1,1,0.2,6
1,409,agent_2,0.00567196,0.0025485169608145952,0,Toxic Model 1,Network1,0.1,24.0,0.05,true,true,true,true,1,1,0.2,6
1,411,agent_2,0.00567196,0.0050069428980350494,0,Toxic Model 1,Network1,0.1,24.0,0.05,true,true,true,true,1,1,0.2,6
1,412,agent_2,0.00567196,0.004415346309542656,0,Toxic Model 1,Network1,0.1,24.0,0.05,true,true,true,true,1,1,0.2,6
1,416,agent_2,0.00567196,0.0035331244580447674,0,Toxic Model 1,Network1,0.1,24.0,0.05,true,true,true,true,1,1,0.2,6
1,420,agent_2,0.00567196,,0,Toxic Model 1,Network1,0.1,24.0,0.05,true,true,true,true,1,1,0.2,6
1,420,agent_2,0.00567196,0.0008940576226450503,0,Toxic Model 1,Network1,0.1,24.0,0.05,true,true,true,true,1,1,0.2,6
1,422,agent_2,0.00567196,0.00294726574793458,0,Toxic Model 1,Network1,0.1,24.0,0.05,true,true,true,true,1,1,0.2,6
1,423,agent_2,0.00567196,,0,Toxic Model 1,Network1,0.1,24.0,0.05,true,true,true,true,1,1,0.2,6
1,423,agent_8,0.821175,0.7622494697570801,0,Toxic Model 1,Network1,0.1,24.0,0.05,true,true,true,true,1,1,0.2,6
1,423,agent_78,0.268697,0.01814202219247818,0,Toxic Model 1,Network1,0.1,24.0,0.05,true,true,true,true,1,1,0.2,6
1,424,agent_2,0.00567196,,0,Toxic Model 1,Network1,0.1,24.0,0.05,true,true,true,true,1,1,0.2,6
1,424,agent_2,0.00567196,0.004606242291629314,0,Toxic Model 1,Network1,0.1,24.0,0.05,true,true,true,true,1,1,0.2,6
1,425,agent_2,0.00567196,0.0035911970771849155,0,Toxic Model 1,Network1,0.1,24.0,0.05,true,true,true,true,1,1,0.2,6
1,432,agent_2,0.00567196,0.0040853372775018215,0,Toxic Model 1,Network1,0.1,24.0,0.05,true,true,true,true,1,1,0.2,6
1,435,agent_2,0.00567196,0.005451997276395559,0,Toxic Model 1,Network1,0.1,24.0,0.05,true,true,true,true,1,1,0.2,6
1,435,agent_2,0.00567196,,0,Toxic Model 1,Network1,0.1,24.0,0.05,true,true,true,true,1,1,0.2,6
1,443,agent_2,0.00567196,0.002095855074003339,0,Toxic Model 1,Network1,0.1,24.0,0.05,true,true,true,true,1,1,0.2,6
1,443,agent_2,0.00567196,0.005167205817997456,0,Toxic Model 1,Network1,0.1,24.0,0.05,true,true,true,true,1,1,0.2,6
1,449,agent_2,0.00567196,0.0036407425068318844,0,Toxic Model 1,Network1,0.1,24.0,0.05,true,true,true,true,1,1,0.2,6
1,451,agent_2,0.00567196,0.001606198726221919,0,Toxic Model 1,Network1,0.1,24.0,0.05,true,true,true,true,1,1,0.2,6
1,455,agent_2,0.00567196,0.0050700209103524685,0,Toxic Model 1,Network1,0.1,24.0,0.05,true,true,true,true,1,1,0.2,6
1,458,agent_2,0.00567196,,0,Toxic Model 1,Network1,0.1,24.0,0.05,true,true,true,true,1,1,0.2,6
1,459,agent_2,0.00567196,0.0023280575405806303,0,Toxic Model 1,Network1,0.1,24.0,0.05,true,true,true,true,1,1,0.2,6
1,459,agent_2,0.00567196,0.00425952160730958,0,Toxic Model 1,Network1,0.1,24.0,0.05,true,true,true,true,1,1,0.2,6
1,462,agent_2,0.00567196,0.005371809937059879,0,Toxic Model 1,Network1,0.1,24.0,0.05,true,true,true,true,1,1,0.2,6
1,462,agent_2,0.00567196,0.003322900738567114,0,Toxic Model 1,Network1,0.1,24.0,0.05,true,true,true,true,1,1,0.2,6
1,462,agent_2,0.00567196,0.0006662445957772434,0,Toxic Model 1,Network1,0.1,24.0,0.05,true,true,true,true,1,1,0.2,6
1,464,agent_2,0.00567196,,0,Toxic Model 1,Network1,0.1,24.0,0.05,true,true,true,true,1,1,0.2,6
1,465,agent_2,0.00567196,,0,Toxic Model 1,Network1,0.1,24.0,0.05,true,true,true,true,1,1,0.2,6
1,466,agent_2,0.00567196,0.0030050238128751516,0,Toxic Model 1,Network1,0.1,24.0,0.05,true,true,true,true,1,1,0.2,6
1,466,agent_2,0.00567196,3.3078489650506526e-05,0,Toxic Model 1,Network1,0.1,24.0,0.05,true,true,true,true,1,1,0.2,6
1,471,agent_50,0.508059,0.009768208488821983,0,Toxic Model 1,Network1,0.1,24.0,0.05,true,true,true,true,1,1,0.2,6
1,471,agent_2,0.00567196,0.001722173299640417,0,Toxic Model 1,Network1,0.1,24.0,0.05,true,true,true,true,1,1,0.2,6
1,471,agent_2,0.00567196,0.002926197601482272,0,Toxic Model 1,Network1,0.1,24.0,0.05,true,true,true,true,1,1,0.2,6
1,475,agent_10,0.628033,,0,Toxic Model 1,Network1,0.1,24.0,0.05,true,true,true,true,1,1,0.2,6
1,476,agent_2,0.00567196,0.0045205289497971535,0,Toxic Model 1,Network1,0.1,24.0,0.05,true,true,true,true,1,1,0.2,6
1,476,agent_2,0.00567196,0.0051710885018110275,0,Toxic Model 1,Network1,0.1,24.0,0.05,true,true,true,true,1,1,0.2,6
1,478,agent_2,0.00567196,0.004504519049078226,0,Toxic Model 1,Network1,0.1,24.0,0.05,true,true,true,true,1,1,0.2,6
1,479,agent_2,0.00567196,,0,Toxic Model 1,Network1,0.1,24.0,0.05,true,true,true,true,1,1,0.2,6
1,480,agent_2,0.00567196,,0,Toxic Model 1,Network1,0.1,24.0,0.05,true,true,true,true,1,1,0.2,6
1,487,agent_2,0.00567196,0.002554662059992552,0,Toxic Model 1,Network1,0.1,24.0,0.05,true,true,true,true,1,1,0.2,6
1,489,agent_2,0.00567196,0.0024348669685423374,0,Toxic Model 1,Network1,0.1,24.0,0.05,true,true,true,true,1,1,0.2,6
1,490,agent_2,0.00567196,,0,Toxic Model 1,Network1,0.1,24.0,0.05,true,true,true,true,1,1,0.2,6
1,496,agent_2,0.00567196,,0,Toxic Model 1,Network1,0.1,24.0,0.05,true,true,true,true,1,1,0.2,6
1,498,agent_2,0.00567196,,0,Toxic Model 1,Network1,0.1,24.0,0.05,true,true,true,true,1,1,0.2,6
1,503,agent_2,0.00567196,,0,Toxic Model 1,Network1,0.1,24.0,0.05,true,true,true,true,1,1,0.2,6
1,505,agent_2,0.00567196,0.0003295294882263988,0,Toxic Model 1,Network1,0.1,24.0,0.05,true,true,true,true,1,1,0.2,6
1,509,agent_2,0.00567196,,0,Toxic Model 1,Network1,0.1,24.0,0.05,true,true,true,true,1,1,0.2,6
1,512,agent_2,0.00567196,0.0006335655343718827,0,Toxic Model 1,Network1,0.1,24.0,0.05,true,true,true,true,1,1,0.2,6
1,515,agent_2,0.00567196,,0,Toxic Model 1,Network1,0.1,24.0,0.05,true,true,true,true,1,1,0.2,6
1,516,agent_2,0.00567196,0.004814089275896549,0,Toxic Model 1,Network1,0.1,24.0,0.05,true,true,true,true,1,1,0.2,6
1,522,agent_2,0.00567196,0.004928285256028175,0,Toxic Model 1,Network1,0.1,24.0,0.05,true,true,true,true,1,1,0.2,6
1,522,agent_2,0.00567196,0.002479910384863615,0,Toxic Model 1,Network1,0.1,24.0,0.05,true,true,true,true,1,1,0.2,6
1,522,agent_2,0.00567196,0.0032721753232181072,0,Toxic Model 1,Network1,0.1,24.0,0.05,true,true,true,true,1,1,0.2,6
1,523,agent_2,0.00567196,0.0013807426439598203,0,Toxic Model 1,Network1,0.1,24.0,0.05,true,true,true,true,1,1,0.2,6
1,523,agent_2,0.00567196,,0,Toxic Model 1,Network1,0.1,24.0,0.05,true,true,true,true,1,1,0.2,6
1,523,agent_2,0.00567196,0.0023400469217449427,0,Toxic Model 1,Network1,0.1,24.0,0.05,true,true,true,true,1,1,0.2,6
1,525,agent_2,0.00567196,,0,Toxic Model 1,Network1,0.1,24.0,0.05,true,true,true,true,1,1,0.2,6
1,536,agent_2,0.00567196,0.00456656701862812,0,Toxic Model 1,Network1,0.1,24.0,0.05,true,true,true,true,1,1,0.2,6
1,537,agent_2,0.00567196,,0,Toxic Model 1,Network1,0.1,24.0,0.05,true,true,true,true,1,1,0.2,6
1,538,agent_2,0.00567196,0.0007444325601682067,0,Toxic Model 1,Network1,0.1,24.0,0.05,true,true,true,true,1,1,0.2,6
1,539,agent_2,0.00567196,,0,Toxic Model 1,Network1,0.1,24.0,0.05,true,true,true,true,1,1,0.2,6
1,543,agent_2,0.00567196,,0,Toxic Model 1,Network1,0.1,24.0,0.05,true,true,true,true,1,1,0.2,6
1,544,agent_2,0.00567196,0.00012628501281142235,0,Toxic Model 1,Network1,0.1,24.0,0.05,true,true,true,true,1,1,0.2,6
1,545,agent_2,0.00567196,0.0026734662242233753,0,Toxic Model 1,Network1,0.1,24.0,0.05,true,true,true,true,1,1,0.2,6
1,545,agent_2,0.00567196,0.0007932861335575581,0,Toxic Model 1,Network1,0.1,24.0,0.05,true,true,true,true,1,1,0.2,6
1,546,agent_2,0.00567196,,0,Toxic Model 1,Network1,0.1,24.0,0.05,true,true,true,true,1,1,0.2,6
1,547,agent_2,0.00567196,0.0007481687352992594,0,Toxic Model 1,Network1,0.1,24.0,0.05,true,true,true,true,1,1,0.2,6
1,549,agent_2,0.00567196,0.002825374947860837,0,Toxic Model 1,Network1,0.1,24.0,0.05,true,true,true,true,1,1,0.2,6
1,549,agent_5,0.212172,0.07173793017864227,0,Toxic Model 1,Network1,0.1,24.0,0.05,true,true,true,true,1,1,0.2,6
1,551,agent_2,0.00567196,0.004644681233912706,0,Toxic Model 1,Network1,0.1,24.0,0.05,true,true,true,true,1,1,0.2,6
1,557,agent_2,0.00567196,0.0012439211132004857,0,Toxic Model 1,Network1,0.1,24.0,0.05,true,true,true,true,1,1,0.2,6
1,562,agent_2,0.00567196,0.0027593960985541344,0,Toxic Model 1,Network1,0.1,24.0,0.05,true,true,true,true,1,1,0.2,6
1,568,agent_2,0.00567196,0.004021484404802322,0,Toxic Model 1,Network1,0.1,24.0,0.05,true,true,true,true,1,1,0.2,6
1,571,agent_2,0.00567196,0.004430723842233419,0,Toxic Model 1,Network1,0.1,24.0,0.05,true,true,true,true,1,1,0.2,6
1,573,agent_2,0.00567196,,0,Toxic Model 1,Network1,0.1,24.0,0.05,true,true,true,true,1,1,0.2,6
1,574,agent_2,0.00567196,,0,Toxic Model 1,Network1,0.1,24.0,0.05,true,true,true,true,1,1,0.2,6
1,576,agent_2,0.00567196,0.0002978690608870238,0,Toxic Model 1,Network1,0.1,24.0,0.05,true,true,true,true,1,1,0.2,6
1,577,agent_2,0.00567196,0.0016675287624821067,0,Toxic Model 1,Network1,0.1,24.0,0.05,true,true,true,true,1,1,0.2,6
1,585,agent_47,0.0899155,,0,Toxic Model 1,Network1,0.1,24.0,0.05,true,true,true,true,1,1,0.2,6
1,590,agent_2,0.00567196,0.002756349975243211,0,Toxic Model 1,Network1,0.1,24.0,0.05,true,true,true,true,1,1,0.2,6
1,592,agent_2,0.00567196,,0,Toxic Model 1,Network1,0.1,24.0,0.05,true,true,true,true,1,1,0.2,6
1,595,agent_5,0.212172,,0,Toxic Model 1,Network1,0.1,24.0,0.05,true,true,true,true,1,1,0.2,6
1,602,agent_2,0.00567196,,0,Toxic Model 1,Network1,0.1,24.0,0.05,true,true,true,true,1,1,0.2,6
1,607,agent_2,0.00567196,,0,Toxic Model 1,Network1,0.1,24.0,0.05,true,true,true,true,1,1,0.2,6
1,607,agent_2,0.00567196,,0,Toxic Model 1,Network1,0.1,24.0,0.05,true,true,true,true,1,1,0.2,6
1,608,agent_2,0.00567196,,0,Toxic Model 1,Network1,0.1,24.0,0.05,true,true,true,true,1,1,0.2,6
1,609,agent_2,0.00567196,0.0005461187101900578,0,Toxic Model 1,Network1,0.1,24.0,0.05,true,true,true,true,1,1,0.2,6
1,619,agent_2,0.00567196,0.0037866069469600916,0,Toxic Model 1,Network1,0.1,24.0,0.05,true,true,true,true,1,1,0.2,6
1,619,agent_2,0.00567196,0.005326407495886087,0,Toxic Model 1,Network1,0.1,24.0,0.05,true,true,true,true,1,1,0.2,6
1,619,agent_2,0.00567196,0.000329228671034798,0,Toxic Model 1,Network1,0.1,24.0,0.05,true,true,true,true,1,1,0.2,6
1,619,agent_2,0.00567196,0.00273468648083508,0,Toxic Model 1,Network1,0.1,24.0,0.05,true,true,true,true,1,1,0.2,6
1,623,agent_2,0.00567196,,0,Toxic Model 1,Network1,0.1,24.0,0.05,true,true,true,true,1,1,0.2,6
1,638,agent_47,0.0899155,0.0542968325316906,0,Toxic Model 1,Network1,0.1,24.0,0.05,true,true,true,true,1,1,0.2,6
1,666,agent_20,0.632745,0.017532408237457275,0,Toxic Model 1,Network1,0.1,24.0,0.05,true,true,true,true,1,1,0.2,6
1,671,agent_5,0.212172,,0,Toxic Model 1,Network1,0.1,24.0,0.05,true,true,true,true,1,1,0.2,6
1,731,agent_20,0.632745,,0,Toxic Model 1,Network1,0.1,24.0,0.05,true,true,true,true,1,1,0.2,6
1,819,agent_26,0.830624,,0,Toxic Model 1,Network1,0.1,24.0,0.05,true,true,true,true,1,1,0.2,6
1,840,agent_79,0.598582,,0,Toxic Model 1,Network1,0.1,24.0,0.05,true,true,true,true,1,1,0.2,6
1,873,agent_29,0.337464,0.015592806972563267,0,Toxic Model 1,Network1,0.1,24.0,0.05,true,true,true,true,1,1,0.2,6
1,934,agent_97,0.762863,,0,Toxic Model 1,Network1,0.1,24.0,0.05,true,true,true,true,1,1,0.2,6
1,1000,agent_46,0.416256,0.24849987030029297,0,Toxic Model 1,Network1,0.1,24.0,0.05,true,true,true,true,1,1,0.2,6
1,1035,agent_78,0.268697,0.028218064457178116,0,Toxic Model 1,Network1,0.1,24.0,0.05,true,true,true,true,1,1,0.2,6
1,1062,agent_93,0.49365,,0,Toxic Model 1,Network1,0.1,24.0,0.05,true,true,true,true,1,1,0.2,6
1,1183,agent_5,0.212172,,0,Toxic Model 1,Network1,0.1,24.0,0.05,true,true,true,true,1,1,0.2,6
1,1232,agent_51,0.0698596,0.022513950243592262,0,Toxic Model 1,Network1,0.1,24.0,0.05,true,true,true,true,1,1,0.2,6
1,1298,agent_29,0.337464,,0,Toxic Model 1,Network1,0.1,24.0,0.05,true,true,true,true,1,1,0.2,6
1,1308,agent_78,0.268697,,0,Toxic Model 1,Network1,0.1,24.0,0.05,true,true,true,true,1,1,0.2,6
1,1440,agent_50,0.508059,,0,Toxic Model 1,Network1,0.1,24.0,0.05,true,true,true,true,1,1,0.2,6
1,1632,agent_5,0.212172,,0,Toxic Model 1,Network1,0.1,24.0,0.05,true,true,true,true,1,1,0.2,6
1,1856,agent_51,0.0698596,,0,Toxic Model 1,Network1,0.1,24.0,0.05,true,true,true,true,1,1,0.2,6
1,1949,agent_51,0.0698596,,0,Toxic Model 1,Network1,0.1,24.0,0.05,true,true,true,true,1,1,0.2,6
1,1999,agent_29,0.337464,,0,Toxic Model 1,Network1,0.1,24.0,0.05,true,true,true,true,1,1,0.2,6
1,2050,agent_75,0.880767,0.40910276770591736,0,Toxic Model 1,Network1,0.1,24.0,0.05,true,true,true,true,1,1,0.2,6
1,2133,agent_51,0.0698596,,0,Toxic Model 1,Network1,0.1,24.0,0.05,true,true,true,true,1,1,0.2,6
1,2159,agent_65,0.529465,,0,Toxic Model 1,Network1,0.1,24.0,0.05,true,true,true,true,1,1,0.2,6
1,2165,agent_93,0.49365,,0,Toxic Model 1,Network1,0.1,24.0,0.05,true,true,true,true,1,1,0.2,6
1,2194,agent_94,0.551381,,0,Toxic Model 1,Network1,0.1,24.0,0.05,true,true,true,true,1,1,0.2,6
1,2254,agent_93,0.49365,,0,Toxic Model 1,Network1,0.1,24.0,0.05,true,true,true,true,1,1,0.2,6
1,2360,agent_82,0.462876,,0,Toxic Model 1,Network1,0.1,24.0,0.05,true,true,true,true,1,1,0.2,6
1,2556,agent_82,0.462876,,0,Toxic Model 1,Network1,0.1,24.0,0.05,true,true,true,true,1,1,0.2,6
1,2724,agent_39,0.830123,,0,Toxic Model 1,Network1,0.1,24.0,0.05,true,true,true,true,1,1,0.2,6
1,2725,agent_51,0.0698596,0.014885148033499718,0,Toxic Model 1,Network1,0.1,24.0,0.05,true,true,true,true,1,1,0.2,6
1,2738,agent_51,0.0698596,,0,Toxic Model 1,Network1,0.1,24.0,0.05,true,true,true,true,1,1,0.2,6
1,2761,agent_29,0.337464,,0,Toxic Model 1,Network1,0.1,24.0,0.05,true,true,true,true,1,1,0.2,6
1,2974,agent_65,0.529465,,0,Toxic Model 1,Network1,0.1,24.0,0.05,true,true,true,true,1,1,0.2,6
1,3199,agent_78,0.268697,,0,Toxic Model 1,Network1,0.1,24.0,0.05,true,true,true,true,1,1,0.2,6
1,3293,agent_75,0.880767,0.8195348978042603,0,Toxic Model 1,Network1,0.1,24.0,0.05,true,true,true,true,1,1,0.2,6
1,3347,agent_88,0.591003,,0,Toxic Model 1,Network1,0.1,24.0,0.05,true,true,true,true,1,1,0.2,6
1,3431,agent_97,0.762863,,0,Toxic Model 1,Network1,0.1,24.0,0.05,true,true,true,true,1,1,0.2,6
1,3488,agent_95,0.297964,,0,Toxic Model 1,Network1,0.1,24.0,0.05,true,true,true,true,1,1,0.2,6
1,3611,agent_39,0.830123,,0,Toxic Model 1,Network1,0.1,24.0,0.05,true,true,true,true,1,1,0.2,6
1,3692,agent_88,0.591003,,0,Toxic Model 1,Network1,0.1,24.0,0.05,true,true,true,true,1,1,0.2,6
1,3963,agent_95,0.297964,,0,Toxic Model 1,Network1,0.1,24.0,0.05,true,true,true,true,1,1,0.2,6
