platform,timestamp,author,author_toxicity,toxicity,knowledge,platform_model name,platform_network name,platform_interval time duration,platform_maximum post inactivity,platform_toxicity threshold,platform_full ban,platform_partial ban,platform_warning,platform_remove content,platform_network ban threshold,platform_network warning threshold,platform_moderation miss probability,platform_partial ban length
2,3,agent_0,0.345154,0.27644872665405273,0,Toxic Model 2,Network2,0.1,24.0,0.05,true,true,true,true,2,10,0.4,6
2,4,agent_2,0.00567196,0.002107105450704694,0,Toxic Model 2,Network2,0.1,24.0,0.05,true,true,true,true,2,10,0.4,6
2,10,agent_4,0.905018,,0,Toxic Model 2,Network2,0.1,24.0,0.05,true,true,true,true,2,10,0.4,6
2,11,agent_4,0.905018,0.044270265847444534,0,Toxic Model 2,Network2,0.1,24.0,0.05,true,true,true,true,2,10,0.4,6
2,15,agent_2,0.00567196,0.005491902586072683,0,Toxic Model 2,Network2,0.1,24.0,0.05,true,true,true,true,2,10,0.4,6
2,15,agent_3,0.240072,,0,Toxic Model 2,Network2,0.1,24.0,0.05,true,true,true,true,2,10,0.4,6
2,16,agent_0,0.345154,,0,Toxic Model 2,Network2,0.1,24.0,0.05,true,true,true,true,2,10,0.4,6
2,17,agent_3,0.240072,0.10683947801589966,0,Toxic Model 2,Network2,0.1,24.0,0.05,true,true,true,true,2,10,0.4,6
2,18,agent_2,0.00567196,0.0031474498100578785,0,Toxic Model 2,Network2,0.1,24.0,0.05,true,true,true,true,2,10,0.4,6
2,19,agent_4,0.905018,0.11839361488819122,0,Toxic Model 2,Network2,0.1,24.0,0.05,true,true,true,true,2,10,0.4,6
2,19,agent_3,0.240072,0.040077466517686844,0,Toxic Model 2,Network2,0.1,24.0,0.05,true,true,true,true,2,10,0.4,6
2,20,agent_3,0.240072,,0,Toxic Model 2,Network2,0.1,24.0,0.05,true,true,true,true,2,10,0.4,6
2,24,agent_4,0.905018,0.40268948674201965,0,Toxic Model 2,Network2,0.1,24.0,0.05,true,true,true,true,2,10,0.4,6
2,24,agent_4,0.905018,,0,Toxic Model 2,Network2,0.1,24.0,0.05,true,true,true,true,2,10,0.4,6
2,24,agent_4,0.905018,0.3089648187160492,0,Toxic Model 2,Network2,0.1,24.0,0.05,true,true,true,true,2,10,0.4,6
2,24,agent_0,0.345154,,0,Toxic Model 2,Network2,0.1,24.0,0.05,true,true,true,true,2,10,0.4,6
2,25,agent_3,0.240072,0.08677158504724503,0,Toxic Model 2,Network2,0.1,24.0,0.05,true,true,true,true,2,10,0.4,6
2,27,agent_0,0.345154,0.1837143748998642,0,Toxic Model 2,Network2,0.1,24.0,0.05,true,true,true,true,2,10,0.4,6
2,28,agent_4,0.905018,,0,Toxic Model 2,Network2,0.1,24.0,0.05,true,true,true,true,2,10,0.4,6
2,29,agent_4,0.905018,,0,Toxic Model 2,Network2,0.1,24.0,0.05,true,true,true,true,2,10,0.4,6
2,31,agent_3,0.240072,,0,Toxic Model 2,Network2,0.1,24.0,0.05,true,true,true,true,2,10,0.4,6
2,36,agent_1,0.352114,0.15295712649822235,0,Toxic Model 2,Network2,0.1,24.0,0.05,true,true,true,true,2,10,0.4,6
2,36,agent_1,0.352114,,0,Toxic Model 2,Network2,0.1,24.0,0.05,true,true,true,true,2,10,0.4,6
2,37,agent_2,0.00567196,0.001028781058266759,0,Toxic Model 2,Network2,0.1,24.0,0.05,true,true,true,true,2,10,0.4,6
2,37,agent_2,0.00567196,,0,Toxic Model 2,Network2,0.1,24.0,0.05,true,true,true,true,2,10,0.4,6
2,41,agent_2,0.00567196,,0,Toxic Model 2,Network2,0.1,24.0,0.05,true,true,true,true,2,10,0.4,6
2,42,agent_2,0.00567196,,0,Toxic Model 2,Network2,0.1,24.0,0.05,true,true,true,true,2,10,0.4,6
2,42,agent_2,0.00567196,,0,Toxic Model 2,Network2,0.1,24.0,0.05,true,true,true,true,2,10,0.4,6
2,42,agent_2,0.00567196,0.004552315920591354,0,Toxic Model 2,Network2,0.1,24.0,0.05,true,true,true,true,2,10,0.4,6
2,49,agent_2,0.00567196,0.0028256806544959545,0,Toxic Model 2,Network2,0.1,24.0,0.05,true,true,true,true,2,10,0.4,6
2,52,agent_3,0.240072,,0,Toxic Model 2,Network2,0.1,24.0,0.05,true,true,true,true,2,10,0.4,6
2,52,agent_3,0.240072,0.06349840015172958,0,Toxic Model 2,Network2,0.1,24.0,0.05,true,true,true,true,2,10,0.4,6
2,53,agent_2,0.00567196,0.0021592758130282164,0,Toxic Model 2,Network2,0.1,24.0,0.05,true,true,true,true,2,10,0.4,6
2,53,agent_2,0.00567196,0.0013236086815595627,0,Toxic Model 2,Network2,0.1,24.0,0.05,true,true,true,true,2,10,0.4,6
2,53,agent_2,0.00567196,0.0019409829983487725,0,Toxic Model 2,Network2,0.1,24.0,0.05,true,true,true,true,2,10,0.4,6
2,63,agent_3,0.240072,,0,Toxic Model 2,Network2,0.1,24.0,0.05,true,true,true,true,2,10,0.4,6
2,63,agent_3,0.240072,0.07287698984146118,0,Toxic Model 2,Network2,0.1,24.0,0.05,true,true,true,true,2,10,0.4,6
2,64,agent_1,0.352114,,0,Toxic Model 2,Network2,0.1,24.0,0.05,true,true,true,true,2,10,0.4,6
2,66,agent_3,0.240072,,0,Toxic Model 2,Network2,0.1,24.0,0.05,true,true,true,true,2,10,0.4,6
2,66,agent_3,0.240072,0.01197053212672472,0,Toxic Model 2,Network2,0.1,24.0,0.05,true,true,true,true,2,10,0.4,6
2,67,agent_3,0.240072,0.03480035439133644,0,Toxic Model 2,Network2,0.1,24.0,0.05,true,true,true,true,2,10,0.4,6
2,68,agent_1,0.352114,,0,Toxic Model 2,Network2,0.1,24.0,0.05,true,true,true,true,2,10,0.4,6
2,69,agent_3,0.240072,,0,Toxic Model 2,Network2,0.1,24.0,0.05,true,true,true,true,2,10,0.4,6
2,72,agent_3,0.240072,0.006394190713763237,0,Toxic Model 2,Network2,0.1,24.0,0.05,true,true,true,true,2,10,0.4,6
2,73,agent_2,0.00567196,0.0022818217985332012,0,Toxic Model 2,Network2,0.1,24.0,0.05,true,true,true,true,2,10,0.4,6
2,74,agent_1,0.352114,,0,Toxic Model 2,Network2,0.1,24.0,0.05,true,true,true,true,2,10,0.4,6
2,75,agent_2,0.00567196,0.001609919243492186,0,Toxic Model 2,Network2,0.1,24.0,0.05,true,true,true,true,2,10,0.4,6
2,75,agent_2,0.00567196,0.005438034888356924,0,Toxic Model 2,Network2,0.1,24.0,0.05,true,true,true,true,2,10,0.4,6
2,84,agent_1,0.352114,0.2201511263847351,0,Toxic Model 2,Network2,0.1,24.0,0.05,true,true,true,true,2,10,0.4,6
2,86,agent_3,0.240072,,0,Toxic Model 2,Network2,0.1,24.0,0.05,true,true,true,true,2,10,0.4,6
2,91,agent_1,0.352114,0.046995218843221664,0,Toxic Model 2,Network2,0.1,24.0,0.05,true,true,true,true,2,10,0.4,6
2,93,agent_2,0.00567196,0.0020144633017480373,0,Toxic Model 2,Network2,0.1,24.0,0.05,true,true,true,true,2,10,0.4,6
2,94,agent_1,0.352114,,0,Toxic Model 2,Network2,0.1,24.0,0.05,true,true,true,true,2,10,0.4,6
2,94,agent_2,0.00567196,0.0028750146739184856,0,Toxic Model 2,Network2,0.1,24.0,0.05,true,true,true,true,2,10,0.4,6
2,96,agent_3,0.240072,,0,Toxic Model 2,Network2,0.1,24.0,0.05,true,true,true,true,2,10,0.4,6
2,97,agent_3,0.240072,0.011471694335341454,0,Toxic Model 2,Network2,0.1,24.0,0.05,true,true,true,true,2,10,0.4,6
2,98,agent_3,0.240072,,0,Toxic Model 2,Network2,0.1,24.0,0.05,true,true,true,true,2,10,0.4,6
2,99,agent_3,0.240072,0.14448489248752594,0,Toxic Model 2,Network2,0.1,24.0,0.05,true,true,true,true,2,10,0.4,6
2,99,agent_3,0.240072,0.013169795274734497,0,Toxic Model 2,Network2,0.1,24.0,0.05,true,true,true,true,2,10,0.4,6
2,101,agent_3,0.240072,0.04500282555818558,0,Toxic Model 2,Network2,0.1,24.0,0.05,true,true,true,true,2,10,0.4,6
2,102,agent_0,0.345154,0.30130910873413086,0,Toxic Model 2,Network2,0.1,24.0,0.05,true,true,true,true,2,10,0.4,6
2,103,agent_3,0.240072,0.04020683839917183,0,Toxic Model 2,Network2,0.1,24.0,0.05,true,true,true,true,2,10,0.4,6
2,105,agent_2,0.00567196,0.00039281728095375,0,Toxic Model 2,Network2,0.1,24.0,0.05,true,true,true,true,2,10,0.4,6
2,106,agent_2,0.00567196,,0,Toxic Model 2,Network2,0.1,24.0,0.05,true,true,true,true,2,10,0.4,6
2,106,agent_2,0.00567196,,0,Toxic Model 2,Network2,0.1,24.0,0.05,true,true,true,true,2,10,0.4,6
2,106,agent_50,0.508059,,0,Toxic Model 2,Network2,0.1,24.0,0.05,true,true,true,true,2,10,0.4,6
2,112,agent_2,0.00567196,0.0019858696032315493,0,Toxic Model 2,Network2,0.1,24.0,0.05,true,true,true,true,2,10,0.4,6
2,112,agent_2,0.00567196,0.003317678812891245,0,Toxic Model 2,Network2,0.1,24.0,0.05,true,true,true,true,2,10,0.4,6
2,114,agent_0,0.345154,,0,Toxic Model 2,Network2,0.1,24.0,0.05,true,true,true,true,2,10,0.4,6
2,114,agent_0,0.345154,0.012118223123252392,0,Toxic Model 2,Network2,0.1,24.0,0.05,true,true,true,true,2,10,0.4,6
2,115,agent_3,0.240072,,0,Toxic Model 2,Network2,0.1,24.0,0.05,true,true,true,true,2,10,0.4,6
2,119,agent_0,0.345154,0.11798831075429916,0,Toxic Model 2,Network2,0.1,24.0,0.05,true,true,true,true,2,10,0.4,6
2,123,agent_2,0.00567196,0.0031731214839965105,0,Toxic Model 2,Network2,0.1,24.0,0.05,true,true,true,true,2,10,0.4,6
2,126,agent_3,0.240072,0.044322919100522995,0,Toxic Model 2,Network2,0.1,24.0,0.05,true,true,true,true,2,10,0.4,6
2,128,agent_2,0.00567196,0.0004496726323850453,0,Toxic Model 2,Network2,0.1,24.0,0.05,true,true,true,true,2,10,0.4,6
2,137,agent_2,0.00567196,,0,Toxic Model 2,Network2,0.1,24.0,0.05,true,true,true,true,2,10,0.4,6
2,138,agent_74,0.749273,,0,Toxic Model 2,Network2,0.1,24.0,0.05,true,true,true,true,2,10,0.4,6
2,144,agent_2,0.00567196,,0,Toxic Model 2,Network2,0.1,24.0,0.05,true,true,true,true,2,10,0.4,6
2,158,agent_0,0.345154,,0,Toxic Model 2,Network2,0.1,24.0,0.05,true,true,true,true,2,10,0.4,6
2,159,agent_2,0.00567196,,0,Toxic Model 2,Network2,0.1,24.0,0.05,true,true,true,true,2,10,0.4,6
2,160,agent_20,0.632745,0.5417883992195129,0,Toxic Model 2,Network2,0.1,24.0,0.05,true,true,true,true,2,10,0.4,6
2,161,agent_2,0.00567196,0.004600050393491983,0,Toxic Model 2,Network2,0.1,24.0,0.05,true,true,true,true,2,10,0.4,6
2,161,agent_2,0.00567196,0.004988288041204214,0,Toxic Model 2,Network2,0.1,24.0,0.05,true,true,true,true,2,10,0.4,6
2,169,agent_2,0.00567196,0.003135474631562829,0,Toxic Model 2,Network2,0.1,24.0,0.05,true,true,true,true,2,10,0.4,6
2,169,agent_2,0.00567196,,0,Toxic Model 2,Network2,0.1,24.0,0.05,true,true,true,true,2,10,0.4,6
2,170,agent_20,0.632745,,0,Toxic Model 2,Network2,0.1,24.0,0.05,true,true,true,true,2,10,0.4,6
2,171,agent_1,0.352114,,0,Toxic Model 2,Network2,0.1,24.0,0.05,true,true,true,true,2,10,0.4,6
2,171,agent_2,0.00567196,0.005257375538349152,0,Toxic Model 2,Network2,0.1,24.0,0.05,true,true,true,true,2,10,0.4,6
2,175,agent_2,0.00567196,,0,Toxic Model 2,Network2,0.1,24.0,0.05,true,true,true,true,2,10,0.4,6
2,176,agent_2,0.00567196,,0,Toxic Model 2,Network2,0.1,24.0,0.05,true,true,true,true,2,10,0.4,6
2,176,agent_2,0.00567196,0.005532736890017986,0,Toxic Model 2,Network2,0.1,24.0,0.05,true,true,true,true,2,10,0.4,6
2,177,agent_1,0.352114,,0,Toxic Model 2,Network2,0.1,24.0,0.05,true,true,true,true,2,10,0.4,6
2,177,agent_1,0.352114,,0,Toxic Model 2,Network2,0.1,24.0,0.05,true,true,true,true,2,10,0.4,6
2,180,agent_0,0.345154,,0,Toxic Model 2,Network2,0.1,24.0,0.05,true,true,true,true,2,10,0.4,6
2,182,agent_1,0.352114,,0,Toxic Model 2,Network2,0.1,24.0,0.05,true,true,true,true,2,10,0.4,6
2,186,agent_2,0.00567196,,0,Toxic Model 2,Network2,0.1,24.0,0.05,true,true,true,true,2,10,0.4,6
2,197,agent_48,0.605371,,0,Toxic Model 2,Network2,0.1,24.0,0.05,true,true,true,true,2,10,0.4,6
2,199,agent_5,0.212172,,0,Toxic Model 2,Network2,0.1,24.0,0.05,true,true,true,true,2,10,0.4,6
2,203,agent_2,0.00567196,,0,Toxic Model 2,Network2,0.1,24.0,0.05,true,true,true,true,2,10,0.4,6
2,203,agent_2,0.00567196,0.0009910704102367163,0,Toxic Model 2,Network2,0.1,24.0,0.05,true,true,true,true,2,10,0.4,6
2,210,agent_2,0.00567196,,0,Toxic Model 2,Network2,0.1,24.0,0.05,true,true,true,true,2,10,0.4,6
2,210,agent_2,0.00567196,0.0024122046306729317,0,Toxic Model 2,Network2,0.1,24.0,0.05,true,true,true,true,2,10,0.4,6
2,211,agent_20,0.632745,,0,Toxic Model 2,Network2,0.1,24.0,0.05,true,true,true,true,2,10,0.4,6
2,211,agent_2,0.00567196,0.002366744913160801,0,Toxic Model 2,Network2,0.1,24.0,0.05,true,true,true,true,2,10,0.4,6
2,240,agent_2,0.00567196,0.0032348555978387594,0,Toxic Model 2,Network2,0.1,24.0,0.05,true,true,true,true,2,10,0.4,6
2,240,agent_2,0.00567196,0.0009532517287880182,0,Toxic Model 2,Network2,0.1,24.0,0.05,true,true,true,true,2,10,0.4,6
2,240,agent_2,0.00567196,0.004556945059448481,0,Toxic Model 2,Network2,0.1,24.0,0.05,true,true,true,true,2,10,0.4,6
2,245,agent_1,0.352114,,0,Toxic Model 2,Network2,0.1,24.0,0.05,true,true,true,true,2,10,0.4,6
2,246,agent_1,0.352114,,0,Toxic Model 2,Network2,0.1,24.0,0.05,true,true,true,true,2,10,0.4,6
2,252,agent_89,0.693759,0.3278306722640991,0,Toxic Model 2,Network2,0.1,24.0,0.05,true,true,true,true,2,10,0.4,6
2,261,agent_89,0.693759,,0,Toxic Model 2,Network2,0.1,24.0,0.05,true,true,true,true,2,10,0.4,6
2,262,agent_20,0.632745,,0,Toxic Model 2,Network2,0.1,24.0,0.05,true,true,true,true,2,10,0.4,6
2,269,agent_2,0.00567196,,0,Toxic Model 2,Network2,0.1,24.0,0.05,true,true,true,true,2,10,0.4,6
2,270,agent_2,0.00567196,,0,Toxic Model 2,Network2,0.1,24.0,0.05,true,true,true,true,2,10,0.4,6
2,319,agent_2,0.00567196,,0,Toxic Model 2,Network2,0.1,24.0,0.05,true,true,true,true,2,10,0.4,6
2,319,agent_2,0.00567196,,0,Toxic Model 2,Network2,0.1,24.0,0.05,true,true,true,true,2,10,0.4,6
2,332,agent_2,0.00567196,0.0024879127740859985,0,Toxic Model 2,Network2,0.1,24.0,0.05,true,true,true,true,2,10,0.4,6
2,334,agent_2,0.00567196,0.001857322407886386,0,Toxic Model 2,Network2,0.1,24.0,0.05,true,true,true,true,2,10,0.4,6
2,338,agent_74,0.749273,,0,Toxic Model 2,Network2,0.1,24.0,0.05,true,true,true,true,2,10,0.4,6
2,343,agent_2,0.00567196,0.0050491103902459145,0,Toxic Model 2,Network2,0.1,24.0,0.05,true,true,true,true,2,10,0.4,6
2,345,agent_2,0.00567196,0.0051970332860946655,0,Toxic Model 2,Network2,0.1,24.0,0.05,true,true,true,true,2,10,0.4,6
2,357,agent_78,0.268697,0.0031628222204744816,0,Toxic Model 2,Network2,0.1,24.0,0.05,true,true,true,true,2,10,0.4,6
2,359,agent_2,0.00567196,0.004143565893173218,0,Toxic Model 2,Network2,0.1,24.0,0.05,true,true,true,true,2,10,0.4,6
2,381,agent_2,0.00567196,0.004568977747112513,0,Toxic Model 2,Network2,0.1,24.0,0.05,true,true,true,true,2,10,0.4,6
2,410,agent_2,0.00567196,0.0037494723219424486,0,Toxic Model 2,Network2,0.1,24.0,0.05,true,true,true,true,2,10,0.4,6
2,415,agent_2,0.00567196,,0,Toxic Model 2,Network2,0.1,24.0,0.05,true,true,true,true,2,10,0.4,6
2,439,agent_2,0.00567196,,0,Toxic Model 2,Network2,0.1,24.0,0.05,true,true,true,true,2,10,0.4,6
2,466,agent_2,0.00567196,0.0035093168262392282,0,Toxic Model 2,Network2,0.1,24.0,0.05,true,true,true,true,2,10,0.4,6
2,473,agent_2,0.00567196,,0,Toxic Model 2,Network2,0.1,24.0,0.05,true,true,true,true,2,10,0.4,6
2,481,agent_2,0.00567196,0.0016135324258357286,0,Toxic Model 2,Network2,0.1,24.0,0.05,true,true,true,true,2,10,0.4,6
2,481,agent_2,0.00567196,,0,Toxic Model 2,Network2,0.1,24.0,0.05,true,true,true,true,2,10,0.4,6
2,481,agent_2,0.00567196,0.005354261491447687,0,Toxic Model 2,Network2,0.1,24.0,0.05,true,true,true,true,2,10,0.4,6
2,498,agent_2,0.00567196,0.001849052612669766,0,Toxic Model 2,Network2,0.1,24.0,0.05,true,true,true,true,2,10,0.4,6
2,515,agent_5,0.212172,0.03008967451751232,0,Toxic Model 2,Network2,0.1,24.0,0.05,true,true,true,true,2,10,0.4,6
2,516,agent_2,0.00567196,0.0011235703714191914,0,Toxic Model 2,Network2,0.1,24.0,0.05,true,true,true,true,2,10,0.4,6
2,520,agent_2,0.00567196,0.0016129937721416354,0,Toxic Model 2,Network2,0.1,24.0,0.05,true,true,true,true,2,10,0.4,6
2,535,agent_97,0.762863,,0,Toxic Model 2,Network2,0.1,24.0,0.05,true,true,true,true,2,10,0.4,6
2,546,agent_2,0.00567196,,0,Toxic Model 2,Network2,0.1,24.0,0.05,true,true,true,true,2,10,0.4,6
2,546,agent_2,0.00567196,0.0014642963651567698,0,Toxic Model 2,Network2,0.1,24.0,0.05,true,true,true,true,2,10,0.4,6
2,566,agent_2,0.00567196,,0,Toxic Model 2,Network2,0.1,24.0,0.05,true,true,true,true,2,10,0.4,6
2,585,agent_2,0.00567196,0.0012721215607598424,0,Toxic Model 2,Network2,0.1,24.0,0.05,true,true,true,true,2,10,0.4,6
2,602,agent_2,0.00567196,,0,Toxic Model 2,Network2,0.1,24.0,0.05,true,true,true,true,2,10,0.4,6
2,606,agent_2,0.00567196,,0,Toxic Model 2,Network2,0.1,24.0,0.05,true,true,true,true,2,10,0.4,6
2,606,agent_2,0.00567196,0.001667648321017623,0,Toxic Model 2,Network2,0.1,24.0,0.05,true,true,true,true,2,10,0.4,6
2,608,agent_2,0.00567196,,0,Toxic Model 2,Network2,0.1,24.0,0.05,true,true,true,true,2,10,0.4,6
2,611,agent_2,0.00567196,0.005472457967698574,0,Toxic Model 2,Network2,0.1,24.0,0.05,true,true,true,true,2,10,0.4,6
2,620,agent_39,0.830123,0.7050501704216003,0,Toxic Model 2,Network2,0.1,24.0,0.05,true,true,true,true,2,10,0.4,6
2,626,agent_2,0.00567196,,0,Toxic Model 2,Network2,0.1,24.0,0.05,true,true,true,true,2,10,0.4,6
2,637,agent_10,0.628033,,0,Toxic Model 2,Network2,0.1,24.0,0.05,true,true,true,true,2,10,0.4,6
2,675,agent_2,0.00567196,,0,Toxic Model 2,Network2,0.1,24.0,0.05,true,true,true,true,2,10,0.4,6
2,693,agent_2,0.00567196,0.0021429196931421757,0,Toxic Model 2,Network2,0.1,24.0,0.05,true,true,true,true,2,10,0.4,6
2,694,agent_2,0.00567196,,0,Toxic Model 2,Network2,0.1,24.0,0.05,true,true,true,true,2,10,0.4,6
2,694,agent_2,0.00567196,0.0018122730543836951,0,Toxic Model 2,Network2,0.1,24.0,0.05,true,true,true,true,2,10,0.4,6
2,707,agent_2,0.00567196,,0,Toxic Model 2,Network2,0.1,24.0,0.05,true,true,true,true,2,10,0.4,6
2,710,agent_2,0.00567196,0.0013668255414813757,0,Toxic Model 2,Network2,0.1,24.0,0.05,true,true,true,true,2,10,0.4,6
2,710,agent_2,0.00567196,,0,Toxic Model 2,Network2,0.1,24.0,0.05,true,true,true,true,2,10,0.4,6
2,711,agent_2,0.00567196,0.003161174710839987,0,Toxic Model 2,Network2,0.1,24.0,0.05,true,true,true,true,2,10,0.4,6
2,731,agent_2,0.00567196,0.0008539803675375879,0,Toxic Model 2,Network2,0.1,24.0,0.05,true,true,true,true,2,10,0.4,6
2,737,agent_2,0.00567196,,0,Toxic Model 2,Network2,0.1,24.0,0.05,true,true,true,true,2,10,0.4,6
2,758,agent_2,0.00567196,,0,Toxic Model 2,Network2,0.1,24.0,0.05,true,true,true,true,2,10,0.4,6
2,760,agent_2,0.00567196,,0,Toxic Model 2,Network2,0.1,24.0,0.05,true,true,true,true,2,10,0.4,6
2,760,agent_2,0.00567196,0.0022204038687050343,0,Toxic Model 2,Network2,0.1,24.0,0.05,true,true,true,true,2,10,0.4,6
2,764,agent_2,0.00567196,,0,Toxic Model 2,Network2,0.1,24.0,0.05,true,true,true,true,2,10,0.4,6
2,782,agent_2,0.00567196,,0,Toxic Model 2,Network2,0.1,24.0,0.05,true,true,true,true,2,10,0.4,6
2,788,agent_2,0.00567196,,0,Toxic Model 2,Network2,0.1,24.0,0.05,true,true,true,true,2,10,0.4,6
2,788,agent_2,0.00567196,0.0018646412063390017,0,Toxic Model 2,Network2,0.1,24.0,0.05,true,true,true,true,2,10,0.4,6
2,788,agent_2,0.00567196,,0,Toxic Model 2,Network2,0.1,24.0,0.05,true,true,true,true,2,10,0.4,6
2,796,agent_2,0.00567196,,0,Toxic Model 2,Network2,0.1,24.0,0.05,true,true,true,true,2,10,0.4,6
2,796,agent_10,0.628033,,0,Toxic Model 2,Network2,0.1,24.0,0.05,true,true,true,true,2,10,0.4,6
2,802,agent_2,0.00567196,,0,Toxic Model 2,Network2,0.1,24.0,0.05,true,true,true,true,2,10,0.4,6
2,809,agent_2,0.00567196,,0,Toxic Model 2,Network2,0.1,24.0,0.05,true,true,true,true,2,10,0.4,6
2,815,agent_48,0.605371,,0,Toxic Model 2,Network2,0.1,24.0,0.05,true,true,true,true,2,10,0.4,6
2,832,agent_2,0.00567196,0.0031489143148064613,0,Toxic Model 2,Network2,0.1,24.0,0.05,true,true,true,true,2,10,0.4,6
2,834,agent_2,0.00567196,,0,Toxic Model 2,Network2,0.1,24.0,0.05,true,true,true,true,2,10,0.4,6
2,838,agent_2,0.00567196,0.0054551465436816216,0,Toxic Model 2,Network2,0.1,24.0,0.05,true,true,true,true,2,10,0.4,6
2,845,agent_2,0.00567196,,0,Toxic Model 2,Network2,0.1,24.0,0.05,true,true,true,true,2,10,0.4,6
2,849,agent_2,0.00567196,0.0031899702735245228,0,Toxic Model 2,Network2,0.1,24.0,0.05,true,true,true,true,2,10,0.4,6
2,854,agent_2,0.00567196,0.005037791561335325,0,Toxic Model 2,Network2,0.1,24.0,0.05,true,true,true,true,2,10,0.4,6
2,854,agent_2,0.00567196,,0,Toxic Model 2,Network2,0.1,24.0,0.05,true,true,true,true,2,10,0.4,6
2,854,agent_2,0.00567196,,0,Toxic Model 2,Network2,0.1,24.0,0.05,true,true,true,true,2,10,0.4,6
2,855,agent_2,0.00567196,0.002600199542939663,0,Toxic Model 2,Network2,0.1,24.0,0.05,true,true,true,true,2,10,0.4,6
2,859,agent_2,0.00567196,,0,Toxic Model 2,Network2,0.1,24.0,0.05,true,true,true,true,2,10,0.4,6
2,864,agent_2,0.00567196,0.0004328414215706289,0,Toxic Model 2,Network2,0.1,24.0,0.05,true,true,true,true,2,10,0.4,6
2,864,agent_2,0.00567196,,0,Toxic Model 2,Network2,0.1,24.0,0.05,true,true,true,true,2,10,0.4,6
2,868,agent_2,0.00567196,,0,Toxic Model 2,Network2,0.1,24.0,0.05,true,true,true,true,2,10,0.4,6
2,870,agent_2,0.00567196,,0,Toxic Model 2,Network2,0.1,24.0,0.05,true,true,true,true,2,10,0.4,6
2,877,agent_10,0.628033,,0,Toxic Model 2,Network2,0.1,24.0,0.05,true,true,true,true,2,10,0.4,6
2,880,agent_2,0.00567196,,0,Toxic Model 2,Network2,0.1,24.0,0.05,true,true,true,true,2,10,0.4,6
2,880,agent_2,0.00567196,0.0038645961321890354,0,Toxic Model 2,Network2,0.1,24.0,0.05,true,true,true,true,2,10,0.4,6
2,907,agent_2,0.00567196,0.0030819925013929605,0,Toxic Model 2,Network2,0.1,24.0,0.05,true,true,true,true,2,10,0.4,6
2,915,agent_2,0.00567196,0.00262699113227427,0,Toxic Model 2,Network2,0.1,24.0,0.05,true,true,true,true,2,10,0.4,6
2,915,agent_61,0.714836,,0,Toxic Model 2,Network2,0.1,24.0,0.05,true,true,true,true,2,10,0.4,6
2,933,agent_2,0.00567196,0.0010497068287804723,0,Toxic Model 2,Network2,0.1,24.0,0.05,true,true,true,true,2,10,0.4,6
2,934,agent_2,0.00567196,,0,Toxic Model 2,Network2,0.1,24.0,0.05,true,true,true,true,2,10,0.4,6
2,934,agent_2,0.00567196,0.0015472713857889175,0,Toxic Model 2,Network2,0.1,24.0,0.05,true,true,true,true,2,10,0.4,6
2,940,agent_2,0.00567196,0.005630880128592253,0,Toxic Model 2,Network2,0.1,24.0,0.05,true,true,true,true,2,10,0.4,6
2,956,agent_2,0.00567196,0.002522891853004694,0,Toxic Model 2,Network2,0.1,24.0,0.05,true,true,true,true,2,10,0.4,6
2,963,agent_2,0.00567196,0.00044477099436335266,0,Toxic Model 2,Network2,0.1,24.0,0.05,true,true,true,true,2,10,0.4,6
2,967,agent_2,0.00567196,0.0054548815824091434,0,Toxic Model 2,Network2,0.1,24.0,0.05,true,true,true,true,2,10,0.4,6
2,989,agent_2,0.00567196,0.00012970132229384035,0,Toxic Model 2,Network2,0.1,24.0,0.05,true,true,true,true,2,10,0.4,6
2,989,agent_2,0.00567196,0.003687191754579544,0,Toxic Model 2,Network2,0.1,24.0,0.05,true,true,true,true,2,10,0.4,6
2,1017,agent_78,0.268697,0.2506515383720398,0,Toxic Model 2,Network2,0.1,24.0,0.05,true,true,true,true,2,10,0.4,6
2,1026,agent_2,0.00567196,0.005374320782721043,0,Toxic Model 2,Network2,0.1,24.0,0.05,true,true,true,true,2,10,0.4,6
2,1049,agent_2,0.00567196,0.002614595927298069,0,Toxic Model 2,Network2,0.1,24.0,0.05,true,true,true,true,2,10,0.4,6
2,1060,agent_2,0.00567196,0.002499561756849289,0,Toxic Model 2,Network2,0.1,24.0,0.05,true,true,true,true,2,10,0.4,6
2,1062,agent_2,0.00567196,0.005224409978836775,0,Toxic Model 2,Network2,0.1,24.0,0.05,true,true,true,true,2,10,0.4,6
2,1080,agent_2,0.00567196,,0,Toxic Model 2,Network2,0.1,24.0,0.05,true,true,true,true,2,10,0.4,6
2,1080,agent_2,0.00567196,,0,Toxic Model 2,Network2,0.1,24.0,0.05,true,true,true,true,2,10,0.4,6
2,1086,agent_2,0.00567196,,0,Toxic Model 2,Network2,0.1,24.0,0.05,true,true,true,true,2,10,0.4,6
2,1089,agent_2,0.00567196,0.003700381377711892,0,Toxic Model 2,Network2,0.1,24.0,0.05,true,true,true,true,2,10,0.4,6
2,1094,agent_2,0.00567196,0.0015927825588732958,0,Toxic Model 2,Network2,0.1,24.0,0.05,true,true,true,true,2,10,0.4,6
2,1098,agent_2,0.00567196,0.0023251217789947987,0,Toxic Model 2,Network2,0.1,24.0,0.05,true,true,true,true,2,10,0.4,6
2,1120,agent_2,0.00567196,0.0014183481689542532,0,Toxic Model 2,Network2,0.1,24.0,0.05,true,true,true,true,2,10,0.4,6
2,1130,agent_93,0.49365,0.2962060570716858,0,Toxic Model 2,Network2,0.1,24.0,0.05,true,true,true,true,2,10,0.4,6
2,1135,agent_2,0.00567196,0.0034086648374795914,0,Toxic Model 2,Network2,0.1,24.0,0.05,true,true,true,true,2,10,0.4,6
2,1145,agent_2,0.00567196,,0,Toxic Model 2,Network2,0.1,24.0,0.05,true,true,true,true,2,10,0.4,6
2,1148,agent_2,0.00567196,,0,Toxic Model 2,Network2,0.1,24.0,0.05,true,true,true,true,2,10,0.4,6
2,1148,agent_2,0.00567196,0.004304627422243357,0,Toxic Model 2,Network2,0.1,24.0,0.05,true,true,true,true,2,10,0.4,6
2,1148,agent_2,0.00567196,,0,Toxic Model 2,Network2,0.1,24.0,0.05,true,true,true,true,2,10,0.4,6
2,1156,agent_2,0.00567196,0.0009005366591736674,0,Toxic Model 2,Network2,0.1,24.0,0.05,true,true,true,true,2,10,0.4,6
2,1170,agent_97,0.762863,,0,Toxic Model 2,Network2,0.1,24.0,0.05,true,true,true,true,2,10,0.4,6
2,1178,agent_2,0.00567196,,0,Toxic Model 2,Network2,0.1,24.0,0.05,true,true,true,true,2,10,0.4,6
2,1190,agent_2,0.00567196,0.000497375032864511,0,Toxic Model 2,Network2,0.1,24.0,0.05,true,true,true,true,2,10,0.4,6
2,1190,agent_2,0.00567196,0.0013147551799193025,0,Toxic Model 2,Network2,0.1,24.0,0.05,true,true,true,true,2,10,0.4,6
2,1190,agent_2,0.00567196,,0,Toxic Model 2,Network2,0.1,24.0,0.05,true,true,true,true,2,10,0.4,6
2,1198,agent_95,0.297964,,0,Toxic Model 2,Network2,0.1,24.0,0.05,true,true,true,true,2,10,0.4,6
2,1200,agent_2,0.00567196,0.0012380951084196568,0,Toxic Model 2,Network2,0.1,24.0,0.05,true,true,true,true,2,10,0.4,6
2,1213,agent_93,0.49365,,0,Toxic Model 2,Network2,0.1,24.0,0.05,true,true,true,true,2,10,0.4,6
2,1217,agent_2,0.00567196,0.003993661608546972,0,Toxic Model 2,Network2,0.1,24.0,0.05,true,true,true,true,2,10,0.4,6
2,1217,agent_2,0.00567196,,0,Toxic Model 2,Network2,0.1,24.0,0.05,true,true,true,true,2,10,0.4,6
2,1226,agent_2,0.00567196,0.002519077854231,0,Toxic Model 2,Network2,0.1,24.0,0.05,true,true,true,true,2,10,0.4,6
2,1230,agent_5,0.212172,0.05418257415294647,0,Toxic Model 2,Network2,0.1,24.0,0.05,true,true,true,true,2,10,0.4,6
2,1232,agent_2,0.00567196,0.003887270577251911,0,Toxic Model 2,Network2,0.1,24.0,0.05,true,true,true,true,2,10,0.4,6
2,1232,agent_2,0.00567196,,0,Toxic Model 2,Network2,0.1,24.0,0.05,true,true,true,true,2,10,0.4,6
2,1235,agent_2,0.00567196,0.00020251533715054393,0,Toxic Model 2,Network2,0.1,24.0,0.05,true,true,true,true,2,10,0.4,6
2,1236,agent_2,0.00567196,,0,Toxic Model 2,Network2,0.1,24.0,0.05,true,true,true,true,2,10,0.4,6
2,1238,agent_2,0.00567196,0.0026194455567747355,0,Toxic Model 2,Network2,0.1,24.0,0.05,true,true,true,true,2,10,0.4,6
2,1249,agent_2,0.00567196,,0,Toxic Model 2,Network2,0.1,24.0,0.05,true,true,true,true,2,10,0.4,6
2,1283,agent_2,0.00567196,,0,Toxic Model 2,Network2,0.1,24.0,0.05,true,true,true,true,2,10,0.4,6
2,1289,agent_2,0.00567196,0.00046659732470288873,0,Toxic Model 2,Network2,0.1,24.0,0.05,true,true,true,true,2,10,0.4,6
2,1302,agent_2,0.00567196,,0,Toxic Model 2,Network2,0.1,24.0,0.05,true,true,true,true,2,10,0.4,6
2,1306,agent_10,0.628033,,0,Toxic Model 2,Network2,0.1,24.0,0.05,true,true,true,true,2,10,0.4,6
2,1308,agent_2,0.00567196,,0,Toxic Model 2,Network2,0.1,24.0,0.05,true,true,true,true,2,10,0.4,6
2,1320,agent_2,0.00567196,0.00013502949150279164,0,Toxic Model 2,Network2,0.1,24.0,0.05,true,true,true,true,2,10,0.4,6
2,1329,agent_2,0.00567196,0.000907378678675741,0,Toxic Model 2,Network2,0.1,24.0,0.05,true,true,true,true,2,10,0.4,6
2,1330,agent_2,0.00567196,0.00010465939703863114,0,Toxic Model 2,Network2,0.1,24.0,0.05,true,true,true,true,2,10,0.4,6
2,1330,agent_2,0.00567196,0.00020149137708358467,0,Toxic Model 2,Network2,0.1,24.0,0.05,true,true,true,true,2,10,0.4,6
2,1338,agent_2,0.00567196,0.0007113349274732172,0,Toxic Model 2,Network2,0.1,24.0,0.05,true,true,true,true,2,10,0.4,6
2,1338,agent_2,0.00567196,0.004542290233075619,0,Toxic Model 2,Network2,0.1,24.0,0.05,true,true,true,true,2,10,0.4,6
2,1338,agent_2,0.00567196,0.0033999972511082888,0,Toxic Model 2,Network2,0.1,24.0,0.05,true,true,true,true,2,10,0.4,6
2,1341,agent_2,0.00567196,0.004008600488305092,0,Toxic Model 2,Network2,0.1,24.0,0.05,true,true,true,true,2,10,0.4,6
2,1341,agent_20,0.632745,0.0670381635427475,0,Toxic Model 2,Network2,0.1,24.0,0.05,true,true,true,true,2,10,0.4,6
2,1376,agent_2,0.00567196,0.0007530236034654081,0,Toxic Model 2,Network2,0.1,24.0,0.05,true,true,true,true,2,10,0.4,6
2,1382,agent_5,0.212172,0.12466833740472794,0,Toxic Model 2,Network2,0.1,24.0,0.05,true,true,true,true,2,10,0.4,6
2,1415,agent_2,0.00567196,0.005372660234570503,0,Toxic Model 2,Network2,0.1,24.0,0.05,true,true,true,true,2,10,0.4,6
2,1420,agent_2,0.00567196,,0,Toxic Model 2,Network2,0.1,24.0,0.05,true,true,true,true,2,10,0.4,6
2,1433,agent_29,0.337464,,0,Toxic Model 2,Network2,0.1,24.0,0.05,true,true,true,true,2,10,0.4,6
2,1438,agent_2,0.00567196,0.0037477421574294567,0,Toxic Model 2,Network2,0.1,24.0,0.05,true,true,true,true,2,10,0.4,6
2,1470,agent_2,0.00567196,0.004629162605851889,0,Toxic Model 2,Network2,0.1,24.0,0.05,true,true,true,true,2,10,0.4,6
2,1482,agent_94,0.551381,,0,Toxic Model 2,Network2,0.1,24.0,0.05,true,true,true,true,2,10,0.4,6
2,1495,agent_97,0.762863,,0,Toxic Model 2,Network2,0.1,24.0,0.05,true,true,true,true,2,10,0.4,6
2,1496,agent_2,0.00567196,,0,Toxic Model 2,Network2,0.1,24.0,0.05,true,true,true,true,2,10,0.4,6
2,1496,agent_2,0.00567196,,0,Toxic Model 2,Network2,0.1,24.0,0.05,true,true,true,true,2,10,0.4,6
2,1496,agent_2,0.00567196,,0,Toxic Model 2,Network2,0.1,24.0,0.05,true,true,true,true,2,10,0.4,6
2,1501,agent_2,0.00567196,,0,Toxic Model 2,Network2,0.1,24.0,0.05,true,true,true,true,2,10,0.4,6
2,1501,agent_2,0.00567196,,0,Toxic Model 2,Network2,0.1,24.0,0.05,true,true,true,true,2,10,0.4,6
2,1503,agent_2,0.00567196,,0,Toxic Model 2,Network2,0.1,24.0,0.05,true,true,true,true,2,10,0.4,6
2,1518,agent_2,0.00567196,0.0052751535549759865,0,Toxic Model 2,Network2,0.1,24.0,0.05,true,true,true,true,2,10,0.4,6
2,1520,agent_74,0.749273,,0,Toxic Model 2,Network2,0.1,24.0,0.05,true,true,true,true,2,10,0.4,6
2,1521,agent_2,0.00567196,0.004923309199512005,0,Toxic Model 2,Network2,0.1,24.0,0.05,true,true,true,true,2,10,0.4,6
2,1524,agent_20,0.632745,,0,Toxic Model 2,Network2,0.1,24.0,0.05,true,true,true,true,2,10,0.4,6
2,1533,agent_2,0.00567196,,0,Toxic Model 2,Network2,0.1,24.0,0.05,true,true,true,true,2,10,0.4,6
2,1540,agent_2,0.00567196,0.0007818316225893795,0,Toxic Model 2,Network2,0.1,24.0,0.05,true,true,true,true,2,10,0.4,6
2,1540,agent_2,0.00567196,,0,Toxic Model 2,Network2,0.1,24.0,0.05,true,true,true,true,2,10,0.4,6
2,1540,agent_2,0.00567196,0.002369068330153823,0,Toxic Model 2,Network2,0.1,24.0,0.05,true,true,true,true,2,10,0.4,6
2,1543,agent_2,0.00567196,,0,Toxic Model 2,Network2,0.1,24.0,0.05,true,true,true,true,2,10,0.4,6
2,1543,agent_2,0.00567196,,0,Toxic Model 2,Network2,0.1,24.0,0.05,true,true,true,true,2,10,0.4,6
2,1552,agent_2,0.00567196,0.003291355213150382,0,Toxic Model 2,Network2,0.1,24.0,0.05,true,true,true,true,2,10,0.4,6
2,1560,agent_2,0.00567196,0.003583313664421439,0,Toxic Model 2,Network2,0.1,24.0,0.05,true,true,true,true,2,10,0.4,6
2,1562,agent_2,0.00567196,,0,Toxic Model 2,Network2,0.1,24.0,0.05,true,true,true,true,2,10,0.4,6
2,1562,agent_2,0.00567196,0.001269647036679089,0,Toxic Model 2,Network2,0.1,24.0,0.05,true,true,true,true,2,10,0.4,6
2,1570,agent_2,0.00567196,,0,Toxic Model 2,Network2,0.1,24.0,0.05,true,true,true,true,2,10,0.4,6
2,1571,agent_2,0.00567196,,0,Toxic Model 2,Network2,0.1,24.0,0.05,true,true,true,true,2,10,0.4,6
2,1576,agent_2,0.00567196,0.0016060647321864963,0,Toxic Model 2,Network2,0.1,24.0,0.05,true,true,true,true,2,10,0.4,6
2,1586,agent_2,0.00567196,,0,Toxic Model 2,Network2,0.1,24.0,0.05,true,true,true,true,2,10,0.4,6
2,1588,agent_89,0.693759,,0,Toxic Model 2,Network2,0.1,24.0,0.05,true,true,true,true,2,10,0.4,6
2,1607,agent_2,0.00567196,,0,Toxic Model 2,Network2,0.1,24.0,0.05,true,true,true,true,2,10,0.4,6
2,1626,agent_2,0.00567196,0.0031861811876296997,0,Toxic Model 2,Network2,0.1,24.0,0.05,true,true,true,true,2,10,0.4,6
2,1637,agent_2,0.00567196,,0,Toxic Model 2,Network2,0.1,24.0,0.05,true,true,true,true,2,10,0.4,6
2,1639,agent_2,0.00567196,,0,Toxic Model 2,Network2,0.1,24.0,0.05,true,true,true,true,2,10,0.4,6
2,1640,agent_2,0.00567196,,0,Toxic Model 2,Network2,0.1,24.0,0.05,true,true,true,true,2,10,0.4,6
2,1648,agent_2,0.00567196,0.004252128303050995,0,Toxic Model 2,Network2,0.1,24.0,0.05,true,true,true,true,2,10,0.4,6
2,1648,agent_2,0.00567196,0.002365986816585064,0,Toxic Model 2,Network2,0.1,24.0,0.05,true,true,true,true,2,10,0.4,6
2,1654,agent_2,0.00567196,,0,Toxic Model 2,Network2,0.1,24.0,0.05,true,true,true,true,2,10,0.4,6
2,1667,agent_2,0.00567196,,0,Toxic Model 2,Network2,0.1,24.0,0.05,true,true,true,true,2,10,0.4,6
2,1670,agent_2,0.00567196,0.001986874733120203,0,Toxic Model 2,Network2,0.1,24.0,0.05,true,true,true,true,2,10,0.4,6
2,1687,agent_2,0.00567196,,0,Toxic Model 2,Network2,0.1,24.0,0.05,true,true,true,true,2,10,0.4,6
2,1687,agent_2,0.00567196,0.0036772049497812986,0,Toxic Model 2,Network2,0.1,24.0,0.05,true,true,true,true,2,10,0.4,6
2,1692,agent_2,0.00567196,0.004836734849959612,0,Toxic Model 2,Network2,0.1,24.0,0.05,true,true,true,true,2,10,0.4,6
2,1692,agent_2,0.00567196,0.000156283364049159,0,Toxic Model 2,Network2,0.1,24.0,0.05,true,true,true,true,2,10,0.4,6
2,1692,agent_2,0.00567196,0.0017114045331254601,0,Toxic Model 2,Network2,0.1,24.0,0.05,true,true,true,true,2,10,0.4,6
2,1692,agent_2,0.00567196,0.004465295001864433,0,Toxic Model 2,Network2,0.1,24.0,0.05,true,true,true,true,2,10,0.4,6
2,1715,agent_2,0.00567196,,0,Toxic Model 2,Network2,0.1,24.0,0.05,true,true,true,true,2,10,0.4,6
2,1739,agent_5,0.212172,,0,Toxic Model 2,Network2,0.1,24.0,0.05,true,true,true,true,2,10,0.4,6
2,1744,agent_2,0.00567196,0.00048385074478574097,0,Toxic Model 2,Network2,0.1,24.0,0.05,true,true,true,true,2,10,0.4,6
2,1744,agent_2,0.00567196,0.004034523386508226,0,Toxic Model 2,Network2,0.1,24.0,0.05,true,true,true,true,2,10,0.4,6
2,1745,agent_2,0.00567196,,0,Toxic Model 2,Network2,0.1,24.0,0.05,true,true,true,true,2,10,0.4,6
2,1755,agent_20,0.632745,0.5247870087623596,0,Toxic Model 2,Network2,0.1,24.0,0.05,true,true,true,true,2,10,0.4,6
2,1777,agent_2,0.00567196,6.0394562751753256e-05,0,Toxic Model 2,Network2,0.1,24.0,0.05,true,true,true,true,2,10,0.4,6
2,1779,agent_2,0.00567196,0.0005393435130827129,0,Toxic Model 2,Network2,0.1,24.0,0.05,true,true,true,true,2,10,0.4,6
2,1785,agent_2,0.00567196,0.0017088346648961306,0,Toxic Model 2,Network2,0.1,24.0,0.05,true,true,true,true,2,10,0.4,6
2,1796,agent_39,0.830123,0.7286455035209656,0,Toxic Model 2,Network2,0.1,24.0,0.05,true,true,true,true,2,10,0.4,6
2,1800,agent_2,0.00567196,0.004974482115358114,0,Toxic Model 2,Network2,0.1,24.0,0.05,true,true,true,true,2,10,0.4,6
2,1826,agent_2,0.00567196,,0,Toxic Model 2,Network2,0.1,24.0,0.05,true,true,true,true,2,10,0.4,6
2,1833,agent_2,0.00567196,0.003576843300834298,0,Toxic Model 2,Network2,0.1,24.0,0.05,true,true,true,true,2,10,0.4,6
2,1840,agent_94,0.551381,,0,Toxic Model 2,Network2,0.1,24.0,0.05,true,true,true,true,2,10,0.4,6
2,1846,agent_2,0.00567196,0.0022106624674052,0,Toxic Model 2,Network2,0.1,24.0,0.05,true,true,true,true,2,10,0.4,6
2,1846,agent_2,0.00567196,0.0026931522879749537,0,Toxic Model 2,Network2,0.1,24.0,0.05,true,true,true,true,2,10,0.4,6
2,1851,agent_95,0.297964,,0,Toxic Model 2,Network2,0.1,24.0,0.05,true,true,true,true,2,10,0.4,6
2,1857,agent_2,0.00567196,0.003901153802871704,0,Toxic Model 2,Network2,0.1,24.0,0.05,true,true,true,true,2,10,0.4,6
2,1857,agent_2,0.00567196,0.0021407471504062414,0,Toxic Model 2,Network2,0.1,24.0,0.05,true,true,true,true,2,10,0.4,6
2,1883,agent_2,0.00567196,0.003974595572799444,0,Toxic Model 2,Network2,0.1,24.0,0.05,true,true,true,true,2,10,0.4,6
2,1888,agent_5,0.212172,0.01193693932145834,0,Toxic Model 2,Network2,0.1,24.0,0.05,true,true,true,true,2,10,0.4,6
2,1898,agent_2,0.00567196,0.0029159155674278736,0,Toxic Model 2,Network2,0.1,24.0,0.05,true,true,true,true,2,10,0.4,6
2,1898,agent_2,0.00567196,0.00353244855068624,0,Toxic Model 2,Network2,0.1,24.0,0.05,true,true,true,true,2,10,0.4,6
2,1901,agent_2,0.00567196,0.005313390865921974,0,Toxic Model 2,Network2,0.1,24.0,0.05,true,true,true,true,2,10,0.4,6
2,1903,agent_2,0.00567196,0.0012962307082489133,0,Toxic Model 2,Network2,0.1,24.0,0.05,true,true,true,true,2,10,0.4,6
2,1903,agent_2,0.00567196,0.002112257294356823,0,Toxic Model 2,Network2,0.1,24.0,0.05,true,true,true,true,2,10,0.4,6
2,1918,agent_2,0.00567196,0.002748453291133046,0,Toxic Model 2,Network2,0.1,24.0,0.05,true,true,true,true,2,10,0.4,6
2,1930,agent_2,0.00567196,,0,Toxic Model 2,Network2,0.1,24.0,0.05,true,true,true,true,2,10,0.4,6
2,1934,agent_2,0.00567196,,0,Toxic Model 2,Network2,0.1,24.0,0.05,true,true,true,true,2,10,0.4,6
2,1949,agent_2,0.00567196,0.002753020264208317,0,Toxic Model 2,Network2,0.1,24.0,0.05,true,true,true,true,2,10,0.4,6
2,1949,agent_2,0.00567196,0.005094373598694801,0,Toxic Model 2,Network2,0.1,24.0,0.05,true,true,true,true,2,10,0.4,6
2,1950,agent_2,0.00567196,,0,Toxic Model 2,Network2,0.1,24.0,0.05,true,true,true,true,2,10,0.4,6
2,1953,agent_48,0.605371,0.41835033893585205,0,Toxic Model 2,Network2,0.1,24.0,0.05,true,true,true,true,2,10,0.4,6
2,1970,agent_20,0.632745,,0,Toxic Model 2,Network2,0.1,24.0,0.05,true,true,true,true,2,10,0.4,6
2,1976,agent_2,0.00567196,,0,Toxic Model 2,Network2,0.1,24.0,0.05,true,true,true,true,2,10,0.4,6
2,1976,agent_2,0.00567196,0.00398988975211978,0,Toxic Model 2,Network2,0.1,24.0,0.05,true,true,true,true,2,10,0.4,6
2,1994,agent_5,0.212172,,0,Toxic Model 2,Network2,0.1,24.0,0.05,true,true,true,true,2,10,0.4,6
2,1998,agent_2,0.00567196,,0,Toxic Model 2,Network2,0.1,24.0,0.05,true,true,true,true,2,10,0.4,6
2,1999,agent_2,0.00567196,0.0021176165901124477,0,Toxic Model 2,Network2,0.1,24.0,0.05,true,true,true,true,2,10,0.4,6
2,1999,agent_2,0.00567196,0.0011670157546177506,0,Toxic Model 2,Network2,0.1,24.0,0.05,true,true,true,true,2,10,0.4,6
2,1999,agent_2,0.00567196,0.004145482089370489,0,Toxic Model 2,Network2,0.1,24.0,0.05,true,true,true,true,2,10,0.4,6
2,2002,agent_2,0.00567196,0.004811691120266914,0,Toxic Model 2,Network2,0.1,24.0,0.05,true,true,true,true,2,10,0.4,6
2,2051,agent_2,0.00567196,0.003805962624028325,0,Toxic Model 2,Network2,0.1,24.0,0.05,true,true,true,true,2,10,0.4,6
2,2051,agent_2,0.00567196,0.004870189353823662,0,Toxic Model 2,Network2,0.1,24.0,0.05,true,true,true,true,2,10,0.4,6
2,2051,agent_2,0.00567196,,0,Toxic Model 2,Network2,0.1,24.0,0.05,true,true,true,true,2,10,0.4,6
2,2053,agent_2,0.00567196,0.0014161058934405446,0,Toxic Model 2,Network2,0.1,24.0,0.05,true,true,true,true,2,10,0.4,6
2,2055,agent_2,0.00567196,0.0011515531223267317,0,Toxic Model 2,Network2,0.1,24.0,0.05,true,true,true,true,2,10,0.4,6
2,2056,agent_2,0.00567196,0.000222318121814169,0,Toxic Model 2,Network2,0.1,24.0,0.05,true,true,true,true,2,10,0.4,6
2,2064,agent_2,0.00567196,,0,Toxic Model 2,Network2,0.1,24.0,0.05,true,true,true,true,2,10,0.4,6
2,2073,agent_2,0.00567196,0.004254849627614021,0,Toxic Model 2,Network2,0.1,24.0,0.05,true,true,true,true,2,10,0.4,6
2,2120,agent_2,0.00567196,0.0015516281127929688,0,Toxic Model 2,Network2,0.1,24.0,0.05,true,true,true,true,2,10,0.4,6
2,2121,agent_2,0.00567196,0.00547703355550766,0,Toxic Model 2,Network2,0.1,24.0,0.05,true,true,true,true,2,10,0.4,6
2,2140,agent_2,0.00567196,,0,Toxic Model 2,Network2,0.1,24.0,0.05,true,true,true,true,2,10,0.4,6
2,2145,agent_2,0.00567196,,0,Toxic Model 2,Network2,0.1,24.0,0.05,true,true,true,true,2,10,0.4,6
2,2146,agent_2,0.00567196,,0,Toxic Model 2,Network2,0.1,24.0,0.05,true,true,true,true,2,10,0.4,6
2,2187,agent_2,0.00567196,,0,Toxic Model 2,Network2,0.1,24.0,0.05,true,true,true,true,2,10,0.4,6
2,2187,agent_2,0.00567196,,0,Toxic Model 2,Network2,0.1,24.0,0.05,true,true,true,true,2,10,0.4,6
2,2212,agent_2,0.00567196,0.0007387528312392533,0,Toxic Model 2,Network2,0.1,24.0,0.05,true,true,true,true,2,10,0.4,6
2,2212,agent_2,0.00567196,0.004088203422725201,0,Toxic Model 2,Network2,0.1,24.0,0.05,true,true,true,true,2,10,0.4,6
2,2212,agent_2,0.00567196,,0,Toxic Model 2,Network2,0.1,24.0,0.05,true,true,true,true,2,10,0.4,6
2,2217,agent_2,0.00567196,0.004841029178351164,0,Toxic Model 2,Network2,0.1,24.0,0.05,true,true,true,true,2,10,0.4,6
2,2217,agent_2,0.00567196,0.0032496019266545773,0,Toxic Model 2,Network2,0.1,24.0,0.05,true,true,true,true,2,10,0.4,6
2,2226,agent_2,0.00567196,,0,Toxic Model 2,Network2,0.1,24.0,0.05,true,true,true,true,2,10,0.4,6
2,2226,agent_2,0.00567196,,0,Toxic Model 2,Network2,0.1,24.0,0.05,true,true,true,true,2,10,0.4,6
2,2228,agent_2,0.00567196,0.0041136047802865505,0,Toxic Model 2,Network2,0.1,24.0,0.05,true,true,true,true,2,10,0.4,6
2,2237,agent_2,0.00567196,,0,Toxic Model 2,Network2,0.1,24.0,0.05,true,true,true,true,2,10,0.4,6
2,2250,agent_2,0.00567196,,0,Toxic Model 2,Network2,0.1,24.0,0.05,true,true,true,true,2,10,0.4,6
2,2251,agent_2,0.00567196,,0,Toxic Model 2,Network2,0.1,24.0,0.05,true,true,true,true,2,10,0.4,6
2,2256,agent_2,0.00567196,0.002694174647331238,0,Toxic Model 2,Network2,0.1,24.0,0.05,true,true,true,true,2,10,0.4,6
2,2269,agent_2,0.00567196,,0,Toxic Model 2,Network2,0.1,24.0,0.05,true,true,true,true,2,10,0.4,6
2,2284,agent_2,0.00567196,0.003890360239893198,0,Toxic Model 2,Network2,0.1,24.0,0.05,true,true,true,true,2,10,0.4,6
2,2316,agent_2,0.00567196,0.0006171259447000921,0,Toxic Model 2,Network2,0.1,24.0,0.05,true,true,true,true,2,10,0.4,6
2,2332,agent_2,0.00567196,,0,Toxic Model 2,Network2,0.1,24.0,0.05,true,true,true,true,2,10,0.4,6
2,2333,agent_2,0.00567196,,0,Toxic Model 2,Network2,0.1,24.0,0.05,true,true,true,true,2,10,0.4,6
2,2334,agent_2,0.00567196,0.00047550146700814366,0,Toxic Model 2,Network2,0.1,24.0,0.05,true,true,true,true,2,10,0.4,6
2,2340,agent_2,0.00567196,,0,Toxic Model 2,Network2,0.1,24.0,0.05,true,true,true,true,2,10,0.4,6
2,2340,agent_2,0.00567196,0.00013578067591879517,0,Toxic Model 2,Network2,0.1,24.0,0.05,true,true,true,true,2,10,0.4,6
2,2354,agent_2,0.00567196,0.0016095347236841917,0,Toxic Model 2,Network2,0.1,24.0,0.05,true,true,true,true,2,10,0.4,6
2,2354,agent_2,0.00567196,,0,Toxic Model 2,Network2,0.1,24.0,0.05,true,true,true,true,2,10,0.4,6
2,2359,agent_2,0.00567196,0.0042638047598302364,0,Toxic Model 2,Network2,0.1,24.0,0.05,true,true,true,true,2,10,0.4,6
2,2367,agent_2,0.00567196,0.0011490404140204191,0,Toxic Model 2,Network2,0.1,24.0,0.05,true,true,true,true,2,10,0.4,6
2,2367,agent_2,0.00567196,0.0013493968872353435,0,Toxic Model 2,Network2,0.1,24.0,0.05,true,true,true,true,2,10,0.4,6
2,2394,agent_2,0.00567196,0.0016060136258602142,0,Toxic Model 2,Network2,0.1,24.0,0.05,true,true,true,true,2,10,0.4,6
2,2396,agent_2,0.00567196,0.0015428137267008424,0,Toxic Model 2,Network2,0.1,24.0,0.05,true,true,true,true,2,10,0.4,6
2,2400,agent_2,0.00567196,0.0038819904439151287,0,Toxic Model 2,Network2,0.1,24.0,0.05,true,true,true,true,2,10,0.4,6
2,2404,agent_2,0.00567196,,0,Toxic Model 2,Network2,0.1,24.0,0.05,true,true,true,true,2,10,0.4,6
2,2404,agent_2,0.00567196,0.0023320154286921024,0,Toxic Model 2,Network2,0.1,24.0,0.05,true,true,true,true,2,10,0.4,6
2,2410,agent_2,0.00567196,0.004411829635500908,0,Toxic Model 2,Network2,0.1,24.0,0.05,true,true,true,true,2,10,0.4,6
2,2410,agent_2,0.00567196,0.002205980708822608,0,Toxic Model 2,Network2,0.1,24.0,0.05,true,true,true,true,2,10,0.4,6
2,2410,agent_2,0.00567196,,0,Toxic Model 2,Network2,0.1,24.0,0.05,true,true,true,true,2,10,0.4,6
2,2415,agent_2,0.00567196,,0,Toxic Model 2,Network2,0.1,24.0,0.05,true,true,true,true,2,10,0.4,6
2,2417,agent_2,0.00567196,,0,Toxic Model 2,Network2,0.1,24.0,0.05,true,true,true,true,2,10,0.4,6
2,2417,agent_2,0.00567196,,0,Toxic Model 2,Network2,0.1,24.0,0.05,true,true,true,true,2,10,0.4,6
2,2419,agent_2,0.00567196,0.00426952401176095,0,Toxic Model 2,Network2,0.1,24.0,0.05,true,true,true,true,2,10,0.4,6
2,2419,agent_2,0.00567196,,0,Toxic Model 2,Network2,0.1,24.0,0.05,true,true,true,true,2,10,0.4,6
2,2421,agent_2,0.00567196,,0,Toxic Model 2,Network2,0.1,24.0,0.05,true,true,true,true,2,10,0.4,6
2,2455,agent_2,0.00567196,0.0019621483515948057,0,Toxic Model 2,Network2,0.1,24.0,0.05,true,true,true,true,2,10,0.4,6
2,2462,agent_2,0.00567196,0.00018070227815769613,0,Toxic Model 2,Network2,0.1,24.0,0.05,true,true,true,true,2,10,0.4,6
2,2462,agent_2,0.00567196,0.0031346818432211876,0,Toxic Model 2,Network2,0.1,24.0,0.05,true,true,true,true,2,10,0.4,6
2,2470,agent_2,0.00567196,,0,Toxic Model 2,Network2,0.1,24.0,0.05,true,true,true,true,2,10,0.4,6
2,2470,agent_2,0.00567196,,0,Toxic Model 2,Network2,0.1,24.0,0.05,true,true,true,true,2,10,0.4,6
2,2472,agent_2,0.00567196,,0,Toxic Model 2,Network2,0.1,24.0,0.05,true,true,true,true,2,10,0.4,6
2,2476,agent_2,0.00567196,0.0022478322498500347,0,Toxic Model 2,Network2,0.1,24.0,0.05,true,true,true,true,2,10,0.4,6
2,2482,agent_2,0.00567196,0.00043764885049313307,0,Toxic Model 2,Network2,0.1,24.0,0.05,true,true,true,true,2,10,0.4,6
2,2505,agent_2,0.00567196,0.0008070548647083342,0,Toxic Model 2,Network2,0.1,24.0,0.05,true,true,true,true,2,10,0.4,6
2,2511,agent_2,0.00567196,,0,Toxic Model 2,Network2,0.1,24.0,0.05,true,true,true,true,2,10,0.4,6
2,2517,agent_2,0.00567196,,0,Toxic Model 2,Network2,0.1,24.0,0.05,true,true,true,true,2,10,0.4,6
2,2517,agent_5,0.212172,0.026353605091571808,0,Toxic Model 2,Network2,0.1,24.0,0.05,true,true,true,true,2,10,0.4,6
2,2526,agent_2,0.00567196,0.00214891298674047,0,Toxic Model 2,Network2,0.1,24.0,0.05,true,true,true,true,2,10,0.4,6
2,2528,agent_2,0.00567196,0.002287647221237421,0,Toxic Model 2,Network2,0.1,24.0,0.05,true,true,true,true,2,10,0.4,6
2,2555,agent_2,0.00567196,,0,Toxic Model 2,Network2,0.1,24.0,0.05,true,true,true,true,2,10,0.4,6
2,2567,agent_2,0.00567196,,0,Toxic Model 2,Network2,0.1,24.0,0.05,true,true,true,true,2,10,0.4,6
2,2571,agent_2,0.00567196,0.0005925694713369012,0,Toxic Model 2,Network2,0.1,24.0,0.05,true,true,true,true,2,10,0.4,6
2,2572,agent_2,0.00567196,0.0027344366535544395,0,Toxic Model 2,Network2,0.1,24.0,0.05,true,true,true,true,2,10,0.4,6
2,2572,agent_2,0.00567196,0.004411954898387194,0,Toxic Model 2,Network2,0.1,24.0,0.05,true,true,true,true,2,10,0.4,6
2,2601,agent_2,0.00567196,0.004841488786041737,0,Toxic Model 2,Network2,0.1,24.0,0.05,true,true,true,true,2,10,0.4,6
2,2601,agent_2,0.00567196,0.00562045956030488,0,Toxic Model 2,Network2,0.1,24.0,0.05,true,true,true,true,2,10,0.4,6
2,2609,agent_2,0.00567196,,0,Toxic Model 2,Network2,0.1,24.0,0.05,true,true,true,true,2,10,0.4,6
2,2610,agent_2,0.00567196,,0,Toxic Model 2,Network2,0.1,24.0,0.05,true,true,true,true,2,10,0.4,6
2,2616,agent_2,0.00567196,,0,Toxic Model 2,Network2,0.1,24.0,0.05,true,true,true,true,2,10,0.4,6
2,2616,agent_2,0.00567196,0.0033528709318488836,0,Toxic Model 2,Network2,0.1,24.0,0.05,true,true,true,true,2,10,0.4,6
2,2631,agent_2,0.00567196,,0,Toxic Model 2,Network2,0.1,24.0,0.05,true,true,true,true,2,10,0.4,6
2,2634,agent_2,0.00567196,0.0038980930112302303,0,Toxic Model 2,Network2,0.1,24.0,0.05,true,true,true,true,2,10,0.4,6
2,2634,agent_2,0.00567196,0.00033473080839030445,0,Toxic Model 2,Network2,0.1,24.0,0.05,true,true,true,true,2,10,0.4,6
2,2635,agent_2,0.00567196,0.0012061704182997346,0,Toxic Model 2,Network2,0.1,24.0,0.05,true,true,true,true,2,10,0.4,6
2,2649,agent_2,0.00567196,0.005507304798811674,0,Toxic Model 2,Network2,0.1,24.0,0.05,true,true,true,true,2,10,0.4,6
2,2653,agent_2,0.00567196,,0,Toxic Model 2,Network2,0.1,24.0,0.05,true,true,true,true,2,10,0.4,6
2,2662,agent_2,0.00567196,,0,Toxic Model 2,Network2,0.1,24.0,0.05,true,true,true,true,2,10,0.4,6
2,2670,agent_2,0.00567196,,0,Toxic Model 2,Network2,0.1,24.0,0.05,true,true,true,true,2,10,0.4,6
2,2670,agent_2,0.00567196,0.0027832286432385445,0,Toxic Model 2,Network2,0.1,24.0,0.05,true,true,true,true,2,10,0.4,6
2,2702,agent_2,0.00567196,0.0013492689467966557,0,Toxic Model 2,Network2,0.1,24.0,0.05,true,true,true,true,2,10,0.4,6
2,2723,agent_93,0.49365,0.2952975928783417,0,Toxic Model 2,Network2,0.1,24.0,0.05,true,true,true,true,2,10,0.4,6
2,2730,agent_20,0.632745,0.32705157995224,0,Toxic Model 2,Network2,0.1,24.0,0.05,true,true,true,true,2,10,0.4,6
2,2733,agent_2,0.00567196,,0,Toxic Model 2,Network2,0.1,24.0,0.05,true,true,true,true,2,10,0.4,6
2,2733,agent_2,0.00567196,0.001602043630555272,0,Toxic Model 2,Network2,0.1,24.0,0.05,true,true,true,true,2,10,0.4,6
2,2741,agent_82,0.462876,,0,Toxic Model 2,Network2,0.1,24.0,0.05,true,true,true,true,2,10,0.4,6
2,2753,agent_2,0.00567196,,0,Toxic Model 2,Network2,0.1,24.0,0.05,true,true,true,true,2,10,0.4,6
2,2753,agent_2,0.00567196,0.00320895086042583,0,Toxic Model 2,Network2,0.1,24.0,0.05,true,true,true,true,2,10,0.4,6
2,2753,agent_2,0.00567196,0.0029397776816040277,0,Toxic Model 2,Network2,0.1,24.0,0.05,true,true,true,true,2,10,0.4,6
2,2753,agent_2,0.00567196,0.0034057018347084522,0,Toxic Model 2,Network2,0.1,24.0,0.05,true,true,true,true,2,10,0.4,6
2,2753,agent_2,0.00567196,,0,Toxic Model 2,Network2,0.1,24.0,0.05,true,true,true,true,2,10,0.4,6
2,2753,agent_2,0.00567196,0.0012526409700512886,0,Toxic Model 2,Network2,0.1,24.0,0.05,true,true,true,true,2,10,0.4,6
2,2764,agent_2,0.00567196,0.002675197087228298,0,Toxic Model 2,Network2,0.1,24.0,0.05,true,true,true,true,2,10,0.4,6
2,2779,agent_2,0.00567196,,0,Toxic Model 2,Network2,0.1,24.0,0.05,true,true,true,true,2,10,0.4,6
2,2796,agent_2,0.00567196,0.0007966374978423119,0,Toxic Model 2,Network2,0.1,24.0,0.05,true,true,true,true,2,10,0.4,6
2,2796,agent_2,0.00567196,0.005549099296331406,0,Toxic Model 2,Network2,0.1,24.0,0.05,true,true,true,true,2,10,0.4,6
2,2803,agent_2,0.00567196,0.0023618636187165976,0,Toxic Model 2,Network2,0.1,24.0,0.05,true,true,true,true,2,10,0.4,6
2,2819,agent_2,0.00567196,,0,Toxic Model 2,Network2,0.1,24.0,0.05,true,true,true,true,2,10,0.4,6
2,2835,agent_2,0.00567196,,0,Toxic Model 2,Network2,0.1,24.0,0.05,true,true,true,true,2,10,0.4,6
2,2836,agent_2,0.00567196,0.003426275448873639,0,Toxic Model 2,Network2,0.1,24.0,0.05,true,true,true,true,2,10,0.4,6
2,2846,agent_2,0.00567196,,0,Toxic Model 2,Network2,0.1,24.0,0.05,true,true,true,true,2,10,0.4,6
2,2855,agent_2,0.00567196,,0,Toxic Model 2,Network2,0.1,24.0,0.05,true,true,true,true,2,10,0.4,6
2,2858,agent_2,0.00567196,0.003781548934057355,0,Toxic Model 2,Network2,0.1,24.0,0.05,true,true,true,true,2,10,0.4,6
2,2868,agent_2,0.00567196,,0,Toxic Model 2,Network2,0.1,24.0,0.05,true,true,true,true,2,10,0.4,6
2,2875,agent_2,0.00567196,,0,Toxic Model 2,Network2,0.1,24.0,0.05,true,true,true,true,2,10,0.4,6
2,2877,agent_2,0.00567196,,0,Toxic Model 2,Network2,0.1,24.0,0.05,true,true,true,true,2,10,0.4,6
2,2877,agent_2,0.00567196,0.0006763119017705321,0,Toxic Model 2,Network2,0.1,24.0,0.05,true,true,true,true,2,10,0.4,6
2,2877,agent_2,0.00567196,0.0007156989886425436,0,Toxic Model 2,Network2,0.1,24.0,0.05,true,true,true,true,2,10,0.4,6
2,2877,agent_2,0.00567196,,0,Toxic Model 2,Network2,0.1,24.0,0.05,true,true,true,true,2,10,0.4,6
2,2880,agent_2,0.00567196,9.223294182447717e-05,0,Toxic Model 2,Network2,0.1,24.0,0.05,true,true,true,true,2,10,0.4,6
2,2880,agent_2,0.00567196,0.002752503380179405,0,Toxic Model 2,Network2,0.1,24.0,0.05,true,true,true,true,2,10,0.4,6
2,2881,agent_94,0.551381,,0,Toxic Model 2,Network2,0.1,24.0,0.05,true,true,true,true,2,10,0.4,6
2,2886,agent_95,0.297964,,0,Toxic Model 2,Network2,0.1,24.0,0.05,true,true,true,true,2,10,0.4,6
2,2901,agent_2,0.00567196,0.002258812077343464,0,Toxic Model 2,Network2,0.1,24.0,0.05,true,true,true,true,2,10,0.4,6
2,2901,agent_2,0.00567196,0.0019045762019231915,0,Toxic Model 2,Network2,0.1,24.0,0.05,true,true,true,true,2,10,0.4,6
2,2904,agent_2,0.00567196,0.0026772271376103163,0,Toxic Model 2,Network2,0.1,24.0,0.05,true,true,true,true,2,10,0.4,6
2,2935,agent_2,0.00567196,0.0016107665142044425,0,Toxic Model 2,Network2,0.1,24.0,0.05,true,true,true,true,2,10,0.4,6
2,2982,agent_2,0.00567196,0.0037733211647719145,0,Toxic Model 2,Network2,0.1,24.0,0.05,true,true,true,true,2,10,0.4,6
2,2987,agent_2,0.00567196,0.005143593065440655,0,Toxic Model 2,Network2,0.1,24.0,0.05,true,true,true,true,2,10,0.4,6
2,2993,agent_2,0.00567196,0.0007190678734332323,0,Toxic Model 2,Network2,0.1,24.0,0.05,true,true,true,true,2,10,0.4,6
2,2993,agent_2,0.00567196,0.003329925239086151,0,Toxic Model 2,Network2,0.1,24.0,0.05,true,true,true,true,2,10,0.4,6
2,3000,agent_2,0.00567196,0.002420437289401889,0,Toxic Model 2,Network2,0.1,24.0,0.05,true,true,true,true,2,10,0.4,6
2,3006,agent_2,0.00567196,,0,Toxic Model 2,Network2,0.1,24.0,0.05,true,true,true,true,2,10,0.4,6
2,3010,agent_2,0.00567196,0.0027001674752682447,0,Toxic Model 2,Network2,0.1,24.0,0.05,true,true,true,true,2,10,0.4,6
2,3031,agent_2,0.00567196,0.005639482755213976,0,Toxic Model 2,Network2,0.1,24.0,0.05,true,true,true,true,2,10,0.4,6
2,3032,agent_2,0.00567196,0.003229942638427019,0,Toxic Model 2,Network2,0.1,24.0,0.05,true,true,true,true,2,10,0.4,6
2,3033,agent_82,0.462876,,0,Toxic Model 2,Network2,0.1,24.0,0.05,true,true,true,true,2,10,0.4,6
2,3043,agent_2,0.00567196,,0,Toxic Model 2,Network2,0.1,24.0,0.05,true,true,true,true,2,10,0.4,6
2,3043,agent_2,0.00567196,8.66180780576542e-05,0,Toxic Model 2,Network2,0.1,24.0,0.05,true,true,true,true,2,10,0.4,6
2,3061,agent_2,0.00567196,0.000247221119934693,0,Toxic Model 2,Network2,0.1,24.0,0.05,true,true,true,true,2,10,0.4,6
2,3066,agent_2,0.00567196,,0,Toxic Model 2,Network2,0.1,24.0,0.05,true,true,true,true,2,10,0.4,6
2,3079,agent_2,0.00567196,,0,Toxic Model 2,Network2,0.1,24.0,0.05,true,true,true,true,2,10,0.4,6
2,3079,agent_2,0.00567196,,0,Toxic Model 2,Network2,0.1,24.0,0.05,true,true,true,true,2,10,0.4,6
2,3079,agent_2,0.00567196,,0,Toxic Model 2,Network2,0.1,24.0,0.05,true,true,true,true,2,10,0.4,6
2,3088,agent_2,0.00567196,,0,Toxic Model 2,Network2,0.1,24.0,0.05,true,true,true,true,2,10,0.4,6
2,3110,agent_2,0.00567196,0.0016435878351330757,0,Toxic Model 2,Network2,0.1,24.0,0.05,true,true,true,true,2,10,0.4,6
2,3110,agent_2,0.00567196,0.0016308542108163238,0,Toxic Model 2,Network2,0.1,24.0,0.05,true,true,true,true,2,10,0.4,6
2,3110,agent_2,0.00567196,0.005266857333481312,0,Toxic Model 2,Network2,0.1,24.0,0.05,true,true,true,true,2,10,0.4,6
2,3110,agent_2,0.00567196,,0,Toxic Model 2,Network2,0.1,24.0,0.05,true,true,true,true,2,10,0.4,6
2,3110,agent_2,0.00567196,,0,Toxic Model 2,Network2,0.1,24.0,0.05,true,true,true,true,2,10,0.4,6
2,3133,agent_2,0.00567196,0.002905270317569375,0,Toxic Model 2,Network2,0.1,24.0,0.05,true,true,true,true,2,10,0.4,6
2,3133,agent_2,0.00567196,,0,Toxic Model 2,Network2,0.1,24.0,0.05,true,true,true,true,2,10,0.4,6
2,3135,agent_61,0.714836,,0,Toxic Model 2,Network2,0.1,24.0,0.05,true,true,true,true,2,10,0.4,6
2,3136,agent_2,0.00567196,,0,Toxic Model 2,Network2,0.1,24.0,0.05,true,true,true,true,2,10,0.4,6
2,3141,agent_2,0.00567196,0.003628120291978121,0,Toxic Model 2,Network2,0.1,24.0,0.05,true,true,true,true,2,10,0.4,6
2,3182,agent_2,0.00567196,,0,Toxic Model 2,Network2,0.1,24.0,0.05,true,true,true,true,2,10,0.4,6
2,3187,agent_2,0.00567196,,0,Toxic Model 2,Network2,0.1,24.0,0.05,true,true,true,true,2,10,0.4,6
2,3187,agent_2,0.00567196,0.0004591854813043028,0,Toxic Model 2,Network2,0.1,24.0,0.05,true,true,true,true,2,10,0.4,6
2,3191,agent_2,0.00567196,0.005500235594809055,0,Toxic Model 2,Network2,0.1,24.0,0.05,true,true,true,true,2,10,0.4,6
2,3193,agent_2,0.00567196,0.004845881834626198,0,Toxic Model 2,Network2,0.1,24.0,0.05,true,true,true,true,2,10,0.4,6
2,3195,agent_2,0.00567196,0.0009318586671724916,0,Toxic Model 2,Network2,0.1,24.0,0.05,true,true,true,true,2,10,0.4,6
2,3195,agent_2,0.00567196,0.0041312845423817635,0,Toxic Model 2,Network2,0.1,24.0,0.05,true,true,true,true,2,10,0.4,6
2,3205,agent_29,0.337464,0.016256604343652725,0,Toxic Model 2,Network2,0.1,24.0,0.05,true,true,true,true,2,10,0.4,6
2,3208,agent_2,0.00567196,,0,Toxic Model 2,Network2,0.1,24.0,0.05,true,true,true,true,2,10,0.4,6
2,3209,agent_2,0.00567196,,0,Toxic Model 2,Network2,0.1,24.0,0.05,true,true,true,true,2,10,0.4,6
2,3212,agent_2,0.00567196,,0,Toxic Model 2,Network2,0.1,24.0,0.05,true,true,true,true,2,10,0.4,6
2,3226,agent_2,0.00567196,,0,Toxic Model 2,Network2,0.1,24.0,0.05,true,true,true,true,2,10,0.4,6
2,3227,agent_2,0.00567196,,0,Toxic Model 2,Network2,0.1,24.0,0.05,true,true,true,true,2,10,0.4,6
2,3234,agent_2,0.00567196,0.0014333545695990324,0,Toxic Model 2,Network2,0.1,24.0,0.05,true,true,true,true,2,10,0.4,6
2,3238,agent_2,0.00567196,0.000493061204906553,0,Toxic Model 2,Network2,0.1,24.0,0.05,true,true,true,true,2,10,0.4,6
2,3238,agent_74,0.749273,,0,Toxic Model 2,Network2,0.1,24.0,0.05,true,true,true,true,2,10,0.4,6
2,3244,agent_2,0.00567196,,0,Toxic Model 2,Network2,0.1,24.0,0.05,true,true,true,true,2,10,0.4,6
2,3245,agent_2,0.00567196,0.0013685020385310054,0,Toxic Model 2,Network2,0.1,24.0,0.05,true,true,true,true,2,10,0.4,6
2,3255,agent_2,0.00567196,0.0006617729086428881,0,Toxic Model 2,Network2,0.1,24.0,0.05,true,true,true,true,2,10,0.4,6
2,3255,agent_2,0.00567196,0.003027873346582055,0,Toxic Model 2,Network2,0.1,24.0,0.05,true,true,true,true,2,10,0.4,6
2,3266,agent_2,0.00567196,0.005457788705825806,0,Toxic Model 2,Network2,0.1,24.0,0.05,true,true,true,true,2,10,0.4,6
2,3268,agent_82,0.462876,,0,Toxic Model 2,Network2,0.1,24.0,0.05,true,true,true,true,2,10,0.4,6
2,3271,agent_2,0.00567196,,0,Toxic Model 2,Network2,0.1,24.0,0.05,true,true,true,true,2,10,0.4,6
2,3272,agent_2,0.00567196,,0,Toxic Model 2,Network2,0.1,24.0,0.05,true,true,true,true,2,10,0.4,6
2,3276,agent_2,0.00567196,0.002881314605474472,0,Toxic Model 2,Network2,0.1,24.0,0.05,true,true,true,true,2,10,0.4,6
2,3287,agent_2,0.00567196,0.0030564956832677126,0,Toxic Model 2,Network2,0.1,24.0,0.05,true,true,true,true,2,10,0.4,6
2,3321,agent_5,0.212172,,0,Toxic Model 2,Network2,0.1,24.0,0.05,true,true,true,true,2,10,0.4,6
2,3333,agent_2,0.00567196,0.00010000558540923521,0,Toxic Model 2,Network2,0.1,24.0,0.05,true,true,true,true,2,10,0.4,6
2,3335,agent_2,0.00567196,0.0023007174022495747,0,Toxic Model 2,Network2,0.1,24.0,0.05,true,true,true,true,2,10,0.4,6
2,3358,agent_2,0.00567196,0.005516389384865761,0,Toxic Model 2,Network2,0.1,24.0,0.05,true,true,true,true,2,10,0.4,6
2,3374,agent_26,0.830624,,0,Toxic Model 2,Network2,0.1,24.0,0.05,true,true,true,true,2,10,0.4,6
2,3376,agent_2,0.00567196,,0,Toxic Model 2,Network2,0.1,24.0,0.05,true,true,true,true,2,10,0.4,6
2,3378,agent_2,0.00567196,,0,Toxic Model 2,Network2,0.1,24.0,0.05,true,true,true,true,2,10,0.4,6
2,3379,agent_2,0.00567196,0.0029702892061322927,0,Toxic Model 2,Network2,0.1,24.0,0.05,true,true,true,true,2,10,0.4,6
2,3379,agent_2,0.00567196,,0,Toxic Model 2,Network2,0.1,24.0,0.05,true,true,true,true,2,10,0.4,6
2,3393,agent_2,0.00567196,0.0029882024973630905,0,Toxic Model 2,Network2,0.1,24.0,0.05,true,true,true,true,2,10,0.4,6
2,3407,agent_93,0.49365,0.40487465262413025,0,Toxic Model 2,Network2,0.1,24.0,0.05,true,true,true,true,2,10,0.4,6
2,3421,agent_2,0.00567196,0.0004253453225828707,0,Toxic Model 2,Network2,0.1,24.0,0.05,true,true,true,true,2,10,0.4,6
2,3421,agent_2,0.00567196,0.005382781848311424,0,Toxic Model 2,Network2,0.1,24.0,0.05,true,true,true,true,2,10,0.4,6
2,3440,agent_2,0.00567196,0.0006301625980995595,0,Toxic Model 2,Network2,0.1,24.0,0.05,true,true,true,true,2,10,0.4,6
2,3448,agent_2,0.00567196,0.0033289093989878893,0,Toxic Model 2,Network2,0.1,24.0,0.05,true,true,true,true,2,10,0.4,6
2,3448,agent_2,0.00567196,,0,Toxic Model 2,Network2,0.1,24.0,0.05,true,true,true,true,2,10,0.4,6
2,3448,agent_2,0.00567196,,0,Toxic Model 2,Network2,0.1,24.0,0.05,true,true,true,true,2,10,0.4,6
2,3462,agent_2,0.00567196,0.0026841044891625643,0,Toxic Model 2,Network2,0.1,24.0,0.05,true,true,true,true,2,10,0.4,6
2,3462,agent_2,0.00567196,0.005526634864509106,0,Toxic Model 2,Network2,0.1,24.0,0.05,true,true,true,true,2,10,0.4,6
2,3462,agent_2,0.00567196,0.0010425163200125098,0,Toxic Model 2,Network2,0.1,24.0,0.05,true,true,true,true,2,10,0.4,6
2,3480,agent_2,0.00567196,0.0046525998041033745,0,Toxic Model 2,Network2,0.1,24.0,0.05,true,true,true,true,2,10,0.4,6
2,3490,agent_2,0.00567196,0.002019405597820878,0,Toxic Model 2,Network2,0.1,24.0,0.05,true,true,true,true,2,10,0.4,6
2,3497,agent_29,0.337464,,0,Toxic Model 2,Network2,0.1,24.0,0.05,true,true,true,true,2,10,0.4,6
2,3511,agent_2,0.00567196,0.00024766652495600283,0,Toxic Model 2,Network2,0.1,24.0,0.05,true,true,true,true,2,10,0.4,6
2,3514,agent_2,0.00567196,0.0034207208082079887,0,Toxic Model 2,Network2,0.1,24.0,0.05,true,true,true,true,2,10,0.4,6
2,3514,agent_2,0.00567196,,0,Toxic Model 2,Network2,0.1,24.0,0.05,true,true,true,true,2,10,0.4,6
2,3518,agent_2,0.00567196,,0,Toxic Model 2,Network2,0.1,24.0,0.05,true,true,true,true,2,10,0.4,6
2,3528,agent_2,0.00567196,,0,Toxic Model 2,Network2,0.1,24.0,0.05,true,true,true,true,2,10,0.4,6
2,3536,agent_2,0.00567196,,0,Toxic Model 2,Network2,0.1,24.0,0.05,true,true,true,true,2,10,0.4,6
2,3536,agent_78,0.268697,,0,Toxic Model 2,Network2,0.1,24.0,0.05,true,true,true,true,2,10,0.4,6
2,3538,agent_2,0.00567196,0.002024449873715639,0,Toxic Model 2,Network2,0.1,24.0,0.05,true,true,true,true,2,10,0.4,6
2,3544,agent_2,0.00567196,0.001039903494529426,0,Toxic Model 2,Network2,0.1,24.0,0.05,true,true,true,true,2,10,0.4,6
2,3560,agent_2,0.00567196,,0,Toxic Model 2,Network2,0.1,24.0,0.05,true,true,true,true,2,10,0.4,6
2,3594,agent_2,0.00567196,,0,Toxic Model 2,Network2,0.1,24.0,0.05,true,true,true,true,2,10,0.4,6
2,3596,agent_2,0.00567196,0.001548359519802034,0,Toxic Model 2,Network2,0.1,24.0,0.05,true,true,true,true,2,10,0.4,6
2,3596,agent_2,0.00567196,,0,Toxic Model 2,Network2,0.1,24.0,0.05,true,true,true,true,2,10,0.4,6
2,3600,agent_8,0.821175,,0,Toxic Model 2,Network2,0.1,24.0,0.05,true,true,true,true,2,10,0.4,6
2,3602,agent_2,0.00567196,,0,Toxic Model 2,Network2,0.1,24.0,0.05,true,true,true,true,2,10,0.4,6
2,3614,agent_2,0.00567196,,0,Toxic Model 2,Network2,0.1,24.0,0.05,true,true,true,true,2,10,0.4,6
2,3624,agent_2,0.00567196,,0,Toxic Model 2,Network2,0.1,24.0,0.05,true,true,true,true,2,10,0.4,6
2,3638,agent_2,0.00567196,,0,Toxic Model 2,Network2,0.1,24.0,0.05,true,true,true,true,2,10,0.4,6
2,3638,agent_2,0.00567196,0.005471843760460615,0,Toxic Model 2,Network2,0.1,24.0,0.05,true,true,true,true,2,10,0.4,6
2,3638,agent_2,0.00567196,,0,Toxic Model 2,Network2,0.1,24.0,0.05,true,true,true,true,2,10,0.4,6
2,3639,agent_2,0.00567196,0.005138905253261328,0,Toxic Model 2,Network2,0.1,24.0,0.05,true,true,true,true,2,10,0.4,6
2,3639,agent_2,0.00567196,0.003149840049445629,0,Toxic Model 2,Network2,0.1,24.0,0.05,true,true,true,true,2,10,0.4,6
2,3642,agent_93,0.49365,0.2193714827299118,0,Toxic Model 2,Network2,0.1,24.0,0.05,true,true,true,true,2,10,0.4,6
2,3647,agent_2,0.00567196,,0,Toxic Model 2,Network2,0.1,24.0,0.05,true,true,true,true,2,10,0.4,6
2,3649,agent_82,0.462876,,0,Toxic Model 2,Network2,0.1,24.0,0.05,true,true,true,true,2,10,0.4,6
2,3650,agent_2,0.00567196,0.0041101244278252125,0,Toxic Model 2,Network2,0.1,24.0,0.05,true,true,true,true,2,10,0.4,6
2,3661,agent_2,0.00567196,0.004613342694938183,0,Toxic Model 2,Network2,0.1,24.0,0.05,true,true,true,true,2,10,0.4,6
2,3661,agent_2,0.00567196,0.0004531317681539804,0,Toxic Model 2,Network2,0.1,24.0,0.05,true,true,true,true,2,10,0.4,6
2,3661,agent_2,0.00567196,0.0026189819909632206,0,Toxic Model 2,Network2,0.1,24.0,0.05,true,true,true,true,2,10,0.4,6
2,3672,agent_46,0.416256,0.3306277096271515,0,Toxic Model 2,Network2,0.1,24.0,0.05,true,true,true,true,2,10,0.4,6
2,3677,agent_2,0.00567196,0.004367840010672808,0,Toxic Model 2,Network2,0.1,24.0,0.05,true,true,true,true,2,10,0.4,6
2,3695,agent_2,0.00567196,,0,Toxic Model 2,Network2,0.1,24.0,0.05,true,true,true,true,2,10,0.4,6
2,3696,agent_2,0.00567196,0.0017608216730877757,0,Toxic Model 2,Network2,0.1,24.0,0.05,true,true,true,true,2,10,0.4,6
2,3699,agent_2,0.00567196,,0,Toxic Model 2,Network2,0.1,24.0,0.05,true,true,true,true,2,10,0.4,6
2,3702,agent_2,0.00567196,0.004578745923936367,0,Toxic Model 2,Network2,0.1,24.0,0.05,true,true,true,true,2,10,0.4,6
2,3717,agent_2,0.00567196,0.003500675316900015,0,Toxic Model 2,Network2,0.1,24.0,0.05,true,true,true,true,2,10,0.4,6
2,3719,agent_2,0.00567196,,0,Toxic Model 2,Network2,0.1,24.0,0.05,true,true,true,true,2,10,0.4,6
2,3721,agent_2,0.00567196,,0,Toxic Model 2,Network2,0.1,24.0,0.05,true,true,true,true,2,10,0.4,6
2,3721,agent_2,0.00567196,,0,Toxic Model 2,Network2,0.1,24.0,0.05,true,true,true,true,2,10,0.4,6
2,3735,agent_5,0.212172,0.0013767225900664926,0,Toxic Model 2,Network2,0.1,24.0,0.05,true,true,true,true,2,10,0.4,6
2,3737,agent_61,0.714836,,0,Toxic Model 2,Network2,0.1,24.0,0.05,true,true,true,true,2,10,0.4,6
2,3747,agent_2,0.00567196,0.002204273594543338,0,Toxic Model 2,Network2,0.1,24.0,0.05,true,true,true,true,2,10,0.4,6
2,3755,agent_2,0.00567196,0.002426359336823225,0,Toxic Model 2,Network2,0.1,24.0,0.05,true,true,true,true,2,10,0.4,6
2,3759,agent_2,0.00567196,,0,Toxic Model 2,Network2,0.1,24.0,0.05,true,true,true,true,2,10,0.4,6
2,3771,agent_2,0.00567196,0.005090334918349981,0,Toxic Model 2,Network2,0.1,24.0,0.05,true,true,true,true,2,10,0.4,6
2,3771,agent_2,0.00567196,0.005339972674846649,0,Toxic Model 2,Network2,0.1,24.0,0.05,true,true,true,true,2,10,0.4,6
2,3771,agent_2,0.00567196,0.000514887273311615,0,Toxic Model 2,Network2,0.1,24.0,0.05,true,true,true,true,2,10,0.4,6
2,3774,agent_46,0.416256,,0,Toxic Model 2,Network2,0.1,24.0,0.05,true,true,true,true,2,10,0.4,6
2,3791,agent_2,0.00567196,,0,Toxic Model 2,Network2,0.1,24.0,0.05,true,true,true,true,2,10,0.4,6
2,3792,agent_2,0.00567196,0.0005404762923717499,0,Toxic Model 2,Network2,0.1,24.0,0.05,true,true,true,true,2,10,0.4,6
2,3800,agent_2,0.00567196,0.004365009721368551,0,Toxic Model 2,Network2,0.1,24.0,0.05,true,true,true,true,2,10,0.4,6
2,3809,agent_2,0.00567196,,0,Toxic Model 2,Network2,0.1,24.0,0.05,true,true,true,true,2,10,0.4,6
2,3827,agent_2,0.00567196,0.0033119444269686937,0,Toxic Model 2,Network2,0.1,24.0,0.05,true,true,true,true,2,10,0.4,6
2,3827,agent_2,0.00567196,0.0052291532047092915,0,Toxic Model 2,Network2,0.1,24.0,0.05,true,true,true,true,2,10,0.4,6
2,3829,agent_2,0.00567196,0.005164662841707468,0,Toxic Model 2,Network2,0.1,24.0,0.05,true,true,true,true,2,10,0.4,6
2,3829,agent_2,0.00567196,0.005497423000633717,0,Toxic Model 2,Network2,0.1,24.0,0.05,true,true,true,true,2,10,0.4,6
2,3835,agent_2,0.00567196,,0,Toxic Model 2,Network2,0.1,24.0,0.05,true,true,true,true,2,10,0.4,6
2,3839,agent_2,0.00567196,0.0046912808902561665,0,Toxic Model 2,Network2,0.1,24.0,0.05,true,true,true,true,2,10,0.4,6
2,3841,agent_2,0.00567196,,0,Toxic Model 2,Network2,0.1,24.0,0.05,true,true,true,true,2,10,0.4,6
2,3846,agent_97,0.762863,,0,Toxic Model 2,Network2,0.1,24.0,0.05,true,true,true,true,2,10,0.4,6
2,3855,agent_2,0.00567196,,0,Toxic Model 2,Network2,0.1,24.0,0.05,true,true,true,true,2,10,0.4,6
2,3859,agent_2,0.00567196,0.0011748755350708961,0,Toxic Model 2,Network2,0.1,24.0,0.05,true,true,true,true,2,10,0.4,6
2,3868,agent_2,0.00567196,,0,Toxic Model 2,Network2,0.1,24.0,0.05,true,true,true,true,2,10,0.4,6
2,3868,agent_2,0.00567196,0.000749171304050833,0,Toxic Model 2,Network2,0.1,24.0,0.05,true,true,true,true,2,10,0.4,6
2,3868,agent_2,0.00567196,0.003888478735461831,0,Toxic Model 2,Network2,0.1,24.0,0.05,true,true,true,true,2,10,0.4,6
2,3870,agent_2,0.00567196,0.001189941307529807,0,Toxic Model 2,Network2,0.1,24.0,0.05,true,true,true,true,2,10,0.4,6
2,3871,agent_2,0.00567196,0.004395038355141878,0,Toxic Model 2,Network2,0.1,24.0,0.05,true,true,true,true,2,10,0.4,6
2,3879,agent_2,0.00567196,,0,Toxic Model 2,Network2,0.1,24.0,0.05,true,true,true,true,2,10,0.4,6
2,3879,agent_2,0.00567196,0.0009659795905463398,0,Toxic Model 2,Network2,0.1,24.0,0.05,true,true,true,true,2,10,0.4,6
2,3881,agent_2,0.00567196,0.005175490397959948,0,Toxic Model 2,Network2,0.1,24.0,0.05,true,true,true,true,2,10,0.4,6
2,3887,agent_2,0.00567196,0.002976453397423029,0,Toxic Model 2,Network2,0.1,24.0,0.05,true,true,true,true,2,10,0.4,6
2,3887,agent_2,0.00567196,0.002445927355438471,0,Toxic Model 2,Network2,0.1,24.0,0.05,true,true,true,true,2,10,0.4,6
2,3888,agent_10,0.628033,0.13799510896205902,0,Toxic Model 2,Network2,0.1,24.0,0.05,true,true,true,true,2,10,0.4,6
2,3888,agent_2,0.00567196,0.0007345669437199831,0,Toxic Model 2,Network2,0.1,24.0,0.05,true,true,true,true,2,10,0.4,6
2,3888,agent_2,0.00567196,,0,Toxic Model 2,Network2,0.1,24.0,0.05,true,true,true,true,2,10,0.4,6
2,3888,agent_2,0.00567196,0.0029489025473594666,0,Toxic Model 2,Network2,0.1,24.0,0.05,true,true,true,true,2,10,0.4,6
2,3888,agent_2,0.00567196,0.0034428134094923735,0,Toxic Model 2,Network2,0.1,24.0,0.05,true,true,true,true,2,10,0.4,6
2,3905,agent_2,0.00567196,0.005284779705107212,0,Toxic Model 2,Network2,0.1,24.0,0.05,true,true,true,true,2,10,0.4,6
2,3907,agent_8,0.821175,,0,Toxic Model 2,Network2,0.1,24.0,0.05,true,true,true,true,2,10,0.4,6
2,3910,agent_2,0.00567196,,0,Toxic Model 2,Network2,0.1,24.0,0.05,true,true,true,true,2,10,0.4,6
2,3916,agent_2,0.00567196,0.00010449370165588334,0,Toxic Model 2,Network2,0.1,24.0,0.05,true,true,true,true,2,10,0.4,6
2,3916,agent_2,0.00567196,0.003075171960517764,0,Toxic Model 2,Network2,0.1,24.0,0.05,true,true,true,true,2,10,0.4,6
2,3924,agent_2,0.00567196,0.0006509622908197343,0,Toxic Model 2,Network2,0.1,24.0,0.05,true,true,true,true,2,10,0.4,6
2,3925,agent_2,0.00567196,0.0020096362568438053,0,Toxic Model 2,Network2,0.1,24.0,0.05,true,true,true,true,2,10,0.4,6
2,3936,agent_2,0.00567196,0.0006012468948028982,0,Toxic Model 2,Network2,0.1,24.0,0.05,true,true,true,true,2,10,0.4,6
2,3936,agent_2,0.00567196,,0,Toxic Model 2,Network2,0.1,24.0,0.05,true,true,true,true,2,10,0.4,6
2,3941,agent_2,0.00567196,,0,Toxic Model 2,Network2,0.1,24.0,0.05,true,true,true,true,2,10,0.4,6
2,3957,agent_2,0.00567196,,0,Toxic Model 2,Network2,0.1,24.0,0.05,true,true,true,true,2,10,0.4,6
2,3965,agent_2,0.00567196,0.003479600651189685,0,Toxic Model 2,Network2,0.1,24.0,0.05,true,true,true,true,2,10,0.4,6
2,3968,agent_2,0.00567196,,0,Toxic Model 2,Network2,0.1,24.0,0.05,true,true,true,true,2,10,0.4,6
2,3968,agent_2,0.00567196,0.0008927283925004303,0,Toxic Model 2,Network2,0.1,24.0,0.05,true,true,true,true,2,10,0.4,6
2,3968,agent_2,0.00567196,0.00511743500828743,0,Toxic Model 2,Network2,0.1,24.0,0.05,true,true,true,true,2,10,0.4,6
2,3970,agent_2,0.00567196,,0,Toxic Model 2,Network2,0.1,24.0,0.05,true,true,true,true,2,10,0.4,6
2,3996,agent_2,0.00567196,,0,Toxic Model 2,Network2,0.1,24.0,0.05,true,true,true,true,2,10,0.4,6
2,3996,agent_2,0.00567196,0.0038792784325778484,0,Toxic Model 2,Network2,0.1,24.0,0.05,true,true,true,true,2,10,0.4,6
