<?xml version="1.0" encoding="UTF-8" standalone="no"?>
<construct>
    <construct_parameters>
        <param name="verbose initialization" value="true" />
        <param name="verbose runtime" value="true" />
    </construct_parameters>
    <nodesets>
        <nodeset name="agent">
            <generator type="constant">
                <count value="25" />
                <attribute name="Twitter add follower density" value="1" />
                <attribute name="Twitter auto follow" value="true" />
                <attribute name="Twitter charisma" value=".5" />
                <attribute name="Twitter post density" value="1" />
                <attribute name="Twitter quote probability" value=".1" />
                <attribute name="Twitter reading density" value="5" />
                <attribute name="Twitter remove follower scale factor" value="50" />
                <attribute name="Twitter reply probability" value=".1" />
                <attribute name="Twitter repost probability" value=".1" />
                <attribute name="can receive knowledge" value="true" />
                <attribute name="can receive knowledge trust" value="true" />
                <attribute name="can send knowledge" value="true" />
                <attribute name="can send knowledge trust" value="true" />
                <attribute name="agent trust resistance" value="0.5" />
                <attribute name="alter trust weight" value="0.5" />
                <attribute name="can send emotion" value="true" />
                <attribute name="can receive emotion" value="false" />
            </generator>
        </nodeset>
        <nodeset name="toxicity">
            <generator type="constant">
                <count value="2" />
            </generator>
        </nodeset>
        <nodeset name="knowledge">
            <node name="knowledge_0" />
            <node name="knowledge_1" />
            <node name="knowledge_2" />
            <node name="knowledge_3" />
            <node name="knowledge_4" />
            <node name="knowledge_5" />
            <node name="knowledge_6" />
            <node name="knowledge_7" />
            <node name="knowledge_8" />
            <node name="knowledge_9" />
            <node name="knowledge_10" />
            <node name="knowledge_11" />
            <node name="knowledge_12" />
            <node name="knowledge_13" />
            <node name="knowledge_14" />
            <node name="knowledge_15" />
            <node name="knowledge_16" />
            <node name="knowledge_17" />
            <node name="knowledge_18" />
            <node name="knowledge_19" />
        </nodeset>
        <nodeset name="time">
            <generator type="constant">
                <count value="0" />
            </generator>
        </nodeset>
        <nodeset name="emotion">
            <generator type="constant">
                <count value="8" />
            </generator>
        </nodeset>
    </nodesets>
    <networks>
        <network default="0" edge_type="bool" name="knowledge network">
            <source nodeset="agent" representation="dense" />
            <target nodeset="knowledge" representation="sparse" />
            <generator type="random binary">
                <param name="density" value="0.2" />
            </generator>
        </network>
        <network default="0.1" edge_type="float" name="emotion network">
            <source nodeset="agent" representation="dense" />
            <target nodeset="emotion" representation="dense" />
            <generator type="random uniform">
                <param name="min" value="0.1" />
                <param name="max" value="1.0" />
            </generator>
        </network>
        <network default="0" edge_type="float" name="emotion reading first order network">
            <source nodeset="emotion" representation="dense" />
            <target nodeset="emotion" representation="dense" />
            <generator type="random uniform">
                <param name="min" value="-0.1" />
                <param name="max" value="0.1" />
            </generator>
        </network>
        <network default="0" edge_type="float" name="emotion regulation bias network">
            <source nodeset="agent" representation="dense" />
            <target nodeset="emotion" representation="dense" />
            <generator type="random uniform">
                <param name="min" value="0" />
                <param name="max" value="0.2" />
            </generator>
        </network>
        <network default="0" edge_type="float" name="emotion regulation first order network">
            <source nodeset="emotion" representation="dense" />
            <target nodeset="emotion" representation="dense" />
            <generator type="random uniform">
                <param name="min" value="0" />
                <param name="max" value="0.1" />
            </generator>
        </network>
        <network default="0" edge_type="bool" name="twitter follower network">
            <source nodeset="agent" representation="dense" />
            <target nodeset="agent" representation="sparse" />
            <generator type="random binary">
                <param name="density" value="0.2" />
            </generator>
        </network>
        <network default="0" edge_type="float" name="knowledge trust network">
            <source nodeset="agent" representation="dense" />
            <target nodeset="knowledge" representation="sparse" />
            <generator type="random uniform">
                <param name="density" value="0.2" />
                <param name="min" value="0.0" />
                <param name="max" value="1.0" />
            </generator>
        </network>
        <network default="0" edge_type="float" name="agent trust network">
            <source nodeset="agent" representation="dense" />
            <target nodeset="agent" representation="dense" />
            <generator type="random uniform">
                <param name="density" value="0.2" />
                <param name="min" value="0.0" />
                <param name="max" value="1.0" />
            </generator>
        </network>
    </networks>
    <models>
        <model name="Twitter Emotion Model">
            <param name="interval time duration" value="1.0" />
            <param name="maximum post inactivity" value="10.0" />
        </model>
        <model name="Social Media Moderation Model"> <!-- Toxic Moderation Model -->
            <param name="platform model names" value="Twitter Emotion Model" />
            <param name="moderation thresholds" value="0.1" />
        </model>
        <model name="Trust Model">
            <param name="relax rate" value="0.1" />
        </model>
        <model name="Emotion Model" />
        <model name="Toxicity Model" />
    </models>
    <outputs>
        <output type="dynetml">
            <param name="network names" value="knowledge network,knowledge trust network,twitter follower network,emotion network"/>
            <param name="output file" value="my_ouput.xml"/>
            <param name="timeperiods" value="last"/>
        </output>
    </outputs>
</construct>
