<DynamicMetaNetwork id="Construct">
    <MetaNetwork id="timeperiod_499" timePeriod="499">
        <nodes>
            <nodeset type="emotion" id="emotion">
                <node id="emotion_0" />
                <node id="emotion_1" />
                <node id="emotion_2" />
                <node id="emotion_3" />
                <node id="emotion_4" />
                <node id="emotion_5" />
                <node id="emotion_6" />
                <node id="emotion_7" />
            </nodeset>
            <nodeset type="knowledge" id="knowledge">
                <node id="knowledge_0" />
                <node id="knowledge_1" />
                <node id="knowledge_2" />
                <node id="knowledge_3" />
                <node id="knowledge_4" />
                <node id="knowledge_5" />
                <node id="knowledge_6" />
                <node id="knowledge_7" />
                <node id="knowledge_8" />
                <node id="knowledge_9" />
                <node id="knowledge_10" />
                <node id="knowledge_11" />
                <node id="knowledge_12" />
                <node id="knowledge_13" />
                <node id="knowledge_14" />
                <node id="knowledge_15" />
                <node id="knowledge_16" />
                <node id="knowledge_17" />
                <node id="knowledge_18" />
                <node id="knowledge_19" />
            </nodeset>
            <nodeset type="agent" id="agent">
                <node id="agent_0" />
                <node id="agent_1" />
                <node id="agent_2" />
                <node id="agent_3" />
                <node id="agent_4" />
                <node id="agent_5" />
                <node id="agent_6" />
                <node id="agent_7" />
                <node id="agent_8" />
                <node id="agent_9" />
                <node id="agent_10" />
                <node id="agent_11" />
                <node id="agent_12" />
                <node id="agent_13" />
                <node id="agent_14" />
                <node id="agent_15" />
                <node id="agent_16" />
                <node id="agent_17" />
                <node id="agent_18" />
                <node id="agent_19" />
                <node id="agent_20" />
                <node id="agent_21" />
                <node id="agent_22" />
                <node id="agent_23" />
                <node id="agent_24" />
            </nodeset>
        </nodes>
        <networks>
            <network sourceType="agent" source="agent" targetType="knowledge" target="knowledge"
                id="knowledge network" isDirected="true" allowSelfLoops="true" isBinary="true"
                dynetmlUndirectedCompressed="false">
                <link source="agent_0" target="knowledge_0" />
                <link source="agent_0" target="knowledge_1" />
                <link source="agent_0" target="knowledge_2" />
                <link source="agent_0" target="knowledge_3" />
                <link source="agent_0" target="knowledge_4" />
                <link source="agent_0" target="knowledge_5" />
                <link source="agent_0" target="knowledge_6" />
                <link source="agent_0" target="knowledge_7" />
                <link source="agent_0" target="knowledge_8" />
                <link source="agent_0" target="knowledge_9" />
                <link source="agent_0" target="knowledge_10" />
                <link source="agent_0" target="knowledge_11" />
                <link source="agent_0" target="knowledge_12" />
                <link source="agent_0" target="knowledge_13" />
                <link source="agent_0" target="knowledge_14" />
                <link source="agent_0" target="knowledge_15" />
                <link source="agent_0" target="knowledge_16" />
                <link source="agent_0" target="knowledge_17" />
                <link source="agent_0" target="knowledge_18" />
                <link source="agent_0" target="knowledge_19" />
                <link source="agent_1" target="knowledge_0" />
                <link source="agent_1" target="knowledge_1" />
                <link source="agent_1" target="knowledge_2" />
                <link source="agent_1" target="knowledge_3" />
                <link source="agent_1" target="knowledge_4" />
                <link source="agent_1" target="knowledge_5" />
                <link source="agent_1" target="knowledge_6" />
                <link source="agent_1" target="knowledge_7" />
                <link source="agent_1" target="knowledge_8" />
                <link source="agent_1" target="knowledge_9" />
                <link source="agent_1" target="knowledge_10" />
                <link source="agent_1" target="knowledge_11" />
                <link source="agent_1" target="knowledge_12" />
                <link source="agent_1" target="knowledge_13" />
                <link source="agent_1" target="knowledge_14" />
                <link source="agent_1" target="knowledge_15" />
                <link source="agent_1" target="knowledge_16" />
                <link source="agent_1" target="knowledge_17" />
                <link source="agent_1" target="knowledge_18" />
                <link source="agent_1" target="knowledge_19" />
                <link source="agent_2" target="knowledge_0" />
                <link source="agent_2" target="knowledge_1" />
                <link source="agent_2" target="knowledge_2" />
                <link source="agent_2" target="knowledge_3" />
                <link source="agent_2" target="knowledge_4" />
                <link source="agent_2" target="knowledge_5" />
                <link source="agent_2" target="knowledge_6" />
                <link source="agent_2" target="knowledge_7" />
                <link source="agent_2" target="knowledge_8" />
                <link source="agent_2" target="knowledge_9" />
                <link source="agent_2" target="knowledge_10" />
                <link source="agent_2" target="knowledge_11" />
                <link source="agent_2" target="knowledge_12" />
                <link source="agent_2" target="knowledge_13" />
                <link source="agent_2" target="knowledge_14" />
                <link source="agent_2" target="knowledge_15" />
                <link source="agent_2" target="knowledge_16" />
                <link source="agent_2" target="knowledge_17" />
                <link source="agent_2" target="knowledge_18" />
                <link source="agent_2" target="knowledge_19" />
                <link source="agent_3" target="knowledge_0" />
                <link source="agent_3" target="knowledge_1" />
                <link source="agent_3" target="knowledge_2" />
                <link source="agent_3" target="knowledge_3" />
                <link source="agent_3" target="knowledge_4" />
                <link source="agent_3" target="knowledge_5" />
                <link source="agent_3" target="knowledge_6" />
                <link source="agent_3" target="knowledge_7" />
                <link source="agent_3" target="knowledge_8" />
                <link source="agent_3" target="knowledge_9" />
                <link source="agent_3" target="knowledge_10" />
                <link source="agent_3" target="knowledge_11" />
                <link source="agent_3" target="knowledge_12" />
                <link source="agent_3" target="knowledge_13" />
                <link source="agent_3" target="knowledge_14" />
                <link source="agent_3" target="knowledge_15" />
                <link source="agent_3" target="knowledge_16" />
                <link source="agent_3" target="knowledge_17" />
                <link source="agent_3" target="knowledge_18" />
                <link source="agent_3" target="knowledge_19" />
                <link source="agent_4" target="knowledge_0" />
                <link source="agent_4" target="knowledge_1" />
                <link source="agent_4" target="knowledge_2" />
                <link source="agent_4" target="knowledge_3" />
                <link source="agent_4" target="knowledge_4" />
                <link source="agent_4" target="knowledge_5" />
                <link source="agent_4" target="knowledge_6" />
                <link source="agent_4" target="knowledge_7" />
                <link source="agent_4" target="knowledge_8" />
                <link source="agent_4" target="knowledge_9" />
                <link source="agent_4" target="knowledge_10" />
                <link source="agent_4" target="knowledge_11" />
                <link source="agent_4" target="knowledge_12" />
                <link source="agent_4" target="knowledge_13" />
                <link source="agent_4" target="knowledge_14" />
                <link source="agent_4" target="knowledge_15" />
                <link source="agent_4" target="knowledge_16" />
                <link source="agent_4" target="knowledge_17" />
                <link source="agent_4" target="knowledge_18" />
                <link source="agent_4" target="knowledge_19" />
                <link source="agent_5" target="knowledge_0" />
                <link source="agent_5" target="knowledge_1" />
                <link source="agent_5" target="knowledge_2" />
                <link source="agent_5" target="knowledge_3" />
                <link source="agent_5" target="knowledge_4" />
                <link source="agent_5" target="knowledge_5" />
                <link source="agent_5" target="knowledge_6" />
                <link source="agent_5" target="knowledge_7" />
                <link source="agent_5" target="knowledge_8" />
                <link source="agent_5" target="knowledge_9" />
                <link source="agent_5" target="knowledge_10" />
                <link source="agent_5" target="knowledge_11" />
                <link source="agent_5" target="knowledge_12" />
                <link source="agent_5" target="knowledge_13" />
                <link source="agent_5" target="knowledge_14" />
                <link source="agent_5" target="knowledge_15" />
                <link source="agent_5" target="knowledge_16" />
                <link source="agent_5" target="knowledge_17" />
                <link source="agent_5" target="knowledge_18" />
                <link source="agent_5" target="knowledge_19" />
                <link source="agent_6" target="knowledge_0" />
                <link source="agent_6" target="knowledge_1" />
                <link source="agent_6" target="knowledge_2" />
                <link source="agent_6" target="knowledge_3" />
                <link source="agent_6" target="knowledge_4" />
                <link source="agent_6" target="knowledge_5" />
                <link source="agent_6" target="knowledge_6" />
                <link source="agent_6" target="knowledge_7" />
                <link source="agent_6" target="knowledge_8" />
                <link source="agent_6" target="knowledge_9" />
                <link source="agent_6" target="knowledge_10" />
                <link source="agent_6" target="knowledge_11" />
                <link source="agent_6" target="knowledge_12" />
                <link source="agent_6" target="knowledge_13" />
                <link source="agent_6" target="knowledge_14" />
                <link source="agent_6" target="knowledge_15" />
                <link source="agent_6" target="knowledge_16" />
                <link source="agent_6" target="knowledge_17" />
                <link source="agent_6" target="knowledge_18" />
                <link source="agent_6" target="knowledge_19" />
                <link source="agent_7" target="knowledge_0" />
                <link source="agent_7" target="knowledge_1" />
                <link source="agent_7" target="knowledge_2" />
                <link source="agent_7" target="knowledge_3" />
                <link source="agent_7" target="knowledge_4" />
                <link source="agent_7" target="knowledge_5" />
                <link source="agent_7" target="knowledge_6" />
                <link source="agent_7" target="knowledge_7" />
                <link source="agent_7" target="knowledge_8" />
                <link source="agent_7" target="knowledge_9" />
                <link source="agent_7" target="knowledge_10" />
                <link source="agent_7" target="knowledge_11" />
                <link source="agent_7" target="knowledge_12" />
                <link source="agent_7" target="knowledge_13" />
                <link source="agent_7" target="knowledge_14" />
                <link source="agent_7" target="knowledge_15" />
                <link source="agent_7" target="knowledge_16" />
                <link source="agent_7" target="knowledge_17" />
                <link source="agent_7" target="knowledge_18" />
                <link source="agent_7" target="knowledge_19" />
                <link source="agent_8" target="knowledge_0" />
                <link source="agent_8" target="knowledge_1" />
                <link source="agent_8" target="knowledge_2" />
                <link source="agent_8" target="knowledge_3" />
                <link source="agent_8" target="knowledge_4" />
                <link source="agent_8" target="knowledge_5" />
                <link source="agent_8" target="knowledge_6" />
                <link source="agent_8" target="knowledge_7" />
                <link source="agent_8" target="knowledge_8" />
                <link source="agent_8" target="knowledge_9" />
                <link source="agent_8" target="knowledge_10" />
                <link source="agent_8" target="knowledge_11" />
                <link source="agent_8" target="knowledge_12" />
                <link source="agent_8" target="knowledge_13" />
                <link source="agent_8" target="knowledge_14" />
                <link source="agent_8" target="knowledge_15" />
                <link source="agent_8" target="knowledge_16" />
                <link source="agent_8" target="knowledge_17" />
                <link source="agent_8" target="knowledge_18" />
                <link source="agent_8" target="knowledge_19" />
                <link source="agent_9" target="knowledge_0" />
                <link source="agent_9" target="knowledge_1" />
                <link source="agent_9" target="knowledge_2" />
                <link source="agent_9" target="knowledge_3" />
                <link source="agent_9" target="knowledge_4" />
                <link source="agent_9" target="knowledge_5" />
                <link source="agent_9" target="knowledge_6" />
                <link source="agent_9" target="knowledge_7" />
                <link source="agent_9" target="knowledge_8" />
                <link source="agent_9" target="knowledge_9" />
                <link source="agent_9" target="knowledge_10" />
                <link source="agent_9" target="knowledge_11" />
                <link source="agent_9" target="knowledge_12" />
                <link source="agent_9" target="knowledge_13" />
                <link source="agent_9" target="knowledge_14" />
                <link source="agent_9" target="knowledge_15" />
                <link source="agent_9" target="knowledge_16" />
                <link source="agent_9" target="knowledge_17" />
                <link source="agent_9" target="knowledge_18" />
                <link source="agent_9" target="knowledge_19" />
                <link source="agent_10" target="knowledge_0" />
                <link source="agent_10" target="knowledge_1" />
                <link source="agent_10" target="knowledge_2" />
                <link source="agent_10" target="knowledge_3" />
                <link source="agent_10" target="knowledge_4" />
                <link source="agent_10" target="knowledge_5" />
                <link source="agent_10" target="knowledge_6" />
                <link source="agent_10" target="knowledge_7" />
                <link source="agent_10" target="knowledge_8" />
                <link source="agent_10" target="knowledge_9" />
                <link source="agent_10" target="knowledge_10" />
                <link source="agent_10" target="knowledge_11" />
                <link source="agent_10" target="knowledge_12" />
                <link source="agent_10" target="knowledge_13" />
                <link source="agent_10" target="knowledge_14" />
                <link source="agent_10" target="knowledge_15" />
                <link source="agent_10" target="knowledge_16" />
                <link source="agent_10" target="knowledge_17" />
                <link source="agent_10" target="knowledge_18" />
                <link source="agent_10" target="knowledge_19" />
                <link source="agent_11" target="knowledge_0" />
                <link source="agent_11" target="knowledge_1" />
                <link source="agent_11" target="knowledge_2" />
                <link source="agent_11" target="knowledge_3" />
                <link source="agent_11" target="knowledge_4" />
                <link source="agent_11" target="knowledge_5" />
                <link source="agent_11" target="knowledge_6" />
                <link source="agent_11" target="knowledge_7" />
                <link source="agent_11" target="knowledge_8" />
                <link source="agent_11" target="knowledge_9" />
                <link source="agent_11" target="knowledge_10" />
                <link source="agent_11" target="knowledge_11" />
                <link source="agent_11" target="knowledge_12" />
                <link source="agent_11" target="knowledge_13" />
                <link source="agent_11" target="knowledge_14" />
                <link source="agent_11" target="knowledge_15" />
                <link source="agent_11" target="knowledge_16" />
                <link source="agent_11" target="knowledge_17" />
                <link source="agent_11" target="knowledge_18" />
                <link source="agent_11" target="knowledge_19" />
                <link source="agent_12" target="knowledge_0" />
                <link source="agent_12" target="knowledge_1" />
                <link source="agent_12" target="knowledge_2" />
                <link source="agent_12" target="knowledge_3" />
                <link source="agent_12" target="knowledge_4" />
                <link source="agent_12" target="knowledge_5" />
                <link source="agent_12" target="knowledge_6" />
                <link source="agent_12" target="knowledge_7" />
                <link source="agent_12" target="knowledge_8" />
                <link source="agent_12" target="knowledge_9" />
                <link source="agent_12" target="knowledge_10" />
                <link source="agent_12" target="knowledge_11" />
                <link source="agent_12" target="knowledge_12" />
                <link source="agent_12" target="knowledge_13" />
                <link source="agent_12" target="knowledge_14" />
                <link source="agent_12" target="knowledge_15" />
                <link source="agent_12" target="knowledge_16" />
                <link source="agent_12" target="knowledge_17" />
                <link source="agent_12" target="knowledge_18" />
                <link source="agent_12" target="knowledge_19" />
                <link source="agent_13" target="knowledge_0" />
                <link source="agent_13" target="knowledge_1" />
                <link source="agent_13" target="knowledge_2" />
                <link source="agent_13" target="knowledge_3" />
                <link source="agent_13" target="knowledge_4" />
                <link source="agent_13" target="knowledge_5" />
                <link source="agent_13" target="knowledge_6" />
                <link source="agent_13" target="knowledge_7" />
                <link source="agent_13" target="knowledge_8" />
                <link source="agent_13" target="knowledge_9" />
                <link source="agent_13" target="knowledge_10" />
                <link source="agent_13" target="knowledge_11" />
                <link source="agent_13" target="knowledge_12" />
                <link source="agent_13" target="knowledge_13" />
                <link source="agent_13" target="knowledge_14" />
                <link source="agent_13" target="knowledge_15" />
                <link source="agent_13" target="knowledge_16" />
                <link source="agent_13" target="knowledge_17" />
                <link source="agent_13" target="knowledge_18" />
                <link source="agent_13" target="knowledge_19" />
                <link source="agent_14" target="knowledge_0" />
                <link source="agent_14" target="knowledge_1" />
                <link source="agent_14" target="knowledge_2" />
                <link source="agent_14" target="knowledge_3" />
                <link source="agent_14" target="knowledge_4" />
                <link source="agent_14" target="knowledge_5" />
                <link source="agent_14" target="knowledge_6" />
                <link source="agent_14" target="knowledge_7" />
                <link source="agent_14" target="knowledge_8" />
                <link source="agent_14" target="knowledge_9" />
                <link source="agent_14" target="knowledge_10" />
                <link source="agent_14" target="knowledge_11" />
                <link source="agent_14" target="knowledge_12" />
                <link source="agent_14" target="knowledge_13" />
                <link source="agent_14" target="knowledge_14" />
                <link source="agent_14" target="knowledge_15" />
                <link source="agent_14" target="knowledge_16" />
                <link source="agent_14" target="knowledge_17" />
                <link source="agent_14" target="knowledge_18" />
                <link source="agent_14" target="knowledge_19" />
                <link source="agent_15" target="knowledge_0" />
                <link source="agent_15" target="knowledge_1" />
                <link source="agent_15" target="knowledge_2" />
                <link source="agent_15" target="knowledge_3" />
                <link source="agent_15" target="knowledge_4" />
                <link source="agent_15" target="knowledge_5" />
                <link source="agent_15" target="knowledge_6" />
                <link source="agent_15" target="knowledge_7" />
                <link source="agent_15" target="knowledge_8" />
                <link source="agent_15" target="knowledge_9" />
                <link source="agent_15" target="knowledge_10" />
                <link source="agent_15" target="knowledge_11" />
                <link source="agent_15" target="knowledge_12" />
                <link source="agent_15" target="knowledge_13" />
                <link source="agent_15" target="knowledge_14" />
                <link source="agent_15" target="knowledge_15" />
                <link source="agent_15" target="knowledge_16" />
                <link source="agent_15" target="knowledge_17" />
                <link source="agent_15" target="knowledge_18" />
                <link source="agent_15" target="knowledge_19" />
                <link source="agent_16" target="knowledge_0" />
                <link source="agent_16" target="knowledge_1" />
                <link source="agent_16" target="knowledge_2" />
                <link source="agent_16" target="knowledge_3" />
                <link source="agent_16" target="knowledge_4" />
                <link source="agent_16" target="knowledge_5" />
                <link source="agent_16" target="knowledge_6" />
                <link source="agent_16" target="knowledge_7" />
                <link source="agent_16" target="knowledge_8" />
                <link source="agent_16" target="knowledge_9" />
                <link source="agent_16" target="knowledge_10" />
                <link source="agent_16" target="knowledge_11" />
                <link source="agent_16" target="knowledge_12" />
                <link source="agent_16" target="knowledge_13" />
                <link source="agent_16" target="knowledge_14" />
                <link source="agent_16" target="knowledge_15" />
                <link source="agent_16" target="knowledge_16" />
                <link source="agent_16" target="knowledge_17" />
                <link source="agent_16" target="knowledge_18" />
                <link source="agent_16" target="knowledge_19" />
                <link source="agent_17" target="knowledge_0" />
                <link source="agent_17" target="knowledge_1" />
                <link source="agent_17" target="knowledge_2" />
                <link source="agent_17" target="knowledge_3" />
                <link source="agent_17" target="knowledge_4" />
                <link source="agent_17" target="knowledge_5" />
                <link source="agent_17" target="knowledge_6" />
                <link source="agent_17" target="knowledge_7" />
                <link source="agent_17" target="knowledge_8" />
                <link source="agent_17" target="knowledge_9" />
                <link source="agent_17" target="knowledge_10" />
                <link source="agent_17" target="knowledge_11" />
                <link source="agent_17" target="knowledge_12" />
                <link source="agent_17" target="knowledge_13" />
                <link source="agent_17" target="knowledge_14" />
                <link source="agent_17" target="knowledge_15" />
                <link source="agent_17" target="knowledge_16" />
                <link source="agent_17" target="knowledge_17" />
                <link source="agent_17" target="knowledge_18" />
                <link source="agent_17" target="knowledge_19" />
                <link source="agent_18" target="knowledge_0" />
                <link source="agent_18" target="knowledge_1" />
                <link source="agent_18" target="knowledge_2" />
                <link source="agent_18" target="knowledge_3" />
                <link source="agent_18" target="knowledge_4" />
                <link source="agent_18" target="knowledge_5" />
                <link source="agent_18" target="knowledge_6" />
                <link source="agent_18" target="knowledge_7" />
                <link source="agent_18" target="knowledge_8" />
                <link source="agent_18" target="knowledge_9" />
                <link source="agent_18" target="knowledge_10" />
                <link source="agent_18" target="knowledge_11" />
                <link source="agent_18" target="knowledge_12" />
                <link source="agent_18" target="knowledge_13" />
                <link source="agent_18" target="knowledge_14" />
                <link source="agent_18" target="knowledge_15" />
                <link source="agent_18" target="knowledge_16" />
                <link source="agent_18" target="knowledge_17" />
                <link source="agent_18" target="knowledge_18" />
                <link source="agent_18" target="knowledge_19" />
                <link source="agent_19" target="knowledge_0" />
                <link source="agent_19" target="knowledge_1" />
                <link source="agent_19" target="knowledge_2" />
                <link source="agent_19" target="knowledge_3" />
                <link source="agent_19" target="knowledge_4" />
                <link source="agent_19" target="knowledge_5" />
                <link source="agent_19" target="knowledge_6" />
                <link source="agent_19" target="knowledge_7" />
                <link source="agent_19" target="knowledge_8" />
                <link source="agent_19" target="knowledge_9" />
                <link source="agent_19" target="knowledge_10" />
                <link source="agent_19" target="knowledge_11" />
                <link source="agent_19" target="knowledge_12" />
                <link source="agent_19" target="knowledge_13" />
                <link source="agent_19" target="knowledge_14" />
                <link source="agent_19" target="knowledge_15" />
                <link source="agent_19" target="knowledge_16" />
                <link source="agent_19" target="knowledge_17" />
                <link source="agent_19" target="knowledge_18" />
                <link source="agent_19" target="knowledge_19" />
                <link source="agent_20" target="knowledge_0" />
                <link source="agent_20" target="knowledge_1" />
                <link source="agent_20" target="knowledge_2" />
                <link source="agent_20" target="knowledge_3" />
                <link source="agent_20" target="knowledge_4" />
                <link source="agent_20" target="knowledge_5" />
                <link source="agent_20" target="knowledge_6" />
                <link source="agent_20" target="knowledge_7" />
                <link source="agent_20" target="knowledge_8" />
                <link source="agent_20" target="knowledge_9" />
                <link source="agent_20" target="knowledge_10" />
                <link source="agent_20" target="knowledge_11" />
                <link source="agent_20" target="knowledge_12" />
                <link source="agent_20" target="knowledge_13" />
                <link source="agent_20" target="knowledge_14" />
                <link source="agent_20" target="knowledge_15" />
                <link source="agent_20" target="knowledge_16" />
                <link source="agent_20" target="knowledge_17" />
                <link source="agent_20" target="knowledge_18" />
                <link source="agent_20" target="knowledge_19" />
                <link source="agent_21" target="knowledge_0" />
                <link source="agent_21" target="knowledge_1" />
                <link source="agent_21" target="knowledge_2" />
                <link source="agent_21" target="knowledge_3" />
                <link source="agent_21" target="knowledge_4" />
                <link source="agent_21" target="knowledge_5" />
                <link source="agent_21" target="knowledge_6" />
                <link source="agent_21" target="knowledge_7" />
                <link source="agent_21" target="knowledge_8" />
                <link source="agent_21" target="knowledge_9" />
                <link source="agent_21" target="knowledge_10" />
                <link source="agent_21" target="knowledge_11" />
                <link source="agent_21" target="knowledge_12" />
                <link source="agent_21" target="knowledge_13" />
                <link source="agent_21" target="knowledge_14" />
                <link source="agent_21" target="knowledge_15" />
                <link source="agent_21" target="knowledge_16" />
                <link source="agent_21" target="knowledge_17" />
                <link source="agent_21" target="knowledge_18" />
                <link source="agent_21" target="knowledge_19" />
                <link source="agent_22" target="knowledge_0" />
                <link source="agent_22" target="knowledge_1" />
                <link source="agent_22" target="knowledge_2" />
                <link source="agent_22" target="knowledge_3" />
                <link source="agent_22" target="knowledge_4" />
                <link source="agent_22" target="knowledge_5" />
                <link source="agent_22" target="knowledge_6" />
                <link source="agent_22" target="knowledge_7" />
                <link source="agent_22" target="knowledge_8" />
                <link source="agent_22" target="knowledge_9" />
                <link source="agent_22" target="knowledge_10" />
                <link source="agent_22" target="knowledge_11" />
                <link source="agent_22" target="knowledge_12" />
                <link source="agent_22" target="knowledge_13" />
                <link source="agent_22" target="knowledge_14" />
                <link source="agent_22" target="knowledge_15" />
                <link source="agent_22" target="knowledge_16" />
                <link source="agent_22" target="knowledge_17" />
                <link source="agent_22" target="knowledge_18" />
                <link source="agent_22" target="knowledge_19" />
                <link source="agent_23" target="knowledge_0" />
                <link source="agent_23" target="knowledge_1" />
                <link source="agent_23" target="knowledge_2" />
                <link source="agent_23" target="knowledge_3" />
                <link source="agent_23" target="knowledge_4" />
                <link source="agent_23" target="knowledge_5" />
                <link source="agent_23" target="knowledge_6" />
                <link source="agent_23" target="knowledge_7" />
                <link source="agent_23" target="knowledge_8" />
                <link source="agent_23" target="knowledge_9" />
                <link source="agent_23" target="knowledge_10" />
                <link source="agent_23" target="knowledge_11" />
                <link source="agent_23" target="knowledge_12" />
                <link source="agent_23" target="knowledge_13" />
                <link source="agent_23" target="knowledge_14" />
                <link source="agent_23" target="knowledge_15" />
                <link source="agent_23" target="knowledge_16" />
                <link source="agent_23" target="knowledge_17" />
                <link source="agent_23" target="knowledge_18" />
                <link source="agent_23" target="knowledge_19" />
                <link source="agent_24" target="knowledge_0" />
                <link source="agent_24" target="knowledge_1" />
                <link source="agent_24" target="knowledge_2" />
                <link source="agent_24" target="knowledge_3" />
                <link source="agent_24" target="knowledge_4" />
                <link source="agent_24" target="knowledge_5" />
                <link source="agent_24" target="knowledge_6" />
                <link source="agent_24" target="knowledge_7" />
                <link source="agent_24" target="knowledge_8" />
                <link source="agent_24" target="knowledge_9" />
                <link source="agent_24" target="knowledge_10" />
                <link source="agent_24" target="knowledge_11" />
                <link source="agent_24" target="knowledge_12" />
                <link source="agent_24" target="knowledge_13" />
                <link source="agent_24" target="knowledge_14" />
                <link source="agent_24" target="knowledge_15" />
                <link source="agent_24" target="knowledge_16" />
                <link source="agent_24" target="knowledge_17" />
                <link source="agent_24" target="knowledge_18" />
                <link source="agent_24" target="knowledge_19" />
            </network>
            <network sourceType="agent" source="agent" targetType="knowledge" target="knowledge"
                id="knowledge trust network" isDirected="true" allowSelfLoops="true"
                isBinary="false" dynetmlUndirectedCompressed="false">
                <link source="agent_0" target="knowledge_0" value="0.5" />
                <link source="agent_0" target="knowledge_1" value="0.395086" />
                <link source="agent_0" target="knowledge_2" value="0.5" />
                <link source="agent_0" target="knowledge_3" value="0.5" />
                <link source="agent_0" target="knowledge_4" value="0.5" />
                <link source="agent_0" target="knowledge_5" value="0.5" />
                <link source="agent_0" target="knowledge_6" value="0.5" />
                <link source="agent_0" target="knowledge_7" value="0.5" />
                <link source="agent_0" target="knowledge_8" value="0.5" />
                <link source="agent_0" target="knowledge_9" value="0.5" />
                <link source="agent_0" target="knowledge_10" value="0.534507" />
                <link source="agent_0" target="knowledge_11" value="0.5" />
                <link source="agent_0" target="knowledge_12" value="0.5" />
                <link source="agent_0" target="knowledge_13" value="0.5" />
                <link source="agent_0" target="knowledge_14" value="0.5" />
                <link source="agent_0" target="knowledge_15" value="0.5" />
                <link source="agent_0" target="knowledge_16" value="0.5" />
                <link source="agent_0" target="knowledge_17" value="0.5" />
                <link source="agent_0" target="knowledge_18" value="0.5" />
                <link source="agent_0" target="knowledge_19" value="0.5" />
                <link source="agent_1" target="knowledge_0" value="0.5" />
                <link source="agent_1" target="knowledge_1" value="0.5" />
                <link source="agent_1" target="knowledge_2" value="0.5" />
                <link source="agent_1" target="knowledge_3" value="0.5" />
                <link source="agent_1" target="knowledge_4" value="0.5" />
                <link source="agent_1" target="knowledge_5" value="0.5" />
                <link source="agent_1" target="knowledge_6" value="0.5" />
                <link source="agent_1" target="knowledge_7" value="0.5" />
                <link source="agent_1" target="knowledge_8" value="0.5" />
                <link source="agent_1" target="knowledge_9" value="0.5" />
                <link source="agent_1" target="knowledge_10" value="0.5" />
                <link source="agent_1" target="knowledge_11" value="0.5" />
                <link source="agent_1" target="knowledge_12" value="0.5" />
                <link source="agent_1" target="knowledge_13" value="0.5" />
                <link source="agent_1" target="knowledge_14" value="0.5" />
                <link source="agent_1" target="knowledge_15" value="0.5" />
                <link source="agent_1" target="knowledge_16" value="0.5" />
                <link source="agent_1" target="knowledge_17" value="0.5" />
                <link source="agent_1" target="knowledge_18" value="0.5" />
                <link source="agent_1" target="knowledge_19" value="0.5" />
                <link source="agent_2" target="knowledge_0" value="0.5" />
                <link source="agent_2" target="knowledge_1" value="0.5" />
                <link source="agent_2" target="knowledge_2" value="0.5" />
                <link source="agent_2" target="knowledge_3" value="0.5" />
                <link source="agent_2" target="knowledge_4" value="0.5" />
                <link source="agent_2" target="knowledge_5" value="0.5" />
                <link source="agent_2" target="knowledge_6" value="0.5" />
                <link source="agent_2" target="knowledge_7" value="0.5" />
                <link source="agent_2" target="knowledge_8" value="0.5" />
                <link source="agent_2" target="knowledge_9" value="0.5" />
                <link source="agent_2" target="knowledge_10" value="0.539333" />
                <link source="agent_2" target="knowledge_11" value="0.468829" />
                <link source="agent_2" target="knowledge_12" value="0.5" />
                <link source="agent_2" target="knowledge_13" value="0.5" />
                <link source="agent_2" target="knowledge_14" value="0.5" />
                <link source="agent_2" target="knowledge_15" value="0.5" />
                <link source="agent_2" target="knowledge_16" value="0.5" />
                <link source="agent_2" target="knowledge_17" value="0.5" />
                <link source="agent_2" target="knowledge_18" value="0.5" />
                <link source="agent_2" target="knowledge_19" value="0.5" />
                <link source="agent_3" target="knowledge_0" value="0.5" />
                <link source="agent_3" target="knowledge_1" value="0.358299" />
                <link source="agent_3" target="knowledge_2" value="0.5" />
                <link source="agent_3" target="knowledge_3" value="0.5" />
                <link source="agent_3" target="knowledge_4" value="0.5" />
                <link source="agent_3" target="knowledge_5" value="0.5" />
                <link source="agent_3" target="knowledge_6" value="0.5" />
                <link source="agent_3" target="knowledge_7" value="0.5" />
                <link source="agent_3" target="knowledge_8" value="0.5" />
                <link source="agent_3" target="knowledge_9" value="0.473684" />
                <link source="agent_3" target="knowledge_10" value="0.5" />
                <link source="agent_3" target="knowledge_11" value="0.5" />
                <link source="agent_3" target="knowledge_12" value="0.5" />
                <link source="agent_3" target="knowledge_13" value="0.5" />
                <link source="agent_3" target="knowledge_14" value="0.471247" />
                <link source="agent_3" target="knowledge_15" value="0.5" />
                <link source="agent_3" target="knowledge_16" value="0.5" />
                <link source="agent_3" target="knowledge_17" value="0.5" />
                <link source="agent_3" target="knowledge_18" value="0.437" />
                <link source="agent_3" target="knowledge_19" value="0.5" />
                <link source="agent_4" target="knowledge_0" value="0.5" />
                <link source="agent_4" target="knowledge_1" value="0.5" />
                <link source="agent_4" target="knowledge_2" value="0.5" />
                <link source="agent_4" target="knowledge_3" value="0.5" />
                <link source="agent_4" target="knowledge_4" value="0.5" />
                <link source="agent_4" target="knowledge_5" value="0.5" />
                <link source="agent_4" target="knowledge_6" value="0.5" />
                <link source="agent_4" target="knowledge_7" value="0.5" />
                <link source="agent_4" target="knowledge_8" value="0.448285" />
                <link source="agent_4" target="knowledge_9" value="0.5" />
                <link source="agent_4" target="knowledge_10" value="0.5" />
                <link source="agent_4" target="knowledge_11" value="0.5" />
                <link source="agent_4" target="knowledge_12" value="0.5" />
                <link source="agent_4" target="knowledge_13" value="0.5" />
                <link source="agent_4" target="knowledge_14" value="0.473742" />
                <link source="agent_4" target="knowledge_15" value="0.5" />
                <link source="agent_4" target="knowledge_16" value="0.5" />
                <link source="agent_4" target="knowledge_17" value="0.446122" />
                <link source="agent_4" target="knowledge_18" value="0.5" />
                <link source="agent_4" target="knowledge_19" value="0.5" />
                <link source="agent_5" target="knowledge_0" value="0.5" />
                <link source="agent_5" target="knowledge_1" value="0.403546" />
                <link source="agent_5" target="knowledge_2" value="0.485362" />
                <link source="agent_5" target="knowledge_3" value="0.5" />
                <link source="agent_5" target="knowledge_4" value="0.5" />
                <link source="agent_5" target="knowledge_5" value="0.462881" />
                <link source="agent_5" target="knowledge_6" value="0.5" />
                <link source="agent_5" target="knowledge_7" value="0.5" />
                <link source="agent_5" target="knowledge_8" value="0.5" />
                <link source="agent_5" target="knowledge_9" value="0.5" />
                <link source="agent_5" target="knowledge_10" value="0.508596" />
                <link source="agent_5" target="knowledge_11" value="0.5" />
                <link source="agent_5" target="knowledge_12" value="0.5" />
                <link source="agent_5" target="knowledge_13" value="0.5" />
                <link source="agent_5" target="knowledge_14" value="0.482875" />
                <link source="agent_5" target="knowledge_15" value="0.5" />
                <link source="agent_5" target="knowledge_16" value="0.46505" />
                <link source="agent_5" target="knowledge_17" value="0.5" />
                <link source="agent_5" target="knowledge_18" value="0.5" />
                <link source="agent_5" target="knowledge_19" value="0.5" />
                <link source="agent_6" target="knowledge_0" value="0.452395" />
                <link source="agent_6" target="knowledge_1" value="0.421283" />
                <link source="agent_6" target="knowledge_2" value="0.5" />
                <link source="agent_6" target="knowledge_3" value="0.5" />
                <link source="agent_6" target="knowledge_4" value="0.5" />
                <link source="agent_6" target="knowledge_5" value="0.5" />
                <link source="agent_6" target="knowledge_6" value="0.5" />
                <link source="agent_6" target="knowledge_7" value="0.5" />
                <link source="agent_6" target="knowledge_8" value="0.5" />
                <link source="agent_6" target="knowledge_9" value="0.5" />
                <link source="agent_6" target="knowledge_10" value="0.5" />
                <link source="agent_6" target="knowledge_11" value="0.5" />
                <link source="agent_6" target="knowledge_12" value="0.5" />
                <link source="agent_6" target="knowledge_13" value="0.497988" />
                <link source="agent_6" target="knowledge_14" value="0.5" />
                <link source="agent_6" target="knowledge_15" value="0.5" />
                <link source="agent_6" target="knowledge_16" value="0.5" />
                <link source="agent_6" target="knowledge_17" value="0.5" />
                <link source="agent_6" target="knowledge_18" value="0.5" />
                <link source="agent_6" target="knowledge_19" value="0.5" />
                <link source="agent_7" target="knowledge_0" value="0.5" />
                <link source="agent_7" target="knowledge_1" value="0.398752" />
                <link source="agent_7" target="knowledge_2" value="0.471578" />
                <link source="agent_7" target="knowledge_3" value="0.5" />
                <link source="agent_7" target="knowledge_4" value="0.5" />
                <link source="agent_7" target="knowledge_5" value="0.5" />
                <link source="agent_7" target="knowledge_6" value="0.5" />
                <link source="agent_7" target="knowledge_7" value="0.5" />
                <link source="agent_7" target="knowledge_8" value="0.5" />
                <link source="agent_7" target="knowledge_9" value="0.5" />
                <link source="agent_7" target="knowledge_10" value="0.5" />
                <link source="agent_7" target="knowledge_11" value="0.5" />
                <link source="agent_7" target="knowledge_12" value="0.5" />
                <link source="agent_7" target="knowledge_13" value="0.5" />
                <link source="agent_7" target="knowledge_14" value="0.461718" />
                <link source="agent_7" target="knowledge_15" value="0.5" />
                <link source="agent_7" target="knowledge_16" value="0.5" />
                <link source="agent_7" target="knowledge_17" value="0.5" />
                <link source="agent_7" target="knowledge_18" value="0.5" />
                <link source="agent_7" target="knowledge_19" value="0.5" />
                <link source="agent_8" target="knowledge_0" value="0.5" />
                <link source="agent_8" target="knowledge_1" value="0.357984" />
                <link source="agent_8" target="knowledge_2" value="0.5" />
                <link source="agent_8" target="knowledge_3" value="0.5" />
                <link source="agent_8" target="knowledge_4" value="0.5" />
                <link source="agent_8" target="knowledge_5" value="0.5" />
                <link source="agent_8" target="knowledge_6" value="0.5" />
                <link source="agent_8" target="knowledge_7" value="0.5" />
                <link source="agent_8" target="knowledge_8" value="0.5" />
                <link source="agent_8" target="knowledge_9" value="0.5" />
                <link source="agent_8" target="knowledge_10" value="0.5" />
                <link source="agent_8" target="knowledge_11" value="0.440521" />
                <link source="agent_8" target="knowledge_12" value="0.5" />
                <link source="agent_8" target="knowledge_13" value="0.5" />
                <link source="agent_8" target="knowledge_14" value="0.442524" />
                <link source="agent_8" target="knowledge_15" value="0.5" />
                <link source="agent_8" target="knowledge_16" value="0.5" />
                <link source="agent_8" target="knowledge_17" value="0.5" />
                <link source="agent_8" target="knowledge_18" value="0.5" />
                <link source="agent_8" target="knowledge_19" value="0.5" />
                <link source="agent_9" target="knowledge_0" value="0.5" />
                <link source="agent_9" target="knowledge_1" value="0.5" />
                <link source="agent_9" target="knowledge_2" value="0.5" />
                <link source="agent_9" target="knowledge_3" value="0.5" />
                <link source="agent_9" target="knowledge_4" value="0.5" />
                <link source="agent_9" target="knowledge_5" value="0.5" />
                <link source="agent_9" target="knowledge_6" value="0.509847" />
                <link source="agent_9" target="knowledge_7" value="0.476447" />
                <link source="agent_9" target="knowledge_8" value="0.5" />
                <link source="agent_9" target="knowledge_9" value="0.5" />
                <link source="agent_9" target="knowledge_10" value="0.5" />
                <link source="agent_9" target="knowledge_11" value="0.429891" />
                <link source="agent_9" target="knowledge_12" value="0.5" />
                <link source="agent_9" target="knowledge_13" value="0.5" />
                <link source="agent_9" target="knowledge_14" value="0.5" />
                <link source="agent_9" target="knowledge_15" value="0.5" />
                <link source="agent_9" target="knowledge_16" value="0.5" />
                <link source="agent_9" target="knowledge_17" value="0.5" />
                <link source="agent_9" target="knowledge_18" value="0.5" />
                <link source="agent_9" target="knowledge_19" value="0.5" />
                <link source="agent_10" target="knowledge_0" value="0.5" />
                <link source="agent_10" target="knowledge_1" value="0.5" />
                <link source="agent_10" target="knowledge_2" value="0.5" />
                <link source="agent_10" target="knowledge_3" value="0.5" />
                <link source="agent_10" target="knowledge_4" value="0.5" />
                <link source="agent_10" target="knowledge_5" value="0.5" />
                <link source="agent_10" target="knowledge_6" value="0.5" />
                <link source="agent_10" target="knowledge_7" value="0.473134" />
                <link source="agent_10" target="knowledge_8" value="0.5" />
                <link source="agent_10" target="knowledge_9" value="0.5" />
                <link source="agent_10" target="knowledge_10" value="0.5" />
                <link source="agent_10" target="knowledge_11" value="0.5" />
                <link source="agent_10" target="knowledge_12" value="0.5" />
                <link source="agent_10" target="knowledge_13" value="0.498883" />
                <link source="agent_10" target="knowledge_14" value="0.5" />
                <link source="agent_10" target="knowledge_15" value="0.5" />
                <link source="agent_10" target="knowledge_16" value="0.5" />
                <link source="agent_10" target="knowledge_17" value="0.5" />
                <link source="agent_10" target="knowledge_18" value="0.5" />
                <link source="agent_10" target="knowledge_19" value="0.5" />
                <link source="agent_11" target="knowledge_0" value="0.5" />
                <link source="agent_11" target="knowledge_1" value="0.5" />
                <link source="agent_11" target="knowledge_2" value="0.5" />
                <link source="agent_11" target="knowledge_3" value="0.5" />
                <link source="agent_11" target="knowledge_4" value="0.5" />
                <link source="agent_11" target="knowledge_5" value="0.5" />
                <link source="agent_11" target="knowledge_6" value="0.5" />
                <link source="agent_11" target="knowledge_7" value="0.5" />
                <link source="agent_11" target="knowledge_8" value="0.5" />
                <link source="agent_11" target="knowledge_9" value="0.5" />
                <link source="agent_11" target="knowledge_10" value="0.5" />
                <link source="agent_11" target="knowledge_11" value="0.429634" />
                <link source="agent_11" target="knowledge_12" value="0.5" />
                <link source="agent_11" target="knowledge_13" value="0.5" />
                <link source="agent_11" target="knowledge_14" value="0.5" />
                <link source="agent_11" target="knowledge_15" value="0.5" />
                <link source="agent_11" target="knowledge_16" value="0.5" />
                <link source="agent_11" target="knowledge_17" value="0.465051" />
                <link source="agent_11" target="knowledge_18" value="0.5" />
                <link source="agent_11" target="knowledge_19" value="0.5" />
                <link source="agent_12" target="knowledge_0" value="0.5" />
                <link source="agent_12" target="knowledge_1" value="0.5" />
                <link source="agent_12" target="knowledge_2" value="0.5" />
                <link source="agent_12" target="knowledge_3" value="0.5" />
                <link source="agent_12" target="knowledge_4" value="0.5" />
                <link source="agent_12" target="knowledge_5" value="0.5" />
                <link source="agent_12" target="knowledge_6" value="0.5" />
                <link source="agent_12" target="knowledge_7" value="0.5" />
                <link source="agent_12" target="knowledge_8" value="0.5" />
                <link source="agent_12" target="knowledge_9" value="0.5" />
                <link source="agent_12" target="knowledge_10" value="0.507239" />
                <link source="agent_12" target="knowledge_11" value="0.409777" />
                <link source="agent_12" target="knowledge_12" value="0.5" />
                <link source="agent_12" target="knowledge_13" value="0.513664" />
                <link source="agent_12" target="knowledge_14" value="0.5" />
                <link source="agent_12" target="knowledge_15" value="0.5" />
                <link source="agent_12" target="knowledge_16" value="0.5" />
                <link source="agent_12" target="knowledge_17" value="0.5" />
                <link source="agent_12" target="knowledge_18" value="0.436139" />
                <link source="agent_12" target="knowledge_19" value="0.473611" />
                <link source="agent_13" target="knowledge_0" value="0.5" />
                <link source="agent_13" target="knowledge_1" value="0.5" />
                <link source="agent_13" target="knowledge_2" value="0.5" />
                <link source="agent_13" target="knowledge_3" value="0.5" />
                <link source="agent_13" target="knowledge_4" value="0.5" />
                <link source="agent_13" target="knowledge_5" value="0.5" />
                <link source="agent_13" target="knowledge_6" value="0.5" />
                <link source="agent_13" target="knowledge_7" value="0.5" />
                <link source="agent_13" target="knowledge_8" value="0.477273" />
                <link source="agent_13" target="knowledge_9" value="0.5" />
                <link source="agent_13" target="knowledge_10" value="0.5" />
                <link source="agent_13" target="knowledge_11" value="0.5" />
                <link source="agent_13" target="knowledge_12" value="0.5" />
                <link source="agent_13" target="knowledge_13" value="0.52389" />
                <link source="agent_13" target="knowledge_14" value="0.5" />
                <link source="agent_13" target="knowledge_15" value="0.5" />
                <link source="agent_13" target="knowledge_16" value="0.5" />
                <link source="agent_13" target="knowledge_17" value="0.5" />
                <link source="agent_13" target="knowledge_18" value="0.5" />
                <link source="agent_13" target="knowledge_19" value="0.5" />
                <link source="agent_14" target="knowledge_0" value="0.5" />
                <link source="agent_14" target="knowledge_1" value="0.5" />
                <link source="agent_14" target="knowledge_2" value="0.5" />
                <link source="agent_14" target="knowledge_3" value="0.5" />
                <link source="agent_14" target="knowledge_4" value="0.5" />
                <link source="agent_14" target="knowledge_5" value="0.5" />
                <link source="agent_14" target="knowledge_6" value="0.5" />
                <link source="agent_14" target="knowledge_7" value="0.5" />
                <link source="agent_14" target="knowledge_8" value="0.5" />
                <link source="agent_14" target="knowledge_9" value="0.5" />
                <link source="agent_14" target="knowledge_10" value="0.5" />
                <link source="agent_14" target="knowledge_11" value="0.5" />
                <link source="agent_14" target="knowledge_12" value="0.5" />
                <link source="agent_14" target="knowledge_13" value="0.5" />
                <link source="agent_14" target="knowledge_14" value="0.457649" />
                <link source="agent_14" target="knowledge_15" value="0.5" />
                <link source="agent_14" target="knowledge_16" value="0.5" />
                <link source="agent_14" target="knowledge_17" value="0.5" />
                <link source="agent_14" target="knowledge_18" value="0.5" />
                <link source="agent_14" target="knowledge_19" value="0.5" />
                <link source="agent_15" target="knowledge_0" value="0.452692" />
                <link source="agent_15" target="knowledge_1" value="0.5" />
                <link source="agent_15" target="knowledge_2" value="0.5" />
                <link source="agent_15" target="knowledge_3" value="0.5" />
                <link source="agent_15" target="knowledge_4" value="0.5" />
                <link source="agent_15" target="knowledge_5" value="0.5" />
                <link source="agent_15" target="knowledge_6" value="0.5" />
                <link source="agent_15" target="knowledge_7" value="0.5" />
                <link source="agent_15" target="knowledge_8" value="0.5" />
                <link source="agent_15" target="knowledge_9" value="0.5" />
                <link source="agent_15" target="knowledge_10" value="0.5" />
                <link source="agent_15" target="knowledge_11" value="0.5" />
                <link source="agent_15" target="knowledge_12" value="0.5" />
                <link source="agent_15" target="knowledge_13" value="0.5" />
                <link source="agent_15" target="knowledge_14" value="0.5" />
                <link source="agent_15" target="knowledge_15" value="0.5" />
                <link source="agent_15" target="knowledge_16" value="0.5" />
                <link source="agent_15" target="knowledge_17" value="0.5" />
                <link source="agent_15" target="knowledge_18" value="0.5" />
                <link source="agent_15" target="knowledge_19" value="0.5" />
                <link source="agent_16" target="knowledge_0" value="0.5" />
                <link source="agent_16" target="knowledge_1" value="0.5" />
                <link source="agent_16" target="knowledge_2" value="0.5" />
                <link source="agent_16" target="knowledge_3" value="0.5" />
                <link source="agent_16" target="knowledge_4" value="0.49712" />
                <link source="agent_16" target="knowledge_5" value="0.5" />
                <link source="agent_16" target="knowledge_6" value="0.5" />
                <link source="agent_16" target="knowledge_7" value="0.5" />
                <link source="agent_16" target="knowledge_8" value="0.5" />
                <link source="agent_16" target="knowledge_9" value="0.5" />
                <link source="agent_16" target="knowledge_10" value="0.5" />
                <link source="agent_16" target="knowledge_11" value="0.5" />
                <link source="agent_16" target="knowledge_12" value="0.5" />
                <link source="agent_16" target="knowledge_13" value="0.508564" />
                <link source="agent_16" target="knowledge_14" value="0.5" />
                <link source="agent_16" target="knowledge_15" value="0.5" />
                <link source="agent_16" target="knowledge_16" value="0.5" />
                <link source="agent_16" target="knowledge_17" value="0.5" />
                <link source="agent_16" target="knowledge_18" value="0.5" />
                <link source="agent_16" target="knowledge_19" value="0.5" />
                <link source="agent_17" target="knowledge_0" value="0.5" />
                <link source="agent_17" target="knowledge_1" value="0.5" />
                <link source="agent_17" target="knowledge_2" value="0.5" />
                <link source="agent_17" target="knowledge_3" value="0.5" />
                <link source="agent_17" target="knowledge_4" value="0.499153" />
                <link source="agent_17" target="knowledge_5" value="0.5" />
                <link source="agent_17" target="knowledge_6" value="0.5" />
                <link source="agent_17" target="knowledge_7" value="0.473812" />
                <link source="agent_17" target="knowledge_8" value="0.471338" />
                <link source="agent_17" target="knowledge_9" value="0.5" />
                <link source="agent_17" target="knowledge_10" value="0.5" />
                <link source="agent_17" target="knowledge_11" value="0.5" />
                <link source="agent_17" target="knowledge_12" value="0.5" />
                <link source="agent_17" target="knowledge_13" value="0.5" />
                <link source="agent_17" target="knowledge_14" value="0.5" />
                <link source="agent_17" target="knowledge_15" value="0.5" />
                <link source="agent_17" target="knowledge_16" value="0.5" />
                <link source="agent_17" target="knowledge_17" value="0.5" />
                <link source="agent_17" target="knowledge_18" value="0.5" />
                <link source="agent_17" target="knowledge_19" value="0.5" />
                <link source="agent_18" target="knowledge_0" value="0.5" />
                <link source="agent_18" target="knowledge_1" value="0.5" />
                <link source="agent_18" target="knowledge_2" value="0.5" />
                <link source="agent_18" target="knowledge_3" value="0.5" />
                <link source="agent_18" target="knowledge_4" value="0.5" />
                <link source="agent_18" target="knowledge_5" value="0.5" />
                <link source="agent_18" target="knowledge_6" value="0.5" />
                <link source="agent_18" target="knowledge_7" value="0.5" />
                <link source="agent_18" target="knowledge_8" value="0.5" />
                <link source="agent_18" target="knowledge_9" value="0.5" />
                <link source="agent_18" target="knowledge_10" value="0.5" />
                <link source="agent_18" target="knowledge_11" value="0.5" />
                <link source="agent_18" target="knowledge_12" value="0.5" />
                <link source="agent_18" target="knowledge_13" value="0.5" />
                <link source="agent_18" target="knowledge_14" value="0.5" />
                <link source="agent_18" target="knowledge_15" value="0.5" />
                <link source="agent_18" target="knowledge_16" value="0.424849" />
                <link source="agent_18" target="knowledge_17" value="0.5" />
                <link source="agent_18" target="knowledge_18" value="0.5" />
                <link source="agent_18" target="knowledge_19" value="0.5" />
                <link source="agent_19" target="knowledge_0" value="0.5" />
                <link source="agent_19" target="knowledge_1" value="0.5" />
                <link source="agent_19" target="knowledge_2" value="0.5" />
                <link source="agent_19" target="knowledge_3" value="0.5" />
                <link source="agent_19" target="knowledge_4" value="0.5" />
                <link source="agent_19" target="knowledge_5" value="0.5" />
                <link source="agent_19" target="knowledge_6" value="0.5" />
                <link source="agent_19" target="knowledge_7" value="0.5" />
                <link source="agent_19" target="knowledge_8" value="0.5" />
                <link source="agent_19" target="knowledge_9" value="0.5" />
                <link source="agent_19" target="knowledge_10" value="0.563159" />
                <link source="agent_19" target="knowledge_11" value="0.5" />
                <link source="agent_19" target="knowledge_12" value="0.5" />
                <link source="agent_19" target="knowledge_13" value="0.5" />
                <link source="agent_19" target="knowledge_14" value="0.5" />
                <link source="agent_19" target="knowledge_15" value="0.5" />
                <link source="agent_19" target="knowledge_16" value="0.443053" />
                <link source="agent_19" target="knowledge_17" value="0.464138" />
                <link source="agent_19" target="knowledge_18" value="0.438551" />
                <link source="agent_19" target="knowledge_19" value="0.473684" />
                <link source="agent_20" target="knowledge_0" value="0.5" />
                <link source="agent_20" target="knowledge_1" value="0.5" />
                <link source="agent_20" target="knowledge_2" value="0.5" />
                <link source="agent_20" target="knowledge_3" value="0.475" />
                <link source="agent_20" target="knowledge_4" value="0.5" />
                <link source="agent_20" target="knowledge_5" value="0.5" />
                <link source="agent_20" target="knowledge_6" value="0.5" />
                <link source="agent_20" target="knowledge_7" value="0.5" />
                <link source="agent_20" target="knowledge_8" value="0.5" />
                <link source="agent_20" target="knowledge_9" value="0.5" />
                <link source="agent_20" target="knowledge_10" value="0.5" />
                <link source="agent_20" target="knowledge_11" value="0.5" />
                <link source="agent_20" target="knowledge_12" value="0.5" />
                <link source="agent_20" target="knowledge_13" value="0.500075" />
                <link source="agent_20" target="knowledge_14" value="0.5" />
                <link source="agent_20" target="knowledge_15" value="0.5" />
                <link source="agent_20" target="knowledge_16" value="0.5" />
                <link source="agent_20" target="knowledge_17" value="0.5" />
                <link source="agent_20" target="knowledge_18" value="0.5" />
                <link source="agent_20" target="knowledge_19" value="0.5" />
                <link source="agent_21" target="knowledge_0" value="0.5" />
                <link source="agent_21" target="knowledge_1" value="0.348751" />
                <link source="agent_21" target="knowledge_2" value="0.5" />
                <link source="agent_21" target="knowledge_3" value="0.5" />
                <link source="agent_21" target="knowledge_4" value="0.5" />
                <link source="agent_21" target="knowledge_5" value="0.5" />
                <link source="agent_21" target="knowledge_6" value="0.5" />
                <link source="agent_21" target="knowledge_7" value="0.5" />
                <link source="agent_21" target="knowledge_8" value="0.5" />
                <link source="agent_21" target="knowledge_9" value="0.5" />
                <link source="agent_21" target="knowledge_10" value="0.5" />
                <link source="agent_21" target="knowledge_11" value="0.5" />
                <link source="agent_21" target="knowledge_12" value="0.5" />
                <link source="agent_21" target="knowledge_13" value="0.5" />
                <link source="agent_21" target="knowledge_14" value="0.5" />
                <link source="agent_21" target="knowledge_15" value="0.5" />
                <link source="agent_21" target="knowledge_16" value="0.5" />
                <link source="agent_21" target="knowledge_17" value="0.5" />
                <link source="agent_21" target="knowledge_18" value="0.422588" />
                <link source="agent_21" target="knowledge_19" value="0.5" />
                <link source="agent_22" target="knowledge_0" value="0.463308" />
                <link source="agent_22" target="knowledge_1" value="0.5" />
                <link source="agent_22" target="knowledge_2" value="0.5" />
                <link source="agent_22" target="knowledge_3" value="0.5" />
                <link source="agent_22" target="knowledge_4" value="0.487991" />
                <link source="agent_22" target="knowledge_5" value="0.44322" />
                <link source="agent_22" target="knowledge_6" value="0.5" />
                <link source="agent_22" target="knowledge_7" value="0.5" />
                <link source="agent_22" target="knowledge_8" value="0.5" />
                <link source="agent_22" target="knowledge_9" value="0.5" />
                <link source="agent_22" target="knowledge_10" value="0.5" />
                <link source="agent_22" target="knowledge_11" value="0.5" />
                <link source="agent_22" target="knowledge_12" value="0.478261" />
                <link source="agent_22" target="knowledge_13" value="0.5" />
                <link source="agent_22" target="knowledge_14" value="0.5" />
                <link source="agent_22" target="knowledge_15" value="0.477273" />
                <link source="agent_22" target="knowledge_16" value="0.5" />
                <link source="agent_22" target="knowledge_17" value="0.498268" />
                <link source="agent_22" target="knowledge_18" value="0.5" />
                <link source="agent_22" target="knowledge_19" value="0.5" />
                <link source="agent_23" target="knowledge_0" value="0.5" />
                <link source="agent_23" target="knowledge_1" value="0.5" />
                <link source="agent_23" target="knowledge_2" value="0.5" />
                <link source="agent_23" target="knowledge_3" value="0.5" />
                <link source="agent_23" target="knowledge_4" value="0.5" />
                <link source="agent_23" target="knowledge_5" value="0.5" />
                <link source="agent_23" target="knowledge_6" value="0.484111" />
                <link source="agent_23" target="knowledge_7" value="0.5" />
                <link source="agent_23" target="knowledge_8" value="0.5" />
                <link source="agent_23" target="knowledge_9" value="0.5" />
                <link source="agent_23" target="knowledge_10" value="0.444444" />
                <link source="agent_23" target="knowledge_11" value="0.43809" />
                <link source="agent_23" target="knowledge_12" value="0.5" />
                <link source="agent_23" target="knowledge_13" value="0.5" />
                <link source="agent_23" target="knowledge_14" value="0.477625" />
                <link source="agent_23" target="knowledge_15" value="0.5" />
                <link source="agent_23" target="knowledge_16" value="0.5" />
                <link source="agent_23" target="knowledge_17" value="0.5" />
                <link source="agent_23" target="knowledge_18" value="0.5" />
                <link source="agent_23" target="knowledge_19" value="0.5" />
                <link source="agent_24" target="knowledge_0" value="0.5" />
                <link source="agent_24" target="knowledge_1" value="0.38151" />
                <link source="agent_24" target="knowledge_2" value="0.5" />
                <link source="agent_24" target="knowledge_3" value="0.5" />
                <link source="agent_24" target="knowledge_4" value="0.5" />
                <link source="agent_24" target="knowledge_5" value="0.5" />
                <link source="agent_24" target="knowledge_6" value="0.5" />
                <link source="agent_24" target="knowledge_7" value="0.5" />
                <link source="agent_24" target="knowledge_8" value="0.5" />
                <link source="agent_24" target="knowledge_9" value="0.5" />
                <link source="agent_24" target="knowledge_10" value="0.5" />
                <link source="agent_24" target="knowledge_11" value="0.5" />
                <link source="agent_24" target="knowledge_12" value="0.5" />
                <link source="agent_24" target="knowledge_13" value="0.5" />
                <link source="agent_24" target="knowledge_14" value="0.5" />
                <link source="agent_24" target="knowledge_15" value="0.5" />
                <link source="agent_24" target="knowledge_16" value="0.5" />
                <link source="agent_24" target="knowledge_17" value="0.5" />
                <link source="agent_24" target="knowledge_18" value="0.5" />
                <link source="agent_24" target="knowledge_19" value="0.5" />
            </network>
            <network sourceType="agent" source="agent" targetType="agent" target="agent"
                id="twitter follower network" isDirected="true" allowSelfLoops="true"
                isBinary="true" dynetmlUndirectedCompressed="false">
                <link source="agent_0" target="agent_9" />
                <link source="agent_0" target="agent_12" />
                <link source="agent_0" target="agent_14" />
                <link source="agent_1" target="agent_2" />
                <link source="agent_1" target="agent_3" />
                <link source="agent_1" target="agent_6" />
                <link source="agent_1" target="agent_9" />
                <link source="agent_1" target="agent_10" />
                <link source="agent_1" target="agent_12" />
                <link source="agent_1" target="agent_14" />
                <link source="agent_1" target="agent_20" />
                <link source="agent_1" target="agent_23" />
                <link source="agent_1" target="agent_24" />
                <link source="agent_2" target="agent_0" />
                <link source="agent_2" target="agent_2" />
                <link source="agent_2" target="agent_3" />
                <link source="agent_2" target="agent_4" />
                <link source="agent_2" target="agent_11" />
                <link source="agent_2" target="agent_14" />
                <link source="agent_2" target="agent_22" />
                <link source="agent_2" target="agent_24" />
                <link source="agent_3" target="agent_17" />
                <link source="agent_3" target="agent_18" />
                <link source="agent_3" target="agent_22" />
                <link source="agent_3" target="agent_23" />
                <link source="agent_4" target="agent_3" />
                <link source="agent_4" target="agent_6" />
                <link source="agent_4" target="agent_10" />
                <link source="agent_4" target="agent_19" />
                <link source="agent_4" target="agent_22" />
                <link source="agent_5" target="agent_0" />
                <link source="agent_5" target="agent_4" />
                <link source="agent_5" target="agent_11" />
                <link source="agent_5" target="agent_14" />
                <link source="agent_5" target="agent_24" />
                <link source="agent_6" target="agent_12" />
                <link source="agent_6" target="agent_13" />
                <link source="agent_6" target="agent_18" />
                <link source="agent_7" target="agent_2" />
                <link source="agent_7" target="agent_5" />
                <link source="agent_7" target="agent_7" />
                <link source="agent_7" target="agent_11" />
                <link source="agent_7" target="agent_14" />
                <link source="agent_7" target="agent_16" />
                <link source="agent_7" target="agent_17" />
                <link source="agent_7" target="agent_24" />
                <link source="agent_8" target="agent_0" />
                <link source="agent_8" target="agent_2" />
                <link source="agent_8" target="agent_6" />
                <link source="agent_8" target="agent_12" />
                <link source="agent_8" target="agent_13" />
                <link source="agent_8" target="agent_16" />
                <link source="agent_8" target="agent_23" />
                <link source="agent_9" target="agent_5" />
                <link source="agent_9" target="agent_14" />
                <link source="agent_9" target="agent_19" />
                <link source="agent_9" target="agent_21" />
                <link source="agent_9" target="agent_23" />
                <link source="agent_10" target="agent_1" />
                <link source="agent_10" target="agent_4" />
                <link source="agent_10" target="agent_11" />
                <link source="agent_11" target="agent_0" />
                <link source="agent_11" target="agent_3" />
                <link source="agent_11" target="agent_15" />
                <link source="agent_12" target="agent_9" />
                <link source="agent_12" target="agent_14" />
                <link source="agent_12" target="agent_16" />
                <link source="agent_13" target="agent_2" />
                <link source="agent_13" target="agent_3" />
                <link source="agent_13" target="agent_4" />
                <link source="agent_13" target="agent_9" />
                <link source="agent_13" target="agent_10" />
                <link source="agent_13" target="agent_12" />
                <link source="agent_13" target="agent_14" />
                <link source="agent_13" target="agent_18" />
                <link source="agent_13" target="agent_19" />
                <link source="agent_14" target="agent_0" />
                <link source="agent_14" target="agent_7" />
                <link source="agent_14" target="agent_13" />
                <link source="agent_14" target="agent_16" />
                <link source="agent_14" target="agent_17" />
                <link source="agent_14" target="agent_21" />
                <link source="agent_15" target="agent_5" />
                <link source="agent_15" target="agent_15" />
                <link source="agent_16" target="agent_2" />
                <link source="agent_16" target="agent_10" />
                <link source="agent_16" target="agent_11" />
                <link source="agent_16" target="agent_12" />
                <link source="agent_16" target="agent_22" />
                <link source="agent_17" target="agent_3" />
                <link source="agent_17" target="agent_5" />
                <link source="agent_17" target="agent_14" />
                <link source="agent_17" target="agent_23" />
                <link source="agent_18" target="agent_10" />
                <link source="agent_18" target="agent_14" />
                <link source="agent_18" target="agent_21" />
                <link source="agent_18" target="agent_24" />
                <link source="agent_19" target="agent_0" />
                <link source="agent_19" target="agent_2" />
                <link source="agent_19" target="agent_3" />
                <link source="agent_19" target="agent_6" />
                <link source="agent_19" target="agent_7" />
                <link source="agent_19" target="agent_22" />
                <link source="agent_19" target="agent_23" />
                <link source="agent_20" target="agent_1" />
                <link source="agent_20" target="agent_2" />
                <link source="agent_20" target="agent_7" />
                <link source="agent_20" target="agent_13" />
                <link source="agent_21" target="agent_15" />
                <link source="agent_21" target="agent_17" />
                <link source="agent_21" target="agent_18" />
                <link source="agent_21" target="agent_21" />
                <link source="agent_22" target="agent_5" />
                <link source="agent_22" target="agent_8" />
                <link source="agent_22" target="agent_9" />
                <link source="agent_22" target="agent_21" />
                <link source="agent_23" target="agent_1" />
                <link source="agent_23" target="agent_4" />
                <link source="agent_23" target="agent_7" />
                <link source="agent_23" target="agent_12" />
                <link source="agent_23" target="agent_18" />
                <link source="agent_23" target="agent_21" />
                <link source="agent_24" target="agent_5" />
                <link source="agent_24" target="agent_9" />
                <link source="agent_24" target="agent_16" />
                <link source="agent_24" target="agent_19" />
            </network>
            <network sourceType="agent" source="agent" targetType="emotion" target="emotion"
                id="emotion network" isDirected="true" allowSelfLoops="true" isBinary="false"
                dynetmlUndirectedCompressed="false">
                <link source="agent_0" target="emotion_0" value="0.103144" />
                <link source="agent_0" target="emotion_1" value="0.103318" />
                <link source="agent_0" target="emotion_2" value="0.25004" />
                <link source="agent_0" target="emotion_3" value="0.20368" />
                <link source="agent_0" target="emotion_4" value="0.210606" />
                <link source="agent_0" target="emotion_5" value="0.118145" />
                <link source="agent_0" target="emotion_6" value="0.221558" />
                <link source="agent_0" target="emotion_7" value="0.203732" />
                <link source="agent_1" target="emotion_0" value="0.0770964" />
                <link source="agent_1" target="emotion_1" value="0.120251" />
                <link source="agent_1" target="emotion_2" value="0.0580775" />
                <link source="agent_1" target="emotion_3" value="0.240275" />
                <link source="agent_1" target="emotion_4" value="0.131021" />
                <link source="agent_1" target="emotion_5" value="0.193538" />
                <link source="agent_1" target="emotion_6" value="0.107399" />
                <link source="agent_1" target="emotion_7" value="0.122173" />
                <link source="agent_2" target="emotion_0" value="0.0718275" />
                <link source="agent_2" target="emotion_1" value="0.169706" />
                <link source="agent_2" target="emotion_2" value="0.060483" />
                <link source="agent_2" target="emotion_3" value="0.0433413" />
                <link source="agent_2" target="emotion_4" value="0.191915" />
                <link source="agent_2" target="emotion_5" value="0.0669451" />
                <link source="agent_2" target="emotion_6" value="0.0692087" />
                <link source="agent_2" target="emotion_7" value="0.152152" />
                <link source="agent_3" target="emotion_0" value="0.217585" />
                <link source="agent_3" target="emotion_1" value="0.114232" />
                <link source="agent_3" target="emotion_2" value="0.164485" />
                <link source="agent_3" target="emotion_3" value="0.205725" />
                <link source="agent_3" target="emotion_4" value="0.135265" />
                <link source="agent_3" target="emotion_5" value="0.076348" />
                <link source="agent_3" target="emotion_6" value="0.0722453" />
                <link source="agent_3" target="emotion_7" value="0.0814566" />
                <link source="agent_4" target="emotion_0" value="0.0898952" />
                <link source="agent_4" target="emotion_1" value="0.218049" />
                <link source="agent_4" target="emotion_2" value="0.100361" />
                <link source="agent_4" target="emotion_3" value="0.135085" />
                <link source="agent_4" target="emotion_4" value="0.167511" />
                <link source="agent_4" target="emotion_5" value="0.214806" />
                <link source="agent_4" target="emotion_6" value="0.095523" />
                <link source="agent_4" target="emotion_7" value="0.0927624" />
                <link source="agent_5" target="emotion_0" value="0.0915382" />
                <link source="agent_5" target="emotion_1" value="0.243162" />
                <link source="agent_5" target="emotion_2" value="0.0935112" />
                <link source="agent_5" target="emotion_3" value="0.153822" />
                <link source="agent_5" target="emotion_4" value="0.0917896" />
                <link source="agent_5" target="emotion_5" value="0.192404" />
                <link source="agent_5" target="emotion_6" value="0.25666" />
                <link source="agent_5" target="emotion_7" value="0.121006" />
                <link source="agent_6" target="emotion_0" value="0.101978" />
                <link source="agent_6" target="emotion_1" value="0.0266804" />
                <link source="agent_6" target="emotion_2" value="0.0687083" />
                <link source="agent_6" target="emotion_3" value="0.205853" />
                <link source="agent_6" target="emotion_4" value="0.0650421" />
                <link source="agent_6" target="emotion_5" value="0.043756" />
                <link source="agent_6" target="emotion_6" value="0.03171" />
                <link source="agent_6" target="emotion_7" value="0.188109" />
                <link source="agent_7" target="emotion_0" value="0.196692" />
                <link source="agent_7" target="emotion_1" value="0.169913" />
                <link source="agent_7" target="emotion_2" value="0.160983" />
                <link source="agent_7" target="emotion_3" value="0.136847" />
                <link source="agent_7" target="emotion_4" value="0.136662" />
                <link source="agent_7" target="emotion_5" value="0.117813" />
                <link source="agent_7" target="emotion_6" value="0.0743683" />
                <link source="agent_7" target="emotion_7" value="0.10881" />
                <link source="agent_8" target="emotion_0" value="0.236578" />
                <link source="agent_8" target="emotion_1" value="0.101896" />
                <link source="agent_8" target="emotion_2" value="0.188017" />
                <link source="agent_8" target="emotion_3" value="0.166406" />
                <link source="agent_8" target="emotion_4" value="0.0367285" />
                <link source="agent_8" target="emotion_5" value="0.0705365" />
                <link source="agent_8" target="emotion_6" value="0.100534" />
                <link source="agent_8" target="emotion_7" value="0.221272" />
                <link source="agent_9" target="emotion_0" value="0.140943" />
                <link source="agent_9" target="emotion_1" value="0.216081" />
                <link source="agent_9" target="emotion_2" value="0.249326" />
                <link source="agent_9" target="emotion_3" value="0.0477774" />
                <link source="agent_9" target="emotion_4" value="0.104778" />
                <link source="agent_9" target="emotion_5" value="0.120429" />
                <link source="agent_9" target="emotion_6" value="0.199879" />
                <link source="agent_9" target="emotion_7" value="0.0828794" />
                <link source="agent_10" target="emotion_0" value="0.120676" />
                <link source="agent_10" target="emotion_1" value="0.143224" />
                <link source="agent_10" target="emotion_2" value="0.22676" />
                <link source="agent_10" target="emotion_3" value="0.221617" />
                <link source="agent_10" target="emotion_4" value="0.176575" />
                <link source="agent_10" target="emotion_5" value="0.276984" />
                <link source="agent_10" target="emotion_6" value="0.257095" />
                <link source="agent_10" target="emotion_7" value="0.156275" />
                <link source="agent_11" target="emotion_0" value="0.057585" />
                <link source="agent_11" target="emotion_1" value="0.151482" />
                <link source="agent_11" target="emotion_2" value="0.0451098" />
                <link source="agent_11" target="emotion_3" value="0.234611" />
                <link source="agent_11" target="emotion_4" value="0.115102" />
                <link source="agent_11" target="emotion_5" value="0.128444" />
                <link source="agent_11" target="emotion_6" value="0.0698066" />
                <link source="agent_11" target="emotion_7" value="0.153257" />
                <link source="agent_12" target="emotion_0" value="0.161421" />
                <link source="agent_12" target="emotion_1" value="0.13974" />
                <link source="agent_12" target="emotion_2" value="0.0533405" />
                <link source="agent_12" target="emotion_3" value="0.138134" />
                <link source="agent_12" target="emotion_4" value="0.0701043" />
                <link source="agent_12" target="emotion_5" value="0.0667093" />
                <link source="agent_12" target="emotion_6" value="0.227855" />
                <link source="agent_12" target="emotion_7" value="0.135579" />
                <link source="agent_13" target="emotion_0" value="0.247876" />
                <link source="agent_13" target="emotion_1" value="0.0728542" />
                <link source="agent_13" target="emotion_2" value="0.113215" />
                <link source="agent_13" target="emotion_3" value="0.191958" />
                <link source="agent_13" target="emotion_4" value="0.181164" />
                <link source="agent_13" target="emotion_5" value="0.141156" />
                <link source="agent_13" target="emotion_6" value="0.172699" />
                <link source="agent_13" target="emotion_7" value="0.157509" />
                <link source="agent_14" target="emotion_0" value="0.161912" />
                <link source="agent_14" target="emotion_1" value="0.203174" />
                <link source="agent_14" target="emotion_2" value="0.0491632" />
                <link source="agent_14" target="emotion_3" value="0.0523388" />
                <link source="agent_14" target="emotion_4" value="0.0693745" />
                <link source="agent_14" target="emotion_5" value="0.228094" />
                <link source="agent_14" target="emotion_6" value="0.146947" />
                <link source="agent_14" target="emotion_7" value="0.112863" />
                <link source="agent_15" target="emotion_0" value="0.187427" />
                <link source="agent_15" target="emotion_1" value="0.213553" />
                <link source="agent_15" target="emotion_2" value="0.235824" />
                <link source="agent_15" target="emotion_3" value="0.254231" />
                <link source="agent_15" target="emotion_4" value="0.169822" />
                <link source="agent_15" target="emotion_5" value="0.11865" />
                <link source="agent_15" target="emotion_6" value="0.203863" />
                <link source="agent_15" target="emotion_7" value="0.225694" />
                <link source="agent_16" target="emotion_0" value="0.0922212" />
                <link source="agent_16" target="emotion_1" value="0.125339" />
                <link source="agent_16" target="emotion_2" value="0.134021" />
                <link source="agent_16" target="emotion_3" value="0.225935" />
                <link source="agent_16" target="emotion_4" value="0.0656962" />
                <link source="agent_16" target="emotion_5" value="0.0358174" />
                <link source="agent_16" target="emotion_6" value="0.0850785" />
                <link source="agent_16" target="emotion_7" value="0.156465" />
                <link source="agent_17" target="emotion_0" value="0.211679" />
                <link source="agent_17" target="emotion_1" value="0.218337" />
                <link source="agent_17" target="emotion_2" value="0.201269" />
                <link source="agent_17" target="emotion_3" value="0.191396" />
                <link source="agent_17" target="emotion_4" value="0.140714" />
                <link source="agent_17" target="emotion_5" value="0.16651" />
                <link source="agent_17" target="emotion_6" value="0.138469" />
                <link source="agent_17" target="emotion_7" value="0.22615" />
                <link source="agent_18" target="emotion_0" value="0.205141" />
                <link source="agent_18" target="emotion_1" value="0.102967" />
                <link source="agent_18" target="emotion_2" value="0.223083" />
                <link source="agent_18" target="emotion_3" value="0.081633" />
                <link source="agent_18" target="emotion_4" value="0.234367" />
                <link source="agent_18" target="emotion_5" value="0.0711854" />
                <link source="agent_18" target="emotion_6" value="0.155802" />
                <link source="agent_18" target="emotion_7" value="0.100131" />
                <link source="agent_19" target="emotion_0" value="0.217483" />
                <link source="agent_19" target="emotion_1" value="0.213888" />
                <link source="agent_19" target="emotion_2" value="0.0892034" />
                <link source="agent_19" target="emotion_3" value="0.153531" />
                <link source="agent_19" target="emotion_4" value="0.182285" />
                <link source="agent_19" target="emotion_5" value="0.119779" />
                <link source="agent_19" target="emotion_6" value="0.156479" />
                <link source="agent_19" target="emotion_7" value="0.182936" />
                <link source="agent_20" target="emotion_0" value="0.232553" />
                <link source="agent_20" target="emotion_1" value="0.114933" />
                <link source="agent_20" target="emotion_2" value="0.129088" />
                <link source="agent_20" target="emotion_3" value="0.202604" />
                <link source="agent_20" target="emotion_4" value="0.0387927" />
                <link source="agent_20" target="emotion_5" value="0.0424809" />
                <link source="agent_20" target="emotion_6" value="0.089308" />
                <link source="agent_20" target="emotion_7" value="0.199214" />
                <link source="agent_21" target="emotion_0" value="0.0638395" />
                <link source="agent_21" target="emotion_1" value="0.186454" />
                <link source="agent_21" target="emotion_2" value="0.135451" />
                <link source="agent_21" target="emotion_3" value="0.246594" />
                <link source="agent_21" target="emotion_4" value="0.0553722" />
                <link source="agent_21" target="emotion_5" value="0.171012" />
                <link source="agent_21" target="emotion_6" value="0.113083" />
                <link source="agent_21" target="emotion_7" value="0.113778" />
                <link source="agent_22" target="emotion_0" value="0.170766" />
                <link source="agent_22" target="emotion_1" value="0.152503" />
                <link source="agent_22" target="emotion_2" value="0.145404" />
                <link source="agent_22" target="emotion_3" value="0.0656396" />
                <link source="agent_22" target="emotion_4" value="0.0529" />
                <link source="agent_22" target="emotion_5" value="0.110694" />
                <link source="agent_22" target="emotion_6" value="0.224966" />
                <link source="agent_22" target="emotion_7" value="0.225304" />
                <link source="agent_23" target="emotion_0" value="0.216213" />
                <link source="agent_23" target="emotion_1" value="0.11177" />
                <link source="agent_23" target="emotion_2" value="0.242552" />
                <link source="agent_23" target="emotion_3" value="0.113522" />
                <link source="agent_23" target="emotion_4" value="0.226342" />
                <link source="agent_23" target="emotion_5" value="0.224832" />
                <link source="agent_23" target="emotion_6" value="0.274638" />
                <link source="agent_23" target="emotion_7" value="0.176524" />
                <link source="agent_24" target="emotion_0" value="4.67389e-39" />
                <link source="agent_24" target="emotion_1" value="4.02194e-39" />
                <link source="agent_24" target="emotion_2" value="3.81074e-39" />
                <link source="agent_24" target="emotion_3" value="3.74821e-39" />
                <link source="agent_24" target="emotion_4" value="2.75627e-39" />
                <link source="agent_24" target="emotion_5" value="4.03177e-39" />
                <link source="agent_24" target="emotion_6" value="5.07467e-39" />
                <link source="agent_24" target="emotion_7" value="3.97941e-39" />
            </network>
        </networks>
    </MetaNetwork>
</DynamicMetaNetwork>