{
  "run_id": "run1",
  "platform_1": {
    "model name": "Toxic Model 1",
    "network name": "Network1",
    "interval time duration": "0.1",
    "maximum post inactivity": "24.0",
    "toxicity threshold": "0.05",
    "full ban": "true",
    "partial ban": "true",
    "warning": "true",
    "remove content": "false",
    "network ban threshold": "1",
    "network warning threshold": "1",
    "moderation miss probability": "0.1"
  },
  "platform_2": {
    "model name": "Toxic Model 2",
    "network name": "Network2",
    "interval time duration": "0.1",
    "maximum post inactivity": "24.0",
    "toxicity threshold": "0.05",
    "full ban": "false",
    "partial ban": "true",
    "warning": "true",
    "remove content": "false",
    "network ban threshold": "10",
    "network warning threshold": "1",
    "moderation miss probability": "0.3"
  },
  "platform_3": {
    "model name": "Toxic Model 3",
    "network name": "Network3",
    "interval time duration": "0.1",
    "maximum post inactivity": "24.0",
    "toxicity threshold": "0.4",
    "full ban": "false",
    "partial ban": "true",
    "warning": "true",
    "remove content": "false",
    "network ban threshold": "2",
    "network warning threshold": "1",
    "moderation miss probability": "0.6"
  }
}