<?xml version="1.0" encoding="utf-8"?>
<construct>
 <construct_parameters>
  <param name="verbose runtime" value="false"/>
  <param name="verbose initalization" value="false"/>
  <param name="seed" value="0"/>
 </construct_parameters>
 <nodesets>
  <nodeset name="time">
   <node name="time_0"/>
   <node name="time_1"/>
   <node name="time_2"/>
   <node name="time_3"/>
   <node name="time_4"/>
   <node name="time_5"/>
   <node name="time_6"/>
   <node name="time_7"/>
   <node name="time_8"/>
   <node name="time_9"/>
   <node name="time_10"/>
   <node name="time_11"/>
   <node name="time_12"/>
   <node name="time_13"/>
   <node name="time_14"/>
   <node name="time_15"/>
   <node name="time_16"/>
   <node name="time_17"/>
   <node name="time_18"/>
   <node name="time_19"/>
   <node name="time_20"/>
   <node name="time_21"/>
   <node name="time_22"/>
   <node name="time_23"/>
   <node name="time_24"/>
   <node name="time_25"/>
   <node name="time_26"/>
   <node name="time_27"/>
   <node name="time_28"/>
   <node name="time_29"/>
   <node name="time_30"/>
   <node name="time_31"/>
   <node name="time_32"/>
   <node name="time_33"/>
   <node name="time_34"/>
   <node name="time_35"/>
   <node name="time_36"/>
   <node name="time_37"/>
   <node name="time_38"/>
   <node name="time_39"/>
   <node name="time_40"/>
   <node name="time_41"/>
   <node name="time_42"/>
   <node name="time_43"/>
   <node name="time_44"/>
   <node name="time_45"/>
   <node name="time_46"/>
   <node name="time_47"/>
   <node name="time_48"/>
   <node name="time_49"/>
   <node name="time_50"/>
   <node name="time_51"/>
   <node name="time_52"/>
   <node name="time_53"/>
   <node name="time_54"/>
   <node name="time_55"/>
   <node name="time_56"/>
   <node name="time_57"/>
   <node name="time_58"/>
   <node name="time_59"/>
   <node name="time_60"/>
   <node name="time_61"/>
   <node name="time_62"/>
   <node name="time_63"/>
   <node name="time_64"/>
   <node name="time_65"/>
   <node name="time_66"/>
   <node name="time_67"/>
   <node name="time_68"/>
   <node name="time_69"/>
   <node name="time_70"/>
   <node name="time_71"/>
   <node name="time_72"/>
   <node name="time_73"/>
   <node name="time_74"/>
   <node name="time_75"/>
   <node name="time_76"/>
   <node name="time_77"/>
   <node name="time_78"/>
   <node name="time_79"/>
   <node name="time_80"/>
   <node name="time_81"/>
   <node name="time_82"/>
   <node name="time_83"/>
   <node name="time_84"/>
   <node name="time_85"/>
   <node name="time_86"/>
   <node name="time_87"/>
   <node name="time_88"/>
   <node name="time_89"/>
   <node name="time_90"/>
   <node name="time_91"/>
   <node name="time_92"/>
   <node name="time_93"/>
   <node name="time_94"/>
   <node name="time_95"/>
   <node name="time_96"/>
   <node name="time_97"/>
   <node name="time_98"/>
   <node name="time_99"/>
   <node name="time_100"/>
   <node name="time_101"/>
   <node name="time_102"/>
   <node name="time_103"/>
   <node name="time_104"/>
   <node name="time_105"/>
   <node name="time_106"/>
   <node name="time_107"/>
   <node name="time_108"/>
   <node name="time_109"/>
   <node name="time_110"/>
   <node name="time_111"/>
   <node name="time_112"/>
   <node name="time_113"/>
   <node name="time_114"/>
   <node name="time_115"/>
   <node name="time_116"/>
   <node name="time_117"/>
   <node name="time_118"/>
   <node name="time_119"/>
  </nodeset>
  <nodeset name="knowledge">
   <node name="knowledge_0"/>
  </nodeset>
  <nodeset name="emotion">
   <node name="sad"/>
   <node name="fear"/>
   <node name="disgust"/>
   <node name="anger"/>
   <node name="surprise"/>
   <node name="happiness"/>
  </nodeset>
  <nodeset name="agent">
   <node name="agent_0">
    <attribute name="can send knowledge" value="true"/>
    <attribute name="can receive knowledge" value="true"/>
    <attribute name="can send emotion" value="true"/>
    <attribute name="can receive emotion" value="true"/>
   </node>
   <node name="agent_1">
    <attribute name="can send knowledge" value="true"/>
    <attribute name="can receive knowledge" value="true"/>
    <attribute name="can send emotion" value="true"/>
    <attribute name="can receive emotion" value="true"/>
   </node>
   <node name="agent_2">
    <attribute name="can send knowledge" value="true"/>
    <attribute name="can receive knowledge" value="true"/>
    <attribute name="can send emotion" value="true"/>
    <attribute name="can receive emotion" value="true"/>
   </node>
   <node name="agent_3">
    <attribute name="can send knowledge" value="true"/>
    <attribute name="can receive knowledge" value="true"/>
    <attribute name="can send emotion" value="true"/>
    <attribute name="can receive emotion" value="true"/>
   </node>
   <node name="agent_4">
    <attribute name="can send knowledge" value="true"/>
    <attribute name="can receive knowledge" value="true"/>
    <attribute name="can send emotion" value="true"/>
    <attribute name="can receive emotion" value="true"/>
   </node>
   <node name="agent_5">
    <attribute name="can send knowledge" value="true"/>
    <attribute name="can receive knowledge" value="true"/>
    <attribute name="can send emotion" value="true"/>
    <attribute name="can receive emotion" value="true"/>
   </node>
   <node name="agent_6">
    <attribute name="can send knowledge" value="true"/>
    <attribute name="can receive knowledge" value="true"/>
    <attribute name="can send emotion" value="true"/>
    <attribute name="can receive emotion" value="true"/>
   </node>
   <node name="agent_7">
    <attribute name="can send knowledge" value="true"/>
    <attribute name="can receive knowledge" value="true"/>
    <attribute name="can send emotion" value="true"/>
    <attribute name="can receive emotion" value="true"/>
   </node>
   <node name="agent_8">
    <attribute name="can send knowledge" value="true"/>
    <attribute name="can receive knowledge" value="true"/>
    <attribute name="can send emotion" value="true"/>
    <attribute name="can receive emotion" value="true"/>
   </node>
   <node name="agent_9">
    <attribute name="can send knowledge" value="true"/>
    <attribute name="can receive knowledge" value="true"/>
    <attribute name="can send emotion" value="true"/>
    <attribute name="can receive emotion" value="true"/>
   </node>
   <node name="agent_10">
    <attribute name="can send knowledge" value="true"/>
    <attribute name="can receive knowledge" value="true"/>
    <attribute name="can send emotion" value="true"/>
    <attribute name="can receive emotion" value="true"/>
   </node>
   <node name="agent_11">
    <attribute name="can send knowledge" value="true"/>
    <attribute name="can receive knowledge" value="true"/>
    <attribute name="can send emotion" value="true"/>
    <attribute name="can receive emotion" value="true"/>
   </node>
   <node name="agent_12">
    <attribute name="can send knowledge" value="true"/>
    <attribute name="can receive knowledge" value="true"/>
    <attribute name="can send emotion" value="true"/>
    <attribute name="can receive emotion" value="true"/>
   </node>
   <node name="agent_13">
    <attribute name="can send knowledge" value="true"/>
    <attribute name="can receive knowledge" value="true"/>
    <attribute name="can send emotion" value="true"/>
    <attribute name="can receive emotion" value="true"/>
   </node>
   <node name="agent_14">
    <attribute name="can send knowledge" value="true"/>
    <attribute name="can receive knowledge" value="true"/>
    <attribute name="can send emotion" value="true"/>
    <attribute name="can receive emotion" value="true"/>
   </node>
   <node name="agent_15">
    <attribute name="can send knowledge" value="true"/>
    <attribute name="can receive knowledge" value="true"/>
    <attribute name="can send emotion" value="true"/>
    <attribute name="can receive emotion" value="true"/>
   </node>
   <node name="agent_16">
    <attribute name="can send knowledge" value="true"/>
    <attribute name="can receive knowledge" value="true"/>
    <attribute name="can send emotion" value="true"/>
    <attribute name="can receive emotion" value="true"/>
   </node>
   <node name="agent_17">
    <attribute name="can send knowledge" value="true"/>
    <attribute name="can receive knowledge" value="true"/>
    <attribute name="can send emotion" value="true"/>
    <attribute name="can receive emotion" value="true"/>
   </node>
   <node name="agent_18">
    <attribute name="can send knowledge" value="true"/>
    <attribute name="can receive knowledge" value="true"/>
    <attribute name="can send emotion" value="true"/>
    <attribute name="can receive emotion" value="true"/>
   </node>
   <node name="agent_19">
    <attribute name="can send knowledge" value="true"/>
    <attribute name="can receive knowledge" value="true"/>
    <attribute name="can send emotion" value="true"/>
    <attribute name="can receive emotion" value="true"/>
   </node>
  </nodeset>
  <nodeset name="activity">
   <node name="Twitter post density">
    <attribute name="emotional dependence" value="exponential"/>
   </node>
   <node name="Twitter read density"/>
   <node name="Twitter repost probability">
    <attribute name="emotional dependence" value="sigmoid"/>
   </node>
   <node name="Twitter reply probability">
    <attribute name="emotional dependence" value="sigmoid"/>
   </node>
   <node name="Twitter quote probability">
    <attribute name="emotional dependence" value="sigmoid"/>
   </node>
  </nodeset>
 </nodesets>
 <networks>
  <network default="true" edge_type="bool" name="knowledge network">
   <source nodeset="agent" representation="sparse"/>
   <target nodeset="knowledge" representation="sparse"/>
  </network>
  <network default="0" edge_type="float" name="emotion network">
   <source nodeset="agent" representation="dense"/>
   <target nodeset="emotion" representation="dense"/>
   <link src_index="0" trg_index="0" value="0.25292295332629855"/>
   <link src_index="0" trg_index="1" value="0.2378363824705617"/>
   <link src_index="0" trg_index="2" value="0.03140479215733308"/>
   <link src_index="0" trg_index="3" value="0.18065465898524077"/>
   <link src_index="0" trg_index="4" value="0.1849061984915881"/>
   <link src_index="0" trg_index="5" value="0.5998150613101407"/>
   <link src_index="1" trg_index="0" value="0.2708698488865148"/>
   <link src_index="1" trg_index="1" value="0.22186641231785842"/>
   <link src_index="1" trg_index="2" value="0.09420991605601009"/>
   <link src_index="1" trg_index="3" value="0.15698305667516185"/>
   <link src_index="1" trg_index="4" value="0.057806757658213886"/>
   <link src_index="1" trg_index="5" value="0.4486191402895466"/>
   <link src_index="2" trg_index="0" value="0.28635451898056596"/>
   <link src_index="2" trg_index="1" value="0.14358386930087988"/>
   <link src_index="2" trg_index="2" value="0.07788126425910342"/>
   <link src_index="2" trg_index="3" value="0.2138868579335529"/>
   <link src_index="2" trg_index="4" value="0.06132505757273288"/>
   <link src_index="2" trg_index="5" value="0.5509092779229238"/>
   <link src_index="3" trg_index="0" value="0.2562540472964704"/>
   <link src_index="3" trg_index="1" value="0.1595436258064936"/>
   <link src_index="3" trg_index="2" value="0.09045703452926027"/>
   <link src_index="3" trg_index="3" value="0.15460573480094875"/>
   <link src_index="3" trg_index="4" value="0.10917299637621901"/>
   <link src_index="3" trg_index="5" value="0.5647001394251225"/>
   <link src_index="4" trg_index="0" value="0.24103069763551477"/>
   <link src_index="4" trg_index="1" value="0.16587439650825545"/>
   <link src_index="4" trg_index="2" value="0.03505134302051578"/>
   <link src_index="4" trg_index="3" value="0.17324859967337541"/>
   <link src_index="4" trg_index="4" value="0.19292122567079859"/>
   <link src_index="4" trg_index="5" value="0.5551826497745178"/>
   <link src_index="5" trg_index="0" value="0.16165562137907544"/>
   <link src_index="5" trg_index="1" value="0.2959094657729543"/>
   <link src_index="5" trg_index="2" value="0.18506479099043416"/>
   <link src_index="5" trg_index="3" value="0.2943029599960838"/>
   <link src_index="5" trg_index="4" value="0.05369367195312032"/>
   <link src_index="5" trg_index="5" value="0.5904936296229908"/>
   <link src_index="6" trg_index="0" value="0.2602869620311442"/>
   <link src_index="6" trg_index="1" value="0.22017512344087048"/>
   <link src_index="6" trg_index="2" value="0.04358501263700185"/>
   <link src_index="6" trg_index="3" value="0.22298991029601511"/>
   <link src_index="6" trg_index="4" value="0.1137739855749722"/>
   <link src_index="6" trg_index="5" value="0.5585581885118213"/>
   <link src_index="7" trg_index="0" value="0.2667391701808582"/>
   <link src_index="7" trg_index="1" value="0.2810037325124308"/>
   <link src_index="7" trg_index="2" value="0.1231100639911525"/>
   <link src_index="7" trg_index="3" value="0.1857571524601278"/>
   <link src_index="7" trg_index="4" value="0.1523778959178778"/>
   <link src_index="7" trg_index="5" value="0.5908451924310774"/>
   <link src_index="8" trg_index="0" value="0.2974220632268889"/>
   <link src_index="8" trg_index="1" value="0.2393418788448669"/>
   <link src_index="8" trg_index="2" value="0.1516387681508247"/>
   <link src_index="8" trg_index="3" value="0.15807118131863138"/>
   <link src_index="8" trg_index="4" value="0.06120110984995424"/>
   <link src_index="8" trg_index="5" value="0.4009120695750353"/>
   <link src_index="9" trg_index="0" value="0.22764103316303166"/>
   <link src_index="9" trg_index="1" value="0.10940056331657853"/>
   <link src_index="9" trg_index="2" value="0.03629686855597278"/>
   <link src_index="9" trg_index="3" value="0.296673194242384"/>
   <link src_index="9" trg_index="4" value="0.1377809078204156"/>
   <link src_index="9" trg_index="5" value="0.577717318032388"/>
   <link src_index="10" trg_index="0" value="0.1570134767706035"/>
   <link src_index="10" trg_index="1" value="0.13527224874632976"/>
   <link src_index="10" trg_index="2" value="0.18870635936754498"/>
   <link src_index="10" trg_index="3" value="0.2728354517388551"/>
   <link src_index="10" trg_index="4" value="0.08209331497407264"/>
   <link src_index="10" trg_index="5" value="0.5206502125777965"/>
   <link src_index="11" trg_index="0" value="0.164173320834945"/>
   <link src_index="11" trg_index="1" value="0.27817120045005805"/>
   <link src_index="11" trg_index="2" value="0.1924924673253065"/>
   <link src_index="11" trg_index="3" value="0.157561763685713"/>
   <link src_index="11" trg_index="4" value="0.0659670772406805"/>
   <link src_index="11" trg_index="5" value="0.4790281106226794"/>
   <link src_index="12" trg_index="0" value="0.20474928222131103"/>
   <link src_index="12" trg_index="1" value="0.15287080961510685"/>
   <link src_index="12" trg_index="2" value="0.0682824294139881"/>
   <link src_index="12" trg_index="3" value="0.15892012805335487"/>
   <link src_index="12" trg_index="4" value="0.07874053071860786"/>
   <link src_index="12" trg_index="5" value="0.582047048323779"/>
   <link src_index="13" trg_index="0" value="0.15016259316951197"/>
   <link src_index="13" trg_index="1" value="0.10486670094028645"/>
   <link src_index="13" trg_index="2" value="0.08415236865890288"/>
   <link src_index="13" trg_index="3" value="0.17833693196587388"/>
   <link src_index="13" trg_index="4" value="0.12263947168663047"/>
   <link src_index="13" trg_index="5" value="0.5108664546756413"/>
   <link src_index="14" trg_index="0" value="0.12878337801061746"/>
   <link src_index="14" trg_index="1" value="0.2212104641146677"/>
   <link src_index="14" trg_index="2" value="0.0913522720542535"/>
   <link src_index="14" trg_index="3" value="0.2184257892066005"/>
   <link src_index="14" trg_index="4" value="0.15594107326757625"/>
   <link src_index="14" trg_index="5" value="0.4623132784265042"/>
   <link src_index="15" trg_index="0" value="0.22796057812915424"/>
   <link src_index="15" trg_index="1" value="0.11367023018897815"/>
   <link src_index="15" trg_index="2" value="0.19116591892219997"/>
   <link src_index="15" trg_index="3" value="0.1828089024726679"/>
   <link src_index="15" trg_index="4" value="0.1017628792342072"/>
   <link src_index="15" trg_index="5" value="0.5000713543026215"/>
   <link src_index="16" trg_index="0" value="0.12104590072645521"/>
   <link src_index="16" trg_index="1" value="0.21695263313520102"/>
   <link src_index="16" trg_index="2" value="0.17936494954306373"/>
   <link src_index="16" trg_index="3" value="0.20276787909969216"/>
   <link src_index="16" trg_index="4" value="0.10058473594552693"/>
   <link src_index="16" trg_index="5" value="0.5214821570687581"/>
   <link src_index="17" trg_index="0" value="0.10428702507095111"/>
   <link src_index="17" trg_index="1" value="0.29929316548818696"/>
   <link src_index="17" trg_index="2" value="0.19761168486337785"/>
   <link src_index="17" trg_index="3" value="0.16542450527335467"/>
   <link src_index="17" trg_index="4" value="0.1340264251997715"/>
   <link src_index="17" trg_index="5" value="0.4210693406443883"/>
   <link src_index="18" trg_index="0" value="0.24513982700555803"/>
   <link src_index="18" trg_index="1" value="0.1652592506292508"/>
   <link src_index="18" trg_index="2" value="0.13788006772817024"/>
   <link src_index="18" trg_index="3" value="0.27777870185625775"/>
   <link src_index="18" trg_index="4" value="0.15129989038620537"/>
   <link src_index="18" trg_index="5" value="0.593441712835167"/>
   <link src_index="19" trg_index="0" value="0.22341852727880315"/>
   <link src_index="19" trg_index="1" value="0.25641573731332457"/>
   <link src_index="19" trg_index="2" value="0.09529791396492134"/>
   <link src_index="19" trg_index="3" value="0.2840115666001892"/>
   <link src_index="19" trg_index="4" value="0.010021479158393465"/>
   <link src_index="19" trg_index="5" value="0.5637481666618248"/>
  </network>
  <network default="0" edge_type="float" name="emotion broadcast bias network">
   <source nodeset="agent" representation="dense"/>
   <target nodeset="emotion" representation="dense"/>
   <link src_index="0" trg_index="0" value="0.1"/>
   <link src_index="0" trg_index="1" value="0.1"/>
   <link src_index="0" trg_index="2" value="0.1"/>
   <link src_index="0" trg_index="3" value="0.1"/>
   <link src_index="0" trg_index="4" value="0.1"/>
   <link src_index="0" trg_index="5" value="0.1"/>
   <link src_index="1" trg_index="0" value="0.1"/>
   <link src_index="1" trg_index="1" value="0.1"/>
   <link src_index="1" trg_index="2" value="0.1"/>
   <link src_index="1" trg_index="3" value="0.1"/>
   <link src_index="1" trg_index="4" value="0.1"/>
   <link src_index="1" trg_index="5" value="0.1"/>
   <link src_index="2" trg_index="0" value="0.1"/>
   <link src_index="2" trg_index="1" value="0.1"/>
   <link src_index="2" trg_index="2" value="0.1"/>
   <link src_index="2" trg_index="3" value="0.1"/>
   <link src_index="2" trg_index="4" value="0.1"/>
   <link src_index="2" trg_index="5" value="0.1"/>
   <link src_index="3" trg_index="0" value="0.1"/>
   <link src_index="3" trg_index="1" value="0.1"/>
   <link src_index="3" trg_index="2" value="0.1"/>
   <link src_index="3" trg_index="3" value="0.1"/>
   <link src_index="3" trg_index="4" value="0.1"/>
   <link src_index="3" trg_index="5" value="0.1"/>
   <link src_index="4" trg_index="0" value="0.1"/>
   <link src_index="4" trg_index="1" value="0.1"/>
   <link src_index="4" trg_index="2" value="0.1"/>
   <link src_index="4" trg_index="3" value="0.1"/>
   <link src_index="4" trg_index="4" value="0.1"/>
   <link src_index="4" trg_index="5" value="0.1"/>
   <link src_index="5" trg_index="0" value="0.1"/>
   <link src_index="5" trg_index="1" value="0.1"/>
   <link src_index="5" trg_index="2" value="0.1"/>
   <link src_index="5" trg_index="3" value="0.1"/>
   <link src_index="5" trg_index="4" value="0.1"/>
   <link src_index="5" trg_index="5" value="0.1"/>
   <link src_index="6" trg_index="0" value="0.1"/>
   <link src_index="6" trg_index="1" value="0.1"/>
   <link src_index="6" trg_index="2" value="0.1"/>
   <link src_index="6" trg_index="3" value="0.1"/>
   <link src_index="6" trg_index="4" value="0.1"/>
   <link src_index="6" trg_index="5" value="0.1"/>
   <link src_index="7" trg_index="0" value="0.1"/>
   <link src_index="7" trg_index="1" value="0.1"/>
   <link src_index="7" trg_index="2" value="0.1"/>
   <link src_index="7" trg_index="3" value="0.1"/>
   <link src_index="7" trg_index="4" value="0.1"/>
   <link src_index="7" trg_index="5" value="0.1"/>
   <link src_index="8" trg_index="0" value="0.1"/>
   <link src_index="8" trg_index="1" value="0.1"/>
   <link src_index="8" trg_index="2" value="0.1"/>
   <link src_index="8" trg_index="3" value="0.1"/>
   <link src_index="8" trg_index="4" value="0.1"/>
   <link src_index="8" trg_index="5" value="0.1"/>
   <link src_index="9" trg_index="0" value="0.1"/>
   <link src_index="9" trg_index="1" value="0.1"/>
   <link src_index="9" trg_index="2" value="0.1"/>
   <link src_index="9" trg_index="3" value="0.1"/>
   <link src_index="9" trg_index="4" value="0.1"/>
   <link src_index="9" trg_index="5" value="0.1"/>
   <link src_index="10" trg_index="0" value="0.1"/>
   <link src_index="10" trg_index="1" value="0.1"/>
   <link src_index="10" trg_index="2" value="0.1"/>
   <link src_index="10" trg_index="3" value="0.1"/>
   <link src_index="10" trg_index="4" value="0.1"/>
   <link src_index="10" trg_index="5" value="0.1"/>
   <link src_index="11" trg_index="0" value="0.1"/>
   <link src_index="11" trg_index="1" value="0.1"/>
   <link src_index="11" trg_index="2" value="0.1"/>
   <link src_index="11" trg_index="3" value="0.1"/>
   <link src_index="11" trg_index="4" value="0.1"/>
   <link src_index="11" trg_index="5" value="0.1"/>
   <link src_index="12" trg_index="0" value="0.1"/>
   <link src_index="12" trg_index="1" value="0.1"/>
   <link src_index="12" trg_index="2" value="0.1"/>
   <link src_index="12" trg_index="3" value="0.1"/>
   <link src_index="12" trg_index="4" value="0.1"/>
   <link src_index="12" trg_index="5" value="0.1"/>
   <link src_index="13" trg_index="0" value="0.1"/>
   <link src_index="13" trg_index="1" value="0.1"/>
   <link src_index="13" trg_index="2" value="0.1"/>
   <link src_index="13" trg_index="3" value="0.1"/>
   <link src_index="13" trg_index="4" value="0.1"/>
   <link src_index="13" trg_index="5" value="0.1"/>
   <link src_index="14" trg_index="0" value="0.1"/>
   <link src_index="14" trg_index="1" value="0.1"/>
   <link src_index="14" trg_index="2" value="0.1"/>
   <link src_index="14" trg_index="3" value="0.1"/>
   <link src_index="14" trg_index="4" value="0.1"/>
   <link src_index="14" trg_index="5" value="0.1"/>
   <link src_index="15" trg_index="0" value="0.1"/>
   <link src_index="15" trg_index="1" value="0.1"/>
   <link src_index="15" trg_index="2" value="0.1"/>
   <link src_index="15" trg_index="3" value="0.1"/>
   <link src_index="15" trg_index="4" value="0.1"/>
   <link src_index="15" trg_index="5" value="0.1"/>
   <link src_index="16" trg_index="0" value="0.1"/>
   <link src_index="16" trg_index="1" value="0.1"/>
   <link src_index="16" trg_index="2" value="0.1"/>
   <link src_index="16" trg_index="3" value="0.1"/>
   <link src_index="16" trg_index="4" value="0.1"/>
   <link src_index="16" trg_index="5" value="0.1"/>
   <link src_index="17" trg_index="0" value="0.1"/>
   <link src_index="17" trg_index="1" value="0.1"/>
   <link src_index="17" trg_index="2" value="0.1"/>
   <link src_index="17" trg_index="3" value="0.1"/>
   <link src_index="17" trg_index="4" value="0.1"/>
   <link src_index="17" trg_index="5" value="0.1"/>
   <link src_index="18" trg_index="0" value="0.1"/>
   <link src_index="18" trg_index="1" value="0.1"/>
   <link src_index="18" trg_index="2" value="0.1"/>
   <link src_index="18" trg_index="3" value="0.1"/>
   <link src_index="18" trg_index="4" value="0.1"/>
   <link src_index="18" trg_index="5" value="0.1"/>
   <link src_index="19" trg_index="0" value="0.1"/>
   <link src_index="19" trg_index="1" value="0.1"/>
   <link src_index="19" trg_index="2" value="0.1"/>
   <link src_index="19" trg_index="3" value="0.1"/>
   <link src_index="19" trg_index="4" value="0.1"/>
   <link src_index="19" trg_index="5" value="0.1"/>
  </network>
  <network default="0" edge_type="float" name="emotion broadcast first order network">
   <source nodeset="emotion" representation="sparse"/>
   <target nodeset="emotion" representation="sparse"/>
  </network>
  <network default="0" edge_type="float" name="emotion reading first order network">
   <source nodeset="emotion" representation="dense"/>
   <target nodeset="emotion" representation="dense"/>
   <link src_index="0" trg_index="0" value="0.02"/>
   <link src_index="0" trg_index="1" value="0.005"/>
   <link src_index="0" trg_index="2" value="0.005"/>
   <link src_index="0" trg_index="3" value="0.0"/>
   <link src_index="0" trg_index="4" value="0.01"/>
   <link src_index="0" trg_index="5" value="-0.02"/>
   <link src_index="1" trg_index="0" value="0.0"/>
   <link src_index="1" trg_index="1" value="0.035"/>
   <link src_index="1" trg_index="2" value="0.005"/>
   <link src_index="1" trg_index="3" value="0.005"/>
   <link src_index="1" trg_index="4" value="0.01"/>
   <link src_index="1" trg_index="5" value="-0.02"/>
   <link src_index="2" trg_index="0" value="0.0"/>
   <link src_index="2" trg_index="1" value="0.0"/>
   <link src_index="2" trg_index="2" value="0.03"/>
   <link src_index="2" trg_index="3" value="0.01"/>
   <link src_index="2" trg_index="4" value="0.01"/>
   <link src_index="2" trg_index="5" value="-0.02"/>
   <link src_index="3" trg_index="0" value="0.0"/>
   <link src_index="3" trg_index="1" value="0.0"/>
   <link src_index="3" trg_index="2" value="0.01"/>
   <link src_index="3" trg_index="3" value="0.05"/>
   <link src_index="3" trg_index="4" value="0.01"/>
   <link src_index="3" trg_index="5" value="-0.02"/>
   <link src_index="4" trg_index="0" value="0.0"/>
   <link src_index="4" trg_index="1" value="0.0"/>
   <link src_index="4" trg_index="2" value="0.0"/>
   <link src_index="4" trg_index="3" value="0.0"/>
   <link src_index="4" trg_index="4" value="0.1"/>
   <link src_index="4" trg_index="5" value="0.0"/>
   <link src_index="5" trg_index="0" value="0.04"/>
   <link src_index="5" trg_index="1" value="-0.008"/>
   <link src_index="5" trg_index="2" value="-0.008"/>
   <link src_index="5" trg_index="3" value="-0.008"/>
   <link src_index="5" trg_index="4" value="0.01"/>
   <link src_index="5" trg_index="5" value="0.05"/>
  </network>
  <network default="0" edge_type="float" name="emotion attractors network">
   <source nodeset="agent" representation="dense"/>
   <target nodeset="emotion" representation="dense"/>
   <link src_index="0" trg_index="0" value="0.2"/>
   <link src_index="0" trg_index="1" value="0.2"/>
   <link src_index="0" trg_index="2" value="0.1"/>
   <link src_index="0" trg_index="3" value="0.2"/>
   <link src_index="0" trg_index="4" value="0.1"/>
   <link src_index="0" trg_index="5" value="0.5"/>
   <link src_index="1" trg_index="0" value="0.2"/>
   <link src_index="1" trg_index="1" value="0.2"/>
   <link src_index="1" trg_index="2" value="0.1"/>
   <link src_index="1" trg_index="3" value="0.2"/>
   <link src_index="1" trg_index="4" value="0.1"/>
   <link src_index="1" trg_index="5" value="0.5"/>
   <link src_index="2" trg_index="0" value="0.2"/>
   <link src_index="2" trg_index="1" value="0.2"/>
   <link src_index="2" trg_index="2" value="0.1"/>
   <link src_index="2" trg_index="3" value="0.2"/>
   <link src_index="2" trg_index="4" value="0.1"/>
   <link src_index="2" trg_index="5" value="0.5"/>
   <link src_index="3" trg_index="0" value="0.2"/>
   <link src_index="3" trg_index="1" value="0.2"/>
   <link src_index="3" trg_index="2" value="0.1"/>
   <link src_index="3" trg_index="3" value="0.2"/>
   <link src_index="3" trg_index="4" value="0.1"/>
   <link src_index="3" trg_index="5" value="0.5"/>
   <link src_index="4" trg_index="0" value="0.2"/>
   <link src_index="4" trg_index="1" value="0.2"/>
   <link src_index="4" trg_index="2" value="0.1"/>
   <link src_index="4" trg_index="3" value="0.2"/>
   <link src_index="4" trg_index="4" value="0.1"/>
   <link src_index="4" trg_index="5" value="0.5"/>
   <link src_index="5" trg_index="0" value="0.2"/>
   <link src_index="5" trg_index="1" value="0.2"/>
   <link src_index="5" trg_index="2" value="0.1"/>
   <link src_index="5" trg_index="3" value="0.2"/>
   <link src_index="5" trg_index="4" value="0.1"/>
   <link src_index="5" trg_index="5" value="0.5"/>
   <link src_index="6" trg_index="0" value="0.2"/>
   <link src_index="6" trg_index="1" value="0.2"/>
   <link src_index="6" trg_index="2" value="0.1"/>
   <link src_index="6" trg_index="3" value="0.2"/>
   <link src_index="6" trg_index="4" value="0.1"/>
   <link src_index="6" trg_index="5" value="0.5"/>
   <link src_index="7" trg_index="0" value="0.2"/>
   <link src_index="7" trg_index="1" value="0.2"/>
   <link src_index="7" trg_index="2" value="0.1"/>
   <link src_index="7" trg_index="3" value="0.2"/>
   <link src_index="7" trg_index="4" value="0.1"/>
   <link src_index="7" trg_index="5" value="0.5"/>
   <link src_index="8" trg_index="0" value="0.2"/>
   <link src_index="8" trg_index="1" value="0.2"/>
   <link src_index="8" trg_index="2" value="0.1"/>
   <link src_index="8" trg_index="3" value="0.2"/>
   <link src_index="8" trg_index="4" value="0.1"/>
   <link src_index="8" trg_index="5" value="0.5"/>
   <link src_index="9" trg_index="0" value="0.2"/>
   <link src_index="9" trg_index="1" value="0.2"/>
   <link src_index="9" trg_index="2" value="0.1"/>
   <link src_index="9" trg_index="3" value="0.2"/>
   <link src_index="9" trg_index="4" value="0.1"/>
   <link src_index="9" trg_index="5" value="0.5"/>
   <link src_index="10" trg_index="0" value="0.2"/>
   <link src_index="10" trg_index="1" value="0.2"/>
   <link src_index="10" trg_index="2" value="0.1"/>
   <link src_index="10" trg_index="3" value="0.2"/>
   <link src_index="10" trg_index="4" value="0.1"/>
   <link src_index="10" trg_index="5" value="0.5"/>
   <link src_index="11" trg_index="0" value="0.2"/>
   <link src_index="11" trg_index="1" value="0.2"/>
   <link src_index="11" trg_index="2" value="0.1"/>
   <link src_index="11" trg_index="3" value="0.2"/>
   <link src_index="11" trg_index="4" value="0.1"/>
   <link src_index="11" trg_index="5" value="0.5"/>
   <link src_index="12" trg_index="0" value="0.2"/>
   <link src_index="12" trg_index="1" value="0.2"/>
   <link src_index="12" trg_index="2" value="0.1"/>
   <link src_index="12" trg_index="3" value="0.2"/>
   <link src_index="12" trg_index="4" value="0.1"/>
   <link src_index="12" trg_index="5" value="0.5"/>
   <link src_index="13" trg_index="0" value="0.2"/>
   <link src_index="13" trg_index="1" value="0.2"/>
   <link src_index="13" trg_index="2" value="0.1"/>
   <link src_index="13" trg_index="3" value="0.2"/>
   <link src_index="13" trg_index="4" value="0.1"/>
   <link src_index="13" trg_index="5" value="0.5"/>
   <link src_index="14" trg_index="0" value="0.2"/>
   <link src_index="14" trg_index="1" value="0.2"/>
   <link src_index="14" trg_index="2" value="0.1"/>
   <link src_index="14" trg_index="3" value="0.2"/>
   <link src_index="14" trg_index="4" value="0.1"/>
   <link src_index="14" trg_index="5" value="0.5"/>
   <link src_index="15" trg_index="0" value="0.2"/>
   <link src_index="15" trg_index="1" value="0.2"/>
   <link src_index="15" trg_index="2" value="0.1"/>
   <link src_index="15" trg_index="3" value="0.2"/>
   <link src_index="15" trg_index="4" value="0.1"/>
   <link src_index="15" trg_index="5" value="0.5"/>
   <link src_index="16" trg_index="0" value="0.2"/>
   <link src_index="16" trg_index="1" value="0.2"/>
   <link src_index="16" trg_index="2" value="0.1"/>
   <link src_index="16" trg_index="3" value="0.2"/>
   <link src_index="16" trg_index="4" value="0.1"/>
   <link src_index="16" trg_index="5" value="0.5"/>
   <link src_index="17" trg_index="0" value="0.2"/>
   <link src_index="17" trg_index="1" value="0.2"/>
   <link src_index="17" trg_index="2" value="0.1"/>
   <link src_index="17" trg_index="3" value="0.2"/>
   <link src_index="17" trg_index="4" value="0.1"/>
   <link src_index="17" trg_index="5" value="0.5"/>
   <link src_index="18" trg_index="0" value="0.2"/>
   <link src_index="18" trg_index="1" value="0.2"/>
   <link src_index="18" trg_index="2" value="0.1"/>
   <link src_index="18" trg_index="3" value="0.2"/>
   <link src_index="18" trg_index="4" value="0.1"/>
   <link src_index="18" trg_index="5" value="0.5"/>
   <link src_index="19" trg_index="0" value="0.2"/>
   <link src_index="19" trg_index="1" value="0.2"/>
   <link src_index="19" trg_index="2" value="0.1"/>
   <link src_index="19" trg_index="3" value="0.2"/>
   <link src_index="19" trg_index="4" value="0.1"/>
   <link src_index="19" trg_index="5" value="0.5"/>
  </network>
  <network default="0" edge_type="float" name="emotion regulation network">
   <source nodeset="agent" representation="dense"/>
   <target nodeset="emotion" representation="dense"/>
   <link src_index="0" trg_index="0" value="0.30000000000000004"/>
   <link src_index="0" trg_index="1" value="0.2"/>
   <link src_index="0" trg_index="2" value="0.1"/>
   <link src_index="0" trg_index="3" value="0.1"/>
   <link src_index="0" trg_index="4" value="0.025"/>
   <link src_index="0" trg_index="5" value="0.2"/>
   <link src_index="1" trg_index="0" value="0.30000000000000004"/>
   <link src_index="1" trg_index="1" value="0.2"/>
   <link src_index="1" trg_index="2" value="0.1"/>
   <link src_index="1" trg_index="3" value="0.1"/>
   <link src_index="1" trg_index="4" value="0.025"/>
   <link src_index="1" trg_index="5" value="0.2"/>
   <link src_index="2" trg_index="0" value="0.30000000000000004"/>
   <link src_index="2" trg_index="1" value="0.2"/>
   <link src_index="2" trg_index="2" value="0.1"/>
   <link src_index="2" trg_index="3" value="0.1"/>
   <link src_index="2" trg_index="4" value="0.025"/>
   <link src_index="2" trg_index="5" value="0.2"/>
   <link src_index="3" trg_index="0" value="0.30000000000000004"/>
   <link src_index="3" trg_index="1" value="0.2"/>
   <link src_index="3" trg_index="2" value="0.1"/>
   <link src_index="3" trg_index="3" value="0.1"/>
   <link src_index="3" trg_index="4" value="0.025"/>
   <link src_index="3" trg_index="5" value="0.2"/>
   <link src_index="4" trg_index="0" value="0.30000000000000004"/>
   <link src_index="4" trg_index="1" value="0.2"/>
   <link src_index="4" trg_index="2" value="0.1"/>
   <link src_index="4" trg_index="3" value="0.1"/>
   <link src_index="4" trg_index="4" value="0.025"/>
   <link src_index="4" trg_index="5" value="0.2"/>
   <link src_index="5" trg_index="0" value="0.30000000000000004"/>
   <link src_index="5" trg_index="1" value="0.2"/>
   <link src_index="5" trg_index="2" value="0.1"/>
   <link src_index="5" trg_index="3" value="0.1"/>
   <link src_index="5" trg_index="4" value="0.025"/>
   <link src_index="5" trg_index="5" value="0.2"/>
   <link src_index="6" trg_index="0" value="0.30000000000000004"/>
   <link src_index="6" trg_index="1" value="0.2"/>
   <link src_index="6" trg_index="2" value="0.1"/>
   <link src_index="6" trg_index="3" value="0.1"/>
   <link src_index="6" trg_index="4" value="0.025"/>
   <link src_index="6" trg_index="5" value="0.2"/>
   <link src_index="7" trg_index="0" value="0.30000000000000004"/>
   <link src_index="7" trg_index="1" value="0.2"/>
   <link src_index="7" trg_index="2" value="0.1"/>
   <link src_index="7" trg_index="3" value="0.1"/>
   <link src_index="7" trg_index="4" value="0.025"/>
   <link src_index="7" trg_index="5" value="0.2"/>
   <link src_index="8" trg_index="0" value="0.30000000000000004"/>
   <link src_index="8" trg_index="1" value="0.2"/>
   <link src_index="8" trg_index="2" value="0.1"/>
   <link src_index="8" trg_index="3" value="0.1"/>
   <link src_index="8" trg_index="4" value="0.025"/>
   <link src_index="8" trg_index="5" value="0.2"/>
   <link src_index="9" trg_index="0" value="0.30000000000000004"/>
   <link src_index="9" trg_index="1" value="0.2"/>
   <link src_index="9" trg_index="2" value="0.1"/>
   <link src_index="9" trg_index="3" value="0.1"/>
   <link src_index="9" trg_index="4" value="0.025"/>
   <link src_index="9" trg_index="5" value="0.2"/>
   <link src_index="10" trg_index="0" value="0.30000000000000004"/>
   <link src_index="10" trg_index="1" value="0.2"/>
   <link src_index="10" trg_index="2" value="0.1"/>
   <link src_index="10" trg_index="3" value="0.1"/>
   <link src_index="10" trg_index="4" value="0.025"/>
   <link src_index="10" trg_index="5" value="0.2"/>
   <link src_index="11" trg_index="0" value="0.30000000000000004"/>
   <link src_index="11" trg_index="1" value="0.2"/>
   <link src_index="11" trg_index="2" value="0.1"/>
   <link src_index="11" trg_index="3" value="0.1"/>
   <link src_index="11" trg_index="4" value="0.025"/>
   <link src_index="11" trg_index="5" value="0.2"/>
   <link src_index="12" trg_index="0" value="0.30000000000000004"/>
   <link src_index="12" trg_index="1" value="0.2"/>
   <link src_index="12" trg_index="2" value="0.1"/>
   <link src_index="12" trg_index="3" value="0.1"/>
   <link src_index="12" trg_index="4" value="0.025"/>
   <link src_index="12" trg_index="5" value="0.2"/>
   <link src_index="13" trg_index="0" value="0.30000000000000004"/>
   <link src_index="13" trg_index="1" value="0.2"/>
   <link src_index="13" trg_index="2" value="0.1"/>
   <link src_index="13" trg_index="3" value="0.1"/>
   <link src_index="13" trg_index="4" value="0.025"/>
   <link src_index="13" trg_index="5" value="0.2"/>
   <link src_index="14" trg_index="0" value="0.30000000000000004"/>
   <link src_index="14" trg_index="1" value="0.2"/>
   <link src_index="14" trg_index="2" value="0.1"/>
   <link src_index="14" trg_index="3" value="0.1"/>
   <link src_index="14" trg_index="4" value="0.025"/>
   <link src_index="14" trg_index="5" value="0.2"/>
   <link src_index="15" trg_index="0" value="0.30000000000000004"/>
   <link src_index="15" trg_index="1" value="0.2"/>
   <link src_index="15" trg_index="2" value="0.1"/>
   <link src_index="15" trg_index="3" value="0.1"/>
   <link src_index="15" trg_index="4" value="0.025"/>
   <link src_index="15" trg_index="5" value="0.2"/>
   <link src_index="16" trg_index="0" value="0.30000000000000004"/>
   <link src_index="16" trg_index="1" value="0.2"/>
   <link src_index="16" trg_index="2" value="0.1"/>
   <link src_index="16" trg_index="3" value="0.1"/>
   <link src_index="16" trg_index="4" value="0.025"/>
   <link src_index="16" trg_index="5" value="0.2"/>
   <link src_index="17" trg_index="0" value="0.30000000000000004"/>
   <link src_index="17" trg_index="1" value="0.2"/>
   <link src_index="17" trg_index="2" value="0.1"/>
   <link src_index="17" trg_index="3" value="0.1"/>
   <link src_index="17" trg_index="4" value="0.025"/>
   <link src_index="17" trg_index="5" value="0.2"/>
   <link src_index="18" trg_index="0" value="0.30000000000000004"/>
   <link src_index="18" trg_index="1" value="0.2"/>
   <link src_index="18" trg_index="2" value="0.1"/>
   <link src_index="18" trg_index="3" value="0.1"/>
   <link src_index="18" trg_index="4" value="0.025"/>
   <link src_index="18" trg_index="5" value="0.2"/>
   <link src_index="19" trg_index="0" value="0.30000000000000004"/>
   <link src_index="19" trg_index="1" value="0.2"/>
   <link src_index="19" trg_index="2" value="0.1"/>
   <link src_index="19" trg_index="3" value="0.1"/>
   <link src_index="19" trg_index="4" value="0.025"/>
   <link src_index="19" trg_index="5" value="0.2"/>
  </network>
  <network default="0" edge_type="float" name="agent activity weights network">
   <source nodeset="agent" representation="dense"/>
   <target nodeset="activity" representation="dense"/>
   <link src_index="0" trg_index="1" value="3.41"/>
   <link src_index="1" trg_index="1" value="3.41"/>
   <link src_index="2" trg_index="1" value="3.41"/>
   <link src_index="3" trg_index="1" value="3.41"/>
   <link src_index="4" trg_index="1" value="3.41"/>
   <link src_index="5" trg_index="1" value="3.41"/>
   <link src_index="6" trg_index="1" value="3.41"/>
   <link src_index="7" trg_index="1" value="3.41"/>
   <link src_index="8" trg_index="1" value="3.41"/>
   <link src_index="9" trg_index="1" value="3.41"/>
   <link src_index="10" trg_index="1" value="3.41"/>
   <link src_index="11" trg_index="1" value="3.41"/>
   <link src_index="12" trg_index="1" value="3.41"/>
   <link src_index="13" trg_index="1" value="3.41"/>
   <link src_index="14" trg_index="1" value="3.41"/>
   <link src_index="15" trg_index="1" value="3.41"/>
   <link src_index="16" trg_index="1" value="3.41"/>
   <link src_index="17" trg_index="1" value="3.41"/>
   <link src_index="18" trg_index="1" value="3.41"/>
   <link src_index="19" trg_index="1" value="3.41"/>
  </network>
  <network default="0" edge_type="float" name="base activity rate network">
   <source nodeset="agent" representation="dense"/>
   <target nodeset="activity" representation="dense"/>
   <link src_index="0" trg_index="0" value="1.0"/>
   <link src_index="1" trg_index="0" value="1.0"/>
   <link src_index="2" trg_index="0" value="1.0"/>
   <link src_index="3" trg_index="0" value="1.0"/>
   <link src_index="4" trg_index="0" value="1.0"/>
   <link src_index="5" trg_index="0" value="1.0"/>
   <link src_index="6" trg_index="0" value="1.0"/>
   <link src_index="7" trg_index="0" value="1.0"/>
   <link src_index="8" trg_index="0" value="1.0"/>
   <link src_index="9" trg_index="0" value="1.0"/>
   <link src_index="10" trg_index="0" value="1.0"/>
   <link src_index="11" trg_index="0" value="1.0"/>
   <link src_index="12" trg_index="0" value="1.0"/>
   <link src_index="13" trg_index="0" value="1.0"/>
   <link src_index="14" trg_index="0" value="1.0"/>
   <link src_index="15" trg_index="0" value="1.0"/>
   <link src_index="16" trg_index="0" value="1.0"/>
   <link src_index="17" trg_index="0" value="1.0"/>
   <link src_index="18" trg_index="0" value="1.0"/>
   <link src_index="19" trg_index="0" value="1.0"/>
   <link src_index="0" trg_index="2" value="0.0476"/>
   <link src_index="1" trg_index="2" value="0.0476"/>
   <link src_index="2" trg_index="2" value="0.0476"/>
   <link src_index="3" trg_index="2" value="0.0476"/>
   <link src_index="4" trg_index="2" value="0.0476"/>
   <link src_index="5" trg_index="2" value="0.0476"/>
   <link src_index="6" trg_index="2" value="0.0476"/>
   <link src_index="7" trg_index="2" value="0.0476"/>
   <link src_index="8" trg_index="2" value="0.0476"/>
   <link src_index="9" trg_index="2" value="0.0476"/>
   <link src_index="10" trg_index="2" value="0.0476"/>
   <link src_index="11" trg_index="2" value="0.0476"/>
   <link src_index="12" trg_index="2" value="0.0476"/>
   <link src_index="13" trg_index="2" value="0.0476"/>
   <link src_index="14" trg_index="2" value="0.0476"/>
   <link src_index="15" trg_index="2" value="0.0476"/>
   <link src_index="16" trg_index="2" value="0.0476"/>
   <link src_index="17" trg_index="2" value="0.0476"/>
   <link src_index="18" trg_index="2" value="0.0476"/>
   <link src_index="19" trg_index="2" value="0.0476"/>
   <link src_index="0" trg_index="3" value="0.00452"/>
   <link src_index="1" trg_index="3" value="0.00452"/>
   <link src_index="2" trg_index="3" value="0.00452"/>
   <link src_index="3" trg_index="3" value="0.00452"/>
   <link src_index="4" trg_index="3" value="0.00452"/>
   <link src_index="5" trg_index="3" value="0.00452"/>
   <link src_index="6" trg_index="3" value="0.00452"/>
   <link src_index="7" trg_index="3" value="0.00452"/>
   <link src_index="8" trg_index="3" value="0.00452"/>
   <link src_index="9" trg_index="3" value="0.00452"/>
   <link src_index="10" trg_index="3" value="0.00452"/>
   <link src_index="11" trg_index="3" value="0.00452"/>
   <link src_index="12" trg_index="3" value="0.00452"/>
   <link src_index="13" trg_index="3" value="0.00452"/>
   <link src_index="14" trg_index="3" value="0.00452"/>
   <link src_index="15" trg_index="3" value="0.00452"/>
   <link src_index="16" trg_index="3" value="0.00452"/>
   <link src_index="17" trg_index="3" value="0.00452"/>
   <link src_index="18" trg_index="3" value="0.00452"/>
   <link src_index="19" trg_index="3" value="0.00452"/>
   <link src_index="0" trg_index="4" value="0.00225"/>
   <link src_index="1" trg_index="4" value="0.00225"/>
   <link src_index="2" trg_index="4" value="0.00225"/>
   <link src_index="3" trg_index="4" value="0.00225"/>
   <link src_index="4" trg_index="4" value="0.00225"/>
   <link src_index="5" trg_index="4" value="0.00225"/>
   <link src_index="6" trg_index="4" value="0.00225"/>
   <link src_index="7" trg_index="4" value="0.00225"/>
   <link src_index="8" trg_index="4" value="0.00225"/>
   <link src_index="9" trg_index="4" value="0.00225"/>
   <link src_index="10" trg_index="4" value="0.00225"/>
   <link src_index="11" trg_index="4" value="0.00225"/>
   <link src_index="12" trg_index="4" value="0.00225"/>
   <link src_index="13" trg_index="4" value="0.00225"/>
   <link src_index="14" trg_index="4" value="0.00225"/>
   <link src_index="15" trg_index="4" value="0.00225"/>
   <link src_index="16" trg_index="4" value="0.00225"/>
   <link src_index="17" trg_index="4" value="0.00225"/>
   <link src_index="18" trg_index="4" value="0.00225"/>
   <link src_index="19" trg_index="4" value="0.00225"/>
  </network>
  <network default="0" edge_type="float" name="first order Twitter post density emotion network">
   <source nodeset="agent" representation="dense"/>
   <target nodeset="emotion" representation="dense"/>
   <link src_index="0" trg_index="0" value="-0.05"/>
   <link src_index="0" trg_index="1" value="-0.05"/>
   <link src_index="0" trg_index="2" value="0.05"/>
   <link src_index="0" trg_index="3" value="0.1"/>
   <link src_index="0" trg_index="4" value="0.05"/>
   <link src_index="0" trg_index="5" value="0.05"/>
   <link src_index="1" trg_index="0" value="-0.05"/>
   <link src_index="1" trg_index="1" value="-0.05"/>
   <link src_index="1" trg_index="2" value="0.05"/>
   <link src_index="1" trg_index="3" value="0.1"/>
   <link src_index="1" trg_index="4" value="0.05"/>
   <link src_index="1" trg_index="5" value="0.05"/>
   <link src_index="2" trg_index="0" value="-0.05"/>
   <link src_index="2" trg_index="1" value="-0.05"/>
   <link src_index="2" trg_index="2" value="0.05"/>
   <link src_index="2" trg_index="3" value="0.1"/>
   <link src_index="2" trg_index="4" value="0.05"/>
   <link src_index="2" trg_index="5" value="0.05"/>
   <link src_index="3" trg_index="0" value="-0.05"/>
   <link src_index="3" trg_index="1" value="-0.05"/>
   <link src_index="3" trg_index="2" value="0.05"/>
   <link src_index="3" trg_index="3" value="0.1"/>
   <link src_index="3" trg_index="4" value="0.05"/>
   <link src_index="3" trg_index="5" value="0.05"/>
   <link src_index="4" trg_index="0" value="-0.05"/>
   <link src_index="4" trg_index="1" value="-0.05"/>
   <link src_index="4" trg_index="2" value="0.05"/>
   <link src_index="4" trg_index="3" value="0.1"/>
   <link src_index="4" trg_index="4" value="0.05"/>
   <link src_index="4" trg_index="5" value="0.05"/>
   <link src_index="5" trg_index="0" value="-0.05"/>
   <link src_index="5" trg_index="1" value="-0.05"/>
   <link src_index="5" trg_index="2" value="0.05"/>
   <link src_index="5" trg_index="3" value="0.1"/>
   <link src_index="5" trg_index="4" value="0.05"/>
   <link src_index="5" trg_index="5" value="0.05"/>
   <link src_index="6" trg_index="0" value="-0.05"/>
   <link src_index="6" trg_index="1" value="-0.05"/>
   <link src_index="6" trg_index="2" value="0.05"/>
   <link src_index="6" trg_index="3" value="0.1"/>
   <link src_index="6" trg_index="4" value="0.05"/>
   <link src_index="6" trg_index="5" value="0.05"/>
   <link src_index="7" trg_index="0" value="-0.05"/>
   <link src_index="7" trg_index="1" value="-0.05"/>
   <link src_index="7" trg_index="2" value="0.05"/>
   <link src_index="7" trg_index="3" value="0.1"/>
   <link src_index="7" trg_index="4" value="0.05"/>
   <link src_index="7" trg_index="5" value="0.05"/>
   <link src_index="8" trg_index="0" value="-0.05"/>
   <link src_index="8" trg_index="1" value="-0.05"/>
   <link src_index="8" trg_index="2" value="0.05"/>
   <link src_index="8" trg_index="3" value="0.1"/>
   <link src_index="8" trg_index="4" value="0.05"/>
   <link src_index="8" trg_index="5" value="0.05"/>
   <link src_index="9" trg_index="0" value="-0.05"/>
   <link src_index="9" trg_index="1" value="-0.05"/>
   <link src_index="9" trg_index="2" value="0.05"/>
   <link src_index="9" trg_index="3" value="0.1"/>
   <link src_index="9" trg_index="4" value="0.05"/>
   <link src_index="9" trg_index="5" value="0.05"/>
   <link src_index="10" trg_index="0" value="-0.05"/>
   <link src_index="10" trg_index="1" value="-0.05"/>
   <link src_index="10" trg_index="2" value="0.05"/>
   <link src_index="10" trg_index="3" value="0.1"/>
   <link src_index="10" trg_index="4" value="0.05"/>
   <link src_index="10" trg_index="5" value="0.05"/>
   <link src_index="11" trg_index="0" value="-0.05"/>
   <link src_index="11" trg_index="1" value="-0.05"/>
   <link src_index="11" trg_index="2" value="0.05"/>
   <link src_index="11" trg_index="3" value="0.1"/>
   <link src_index="11" trg_index="4" value="0.05"/>
   <link src_index="11" trg_index="5" value="0.05"/>
   <link src_index="12" trg_index="0" value="-0.05"/>
   <link src_index="12" trg_index="1" value="-0.05"/>
   <link src_index="12" trg_index="2" value="0.05"/>
   <link src_index="12" trg_index="3" value="0.1"/>
   <link src_index="12" trg_index="4" value="0.05"/>
   <link src_index="12" trg_index="5" value="0.05"/>
   <link src_index="13" trg_index="0" value="-0.05"/>
   <link src_index="13" trg_index="1" value="-0.05"/>
   <link src_index="13" trg_index="2" value="0.05"/>
   <link src_index="13" trg_index="3" value="0.1"/>
   <link src_index="13" trg_index="4" value="0.05"/>
   <link src_index="13" trg_index="5" value="0.05"/>
   <link src_index="14" trg_index="0" value="-0.05"/>
   <link src_index="14" trg_index="1" value="-0.05"/>
   <link src_index="14" trg_index="2" value="0.05"/>
   <link src_index="14" trg_index="3" value="0.1"/>
   <link src_index="14" trg_index="4" value="0.05"/>
   <link src_index="14" trg_index="5" value="0.05"/>
   <link src_index="15" trg_index="0" value="-0.05"/>
   <link src_index="15" trg_index="1" value="-0.05"/>
   <link src_index="15" trg_index="2" value="0.05"/>
   <link src_index="15" trg_index="3" value="0.1"/>
   <link src_index="15" trg_index="4" value="0.05"/>
   <link src_index="15" trg_index="5" value="0.05"/>
   <link src_index="16" trg_index="0" value="-0.05"/>
   <link src_index="16" trg_index="1" value="-0.05"/>
   <link src_index="16" trg_index="2" value="0.05"/>
   <link src_index="16" trg_index="3" value="0.1"/>
   <link src_index="16" trg_index="4" value="0.05"/>
   <link src_index="16" trg_index="5" value="0.05"/>
   <link src_index="17" trg_index="0" value="-0.05"/>
   <link src_index="17" trg_index="1" value="-0.05"/>
   <link src_index="17" trg_index="2" value="0.05"/>
   <link src_index="17" trg_index="3" value="0.1"/>
   <link src_index="17" trg_index="4" value="0.05"/>
   <link src_index="17" trg_index="5" value="0.05"/>
   <link src_index="18" trg_index="0" value="-0.05"/>
   <link src_index="18" trg_index="1" value="-0.05"/>
   <link src_index="18" trg_index="2" value="0.05"/>
   <link src_index="18" trg_index="3" value="0.1"/>
   <link src_index="18" trg_index="4" value="0.05"/>
   <link src_index="18" trg_index="5" value="0.05"/>
   <link src_index="19" trg_index="0" value="-0.05"/>
   <link src_index="19" trg_index="1" value="-0.05"/>
   <link src_index="19" trg_index="2" value="0.05"/>
   <link src_index="19" trg_index="3" value="0.1"/>
   <link src_index="19" trg_index="4" value="0.05"/>
   <link src_index="19" trg_index="5" value="0.05"/>
  </network>
  <network default="0" edge_type="float" name="first order Twitter repost probability emotion network">
   <source nodeset="agent" representation="dense"/>
   <target nodeset="emotion" representation="dense"/>
   <link src_index="0" trg_index="0" value="-0.05"/>
   <link src_index="0" trg_index="1" value="-0.05"/>
   <link src_index="0" trg_index="2" value="0.05"/>
   <link src_index="0" trg_index="3" value="0.1"/>
   <link src_index="0" trg_index="4" value="0.05"/>
   <link src_index="0" trg_index="5" value="0.05"/>
   <link src_index="1" trg_index="0" value="-0.05"/>
   <link src_index="1" trg_index="1" value="-0.05"/>
   <link src_index="1" trg_index="2" value="0.05"/>
   <link src_index="1" trg_index="3" value="0.1"/>
   <link src_index="1" trg_index="4" value="0.05"/>
   <link src_index="1" trg_index="5" value="0.05"/>
   <link src_index="2" trg_index="0" value="-0.05"/>
   <link src_index="2" trg_index="1" value="-0.05"/>
   <link src_index="2" trg_index="2" value="0.05"/>
   <link src_index="2" trg_index="3" value="0.1"/>
   <link src_index="2" trg_index="4" value="0.05"/>
   <link src_index="2" trg_index="5" value="0.05"/>
   <link src_index="3" trg_index="0" value="-0.05"/>
   <link src_index="3" trg_index="1" value="-0.05"/>
   <link src_index="3" trg_index="2" value="0.05"/>
   <link src_index="3" trg_index="3" value="0.1"/>
   <link src_index="3" trg_index="4" value="0.05"/>
   <link src_index="3" trg_index="5" value="0.05"/>
   <link src_index="4" trg_index="0" value="-0.05"/>
   <link src_index="4" trg_index="1" value="-0.05"/>
   <link src_index="4" trg_index="2" value="0.05"/>
   <link src_index="4" trg_index="3" value="0.1"/>
   <link src_index="4" trg_index="4" value="0.05"/>
   <link src_index="4" trg_index="5" value="0.05"/>
   <link src_index="5" trg_index="0" value="-0.05"/>
   <link src_index="5" trg_index="1" value="-0.05"/>
   <link src_index="5" trg_index="2" value="0.05"/>
   <link src_index="5" trg_index="3" value="0.1"/>
   <link src_index="5" trg_index="4" value="0.05"/>
   <link src_index="5" trg_index="5" value="0.05"/>
   <link src_index="6" trg_index="0" value="-0.05"/>
   <link src_index="6" trg_index="1" value="-0.05"/>
   <link src_index="6" trg_index="2" value="0.05"/>
   <link src_index="6" trg_index="3" value="0.1"/>
   <link src_index="6" trg_index="4" value="0.05"/>
   <link src_index="6" trg_index="5" value="0.05"/>
   <link src_index="7" trg_index="0" value="-0.05"/>
   <link src_index="7" trg_index="1" value="-0.05"/>
   <link src_index="7" trg_index="2" value="0.05"/>
   <link src_index="7" trg_index="3" value="0.1"/>
   <link src_index="7" trg_index="4" value="0.05"/>
   <link src_index="7" trg_index="5" value="0.05"/>
   <link src_index="8" trg_index="0" value="-0.05"/>
   <link src_index="8" trg_index="1" value="-0.05"/>
   <link src_index="8" trg_index="2" value="0.05"/>
   <link src_index="8" trg_index="3" value="0.1"/>
   <link src_index="8" trg_index="4" value="0.05"/>
   <link src_index="8" trg_index="5" value="0.05"/>
   <link src_index="9" trg_index="0" value="-0.05"/>
   <link src_index="9" trg_index="1" value="-0.05"/>
   <link src_index="9" trg_index="2" value="0.05"/>
   <link src_index="9" trg_index="3" value="0.1"/>
   <link src_index="9" trg_index="4" value="0.05"/>
   <link src_index="9" trg_index="5" value="0.05"/>
   <link src_index="10" trg_index="0" value="-0.05"/>
   <link src_index="10" trg_index="1" value="-0.05"/>
   <link src_index="10" trg_index="2" value="0.05"/>
   <link src_index="10" trg_index="3" value="0.1"/>
   <link src_index="10" trg_index="4" value="0.05"/>
   <link src_index="10" trg_index="5" value="0.05"/>
   <link src_index="11" trg_index="0" value="-0.05"/>
   <link src_index="11" trg_index="1" value="-0.05"/>
   <link src_index="11" trg_index="2" value="0.05"/>
   <link src_index="11" trg_index="3" value="0.1"/>
   <link src_index="11" trg_index="4" value="0.05"/>
   <link src_index="11" trg_index="5" value="0.05"/>
   <link src_index="12" trg_index="0" value="-0.05"/>
   <link src_index="12" trg_index="1" value="-0.05"/>
   <link src_index="12" trg_index="2" value="0.05"/>
   <link src_index="12" trg_index="3" value="0.1"/>
   <link src_index="12" trg_index="4" value="0.05"/>
   <link src_index="12" trg_index="5" value="0.05"/>
   <link src_index="13" trg_index="0" value="-0.05"/>
   <link src_index="13" trg_index="1" value="-0.05"/>
   <link src_index="13" trg_index="2" value="0.05"/>
   <link src_index="13" trg_index="3" value="0.1"/>
   <link src_index="13" trg_index="4" value="0.05"/>
   <link src_index="13" trg_index="5" value="0.05"/>
   <link src_index="14" trg_index="0" value="-0.05"/>
   <link src_index="14" trg_index="1" value="-0.05"/>
   <link src_index="14" trg_index="2" value="0.05"/>
   <link src_index="14" trg_index="3" value="0.1"/>
   <link src_index="14" trg_index="4" value="0.05"/>
   <link src_index="14" trg_index="5" value="0.05"/>
   <link src_index="15" trg_index="0" value="-0.05"/>
   <link src_index="15" trg_index="1" value="-0.05"/>
   <link src_index="15" trg_index="2" value="0.05"/>
   <link src_index="15" trg_index="3" value="0.1"/>
   <link src_index="15" trg_index="4" value="0.05"/>
   <link src_index="15" trg_index="5" value="0.05"/>
   <link src_index="16" trg_index="0" value="-0.05"/>
   <link src_index="16" trg_index="1" value="-0.05"/>
   <link src_index="16" trg_index="2" value="0.05"/>
   <link src_index="16" trg_index="3" value="0.1"/>
   <link src_index="16" trg_index="4" value="0.05"/>
   <link src_index="16" trg_index="5" value="0.05"/>
   <link src_index="17" trg_index="0" value="-0.05"/>
   <link src_index="17" trg_index="1" value="-0.05"/>
   <link src_index="17" trg_index="2" value="0.05"/>
   <link src_index="17" trg_index="3" value="0.1"/>
   <link src_index="17" trg_index="4" value="0.05"/>
   <link src_index="17" trg_index="5" value="0.05"/>
   <link src_index="18" trg_index="0" value="-0.05"/>
   <link src_index="18" trg_index="1" value="-0.05"/>
   <link src_index="18" trg_index="2" value="0.05"/>
   <link src_index="18" trg_index="3" value="0.1"/>
   <link src_index="18" trg_index="4" value="0.05"/>
   <link src_index="18" trg_index="5" value="0.05"/>
   <link src_index="19" trg_index="0" value="-0.05"/>
   <link src_index="19" trg_index="1" value="-0.05"/>
   <link src_index="19" trg_index="2" value="0.05"/>
   <link src_index="19" trg_index="3" value="0.1"/>
   <link src_index="19" trg_index="4" value="0.05"/>
   <link src_index="19" trg_index="5" value="0.05"/>
  </network>
  <network default="0" edge_type="float" name="first order Twitter reply probability emotion network">
   <source nodeset="agent" representation="dense"/>
   <target nodeset="emotion" representation="dense"/>
   <link src_index="0" trg_index="0" value="-0.05"/>
   <link src_index="0" trg_index="1" value="-0.05"/>
   <link src_index="0" trg_index="2" value="0.05"/>
   <link src_index="0" trg_index="3" value="0.1"/>
   <link src_index="0" trg_index="4" value="0.05"/>
   <link src_index="0" trg_index="5" value="0.05"/>
   <link src_index="1" trg_index="0" value="-0.05"/>
   <link src_index="1" trg_index="1" value="-0.05"/>
   <link src_index="1" trg_index="2" value="0.05"/>
   <link src_index="1" trg_index="3" value="0.1"/>
   <link src_index="1" trg_index="4" value="0.05"/>
   <link src_index="1" trg_index="5" value="0.05"/>
   <link src_index="2" trg_index="0" value="-0.05"/>
   <link src_index="2" trg_index="1" value="-0.05"/>
   <link src_index="2" trg_index="2" value="0.05"/>
   <link src_index="2" trg_index="3" value="0.1"/>
   <link src_index="2" trg_index="4" value="0.05"/>
   <link src_index="2" trg_index="5" value="0.05"/>
   <link src_index="3" trg_index="0" value="-0.05"/>
   <link src_index="3" trg_index="1" value="-0.05"/>
   <link src_index="3" trg_index="2" value="0.05"/>
   <link src_index="3" trg_index="3" value="0.1"/>
   <link src_index="3" trg_index="4" value="0.05"/>
   <link src_index="3" trg_index="5" value="0.05"/>
   <link src_index="4" trg_index="0" value="-0.05"/>
   <link src_index="4" trg_index="1" value="-0.05"/>
   <link src_index="4" trg_index="2" value="0.05"/>
   <link src_index="4" trg_index="3" value="0.1"/>
   <link src_index="4" trg_index="4" value="0.05"/>
   <link src_index="4" trg_index="5" value="0.05"/>
   <link src_index="5" trg_index="0" value="-0.05"/>
   <link src_index="5" trg_index="1" value="-0.05"/>
   <link src_index="5" trg_index="2" value="0.05"/>
   <link src_index="5" trg_index="3" value="0.1"/>
   <link src_index="5" trg_index="4" value="0.05"/>
   <link src_index="5" trg_index="5" value="0.05"/>
   <link src_index="6" trg_index="0" value="-0.05"/>
   <link src_index="6" trg_index="1" value="-0.05"/>
   <link src_index="6" trg_index="2" value="0.05"/>
   <link src_index="6" trg_index="3" value="0.1"/>
   <link src_index="6" trg_index="4" value="0.05"/>
   <link src_index="6" trg_index="5" value="0.05"/>
   <link src_index="7" trg_index="0" value="-0.05"/>
   <link src_index="7" trg_index="1" value="-0.05"/>
   <link src_index="7" trg_index="2" value="0.05"/>
   <link src_index="7" trg_index="3" value="0.1"/>
   <link src_index="7" trg_index="4" value="0.05"/>
   <link src_index="7" trg_index="5" value="0.05"/>
   <link src_index="8" trg_index="0" value="-0.05"/>
   <link src_index="8" trg_index="1" value="-0.05"/>
   <link src_index="8" trg_index="2" value="0.05"/>
   <link src_index="8" trg_index="3" value="0.1"/>
   <link src_index="8" trg_index="4" value="0.05"/>
   <link src_index="8" trg_index="5" value="0.05"/>
   <link src_index="9" trg_index="0" value="-0.05"/>
   <link src_index="9" trg_index="1" value="-0.05"/>
   <link src_index="9" trg_index="2" value="0.05"/>
   <link src_index="9" trg_index="3" value="0.1"/>
   <link src_index="9" trg_index="4" value="0.05"/>
   <link src_index="9" trg_index="5" value="0.05"/>
   <link src_index="10" trg_index="0" value="-0.05"/>
   <link src_index="10" trg_index="1" value="-0.05"/>
   <link src_index="10" trg_index="2" value="0.05"/>
   <link src_index="10" trg_index="3" value="0.1"/>
   <link src_index="10" trg_index="4" value="0.05"/>
   <link src_index="10" trg_index="5" value="0.05"/>
   <link src_index="11" trg_index="0" value="-0.05"/>
   <link src_index="11" trg_index="1" value="-0.05"/>
   <link src_index="11" trg_index="2" value="0.05"/>
   <link src_index="11" trg_index="3" value="0.1"/>
   <link src_index="11" trg_index="4" value="0.05"/>
   <link src_index="11" trg_index="5" value="0.05"/>
   <link src_index="12" trg_index="0" value="-0.05"/>
   <link src_index="12" trg_index="1" value="-0.05"/>
   <link src_index="12" trg_index="2" value="0.05"/>
   <link src_index="12" trg_index="3" value="0.1"/>
   <link src_index="12" trg_index="4" value="0.05"/>
   <link src_index="12" trg_index="5" value="0.05"/>
   <link src_index="13" trg_index="0" value="-0.05"/>
   <link src_index="13" trg_index="1" value="-0.05"/>
   <link src_index="13" trg_index="2" value="0.05"/>
   <link src_index="13" trg_index="3" value="0.1"/>
   <link src_index="13" trg_index="4" value="0.05"/>
   <link src_index="13" trg_index="5" value="0.05"/>
   <link src_index="14" trg_index="0" value="-0.05"/>
   <link src_index="14" trg_index="1" value="-0.05"/>
   <link src_index="14" trg_index="2" value="0.05"/>
   <link src_index="14" trg_index="3" value="0.1"/>
   <link src_index="14" trg_index="4" value="0.05"/>
   <link src_index="14" trg_index="5" value="0.05"/>
   <link src_index="15" trg_index="0" value="-0.05"/>
   <link src_index="15" trg_index="1" value="-0.05"/>
   <link src_index="15" trg_index="2" value="0.05"/>
   <link src_index="15" trg_index="3" value="0.1"/>
   <link src_index="15" trg_index="4" value="0.05"/>
   <link src_index="15" trg_index="5" value="0.05"/>
   <link src_index="16" trg_index="0" value="-0.05"/>
   <link src_index="16" trg_index="1" value="-0.05"/>
   <link src_index="16" trg_index="2" value="0.05"/>
   <link src_index="16" trg_index="3" value="0.1"/>
   <link src_index="16" trg_index="4" value="0.05"/>
   <link src_index="16" trg_index="5" value="0.05"/>
   <link src_index="17" trg_index="0" value="-0.05"/>
   <link src_index="17" trg_index="1" value="-0.05"/>
   <link src_index="17" trg_index="2" value="0.05"/>
   <link src_index="17" trg_index="3" value="0.1"/>
   <link src_index="17" trg_index="4" value="0.05"/>
   <link src_index="17" trg_index="5" value="0.05"/>
   <link src_index="18" trg_index="0" value="-0.05"/>
   <link src_index="18" trg_index="1" value="-0.05"/>
   <link src_index="18" trg_index="2" value="0.05"/>
   <link src_index="18" trg_index="3" value="0.1"/>
   <link src_index="18" trg_index="4" value="0.05"/>
   <link src_index="18" trg_index="5" value="0.05"/>
   <link src_index="19" trg_index="0" value="-0.05"/>
   <link src_index="19" trg_index="1" value="-0.05"/>
   <link src_index="19" trg_index="2" value="0.05"/>
   <link src_index="19" trg_index="3" value="0.1"/>
   <link src_index="19" trg_index="4" value="0.05"/>
   <link src_index="19" trg_index="5" value="0.05"/>
  </network>
  <network default="0" edge_type="float" name="first order Twitter quote probability emotion network">
   <source nodeset="agent" representation="dense"/>
   <target nodeset="emotion" representation="dense"/>
   <link src_index="0" trg_index="0" value="-0.05"/>
   <link src_index="0" trg_index="1" value="-0.05"/>
   <link src_index="0" trg_index="2" value="0.05"/>
   <link src_index="0" trg_index="3" value="0.1"/>
   <link src_index="0" trg_index="4" value="0.05"/>
   <link src_index="0" trg_index="5" value="0.05"/>
   <link src_index="1" trg_index="0" value="-0.05"/>
   <link src_index="1" trg_index="1" value="-0.05"/>
   <link src_index="1" trg_index="2" value="0.05"/>
   <link src_index="1" trg_index="3" value="0.1"/>
   <link src_index="1" trg_index="4" value="0.05"/>
   <link src_index="1" trg_index="5" value="0.05"/>
   <link src_index="2" trg_index="0" value="-0.05"/>
   <link src_index="2" trg_index="1" value="-0.05"/>
   <link src_index="2" trg_index="2" value="0.05"/>
   <link src_index="2" trg_index="3" value="0.1"/>
   <link src_index="2" trg_index="4" value="0.05"/>
   <link src_index="2" trg_index="5" value="0.05"/>
   <link src_index="3" trg_index="0" value="-0.05"/>
   <link src_index="3" trg_index="1" value="-0.05"/>
   <link src_index="3" trg_index="2" value="0.05"/>
   <link src_index="3" trg_index="3" value="0.1"/>
   <link src_index="3" trg_index="4" value="0.05"/>
   <link src_index="3" trg_index="5" value="0.05"/>
   <link src_index="4" trg_index="0" value="-0.05"/>
   <link src_index="4" trg_index="1" value="-0.05"/>
   <link src_index="4" trg_index="2" value="0.05"/>
   <link src_index="4" trg_index="3" value="0.1"/>
   <link src_index="4" trg_index="4" value="0.05"/>
   <link src_index="4" trg_index="5" value="0.05"/>
   <link src_index="5" trg_index="0" value="-0.05"/>
   <link src_index="5" trg_index="1" value="-0.05"/>
   <link src_index="5" trg_index="2" value="0.05"/>
   <link src_index="5" trg_index="3" value="0.1"/>
   <link src_index="5" trg_index="4" value="0.05"/>
   <link src_index="5" trg_index="5" value="0.05"/>
   <link src_index="6" trg_index="0" value="-0.05"/>
   <link src_index="6" trg_index="1" value="-0.05"/>
   <link src_index="6" trg_index="2" value="0.05"/>
   <link src_index="6" trg_index="3" value="0.1"/>
   <link src_index="6" trg_index="4" value="0.05"/>
   <link src_index="6" trg_index="5" value="0.05"/>
   <link src_index="7" trg_index="0" value="-0.05"/>
   <link src_index="7" trg_index="1" value="-0.05"/>
   <link src_index="7" trg_index="2" value="0.05"/>
   <link src_index="7" trg_index="3" value="0.1"/>
   <link src_index="7" trg_index="4" value="0.05"/>
   <link src_index="7" trg_index="5" value="0.05"/>
   <link src_index="8" trg_index="0" value="-0.05"/>
   <link src_index="8" trg_index="1" value="-0.05"/>
   <link src_index="8" trg_index="2" value="0.05"/>
   <link src_index="8" trg_index="3" value="0.1"/>
   <link src_index="8" trg_index="4" value="0.05"/>
   <link src_index="8" trg_index="5" value="0.05"/>
   <link src_index="9" trg_index="0" value="-0.05"/>
   <link src_index="9" trg_index="1" value="-0.05"/>
   <link src_index="9" trg_index="2" value="0.05"/>
   <link src_index="9" trg_index="3" value="0.1"/>
   <link src_index="9" trg_index="4" value="0.05"/>
   <link src_index="9" trg_index="5" value="0.05"/>
   <link src_index="10" trg_index="0" value="-0.05"/>
   <link src_index="10" trg_index="1" value="-0.05"/>
   <link src_index="10" trg_index="2" value="0.05"/>
   <link src_index="10" trg_index="3" value="0.1"/>
   <link src_index="10" trg_index="4" value="0.05"/>
   <link src_index="10" trg_index="5" value="0.05"/>
   <link src_index="11" trg_index="0" value="-0.05"/>
   <link src_index="11" trg_index="1" value="-0.05"/>
   <link src_index="11" trg_index="2" value="0.05"/>
   <link src_index="11" trg_index="3" value="0.1"/>
   <link src_index="11" trg_index="4" value="0.05"/>
   <link src_index="11" trg_index="5" value="0.05"/>
   <link src_index="12" trg_index="0" value="-0.05"/>
   <link src_index="12" trg_index="1" value="-0.05"/>
   <link src_index="12" trg_index="2" value="0.05"/>
   <link src_index="12" trg_index="3" value="0.1"/>
   <link src_index="12" trg_index="4" value="0.05"/>
   <link src_index="12" trg_index="5" value="0.05"/>
   <link src_index="13" trg_index="0" value="-0.05"/>
   <link src_index="13" trg_index="1" value="-0.05"/>
   <link src_index="13" trg_index="2" value="0.05"/>
   <link src_index="13" trg_index="3" value="0.1"/>
   <link src_index="13" trg_index="4" value="0.05"/>
   <link src_index="13" trg_index="5" value="0.05"/>
   <link src_index="14" trg_index="0" value="-0.05"/>
   <link src_index="14" trg_index="1" value="-0.05"/>
   <link src_index="14" trg_index="2" value="0.05"/>
   <link src_index="14" trg_index="3" value="0.1"/>
   <link src_index="14" trg_index="4" value="0.05"/>
   <link src_index="14" trg_index="5" value="0.05"/>
   <link src_index="15" trg_index="0" value="-0.05"/>
   <link src_index="15" trg_index="1" value="-0.05"/>
   <link src_index="15" trg_index="2" value="0.05"/>
   <link src_index="15" trg_index="3" value="0.1"/>
   <link src_index="15" trg_index="4" value="0.05"/>
   <link src_index="15" trg_index="5" value="0.05"/>
   <link src_index="16" trg_index="0" value="-0.05"/>
   <link src_index="16" trg_index="1" value="-0.05"/>
   <link src_index="16" trg_index="2" value="0.05"/>
   <link src_index="16" trg_index="3" value="0.1"/>
   <link src_index="16" trg_index="4" value="0.05"/>
   <link src_index="16" trg_index="5" value="0.05"/>
   <link src_index="17" trg_index="0" value="-0.05"/>
   <link src_index="17" trg_index="1" value="-0.05"/>
   <link src_index="17" trg_index="2" value="0.05"/>
   <link src_index="17" trg_index="3" value="0.1"/>
   <link src_index="17" trg_index="4" value="0.05"/>
   <link src_index="17" trg_index="5" value="0.05"/>
   <link src_index="18" trg_index="0" value="-0.05"/>
   <link src_index="18" trg_index="1" value="-0.05"/>
   <link src_index="18" trg_index="2" value="0.05"/>
   <link src_index="18" trg_index="3" value="0.1"/>
   <link src_index="18" trg_index="4" value="0.05"/>
   <link src_index="18" trg_index="5" value="0.05"/>
   <link src_index="19" trg_index="0" value="-0.05"/>
   <link src_index="19" trg_index="1" value="-0.05"/>
   <link src_index="19" trg_index="2" value="0.05"/>
   <link src_index="19" trg_index="3" value="0.1"/>
   <link src_index="19" trg_index="4" value="0.05"/>
   <link src_index="19" trg_index="5" value="0.05"/>
  </network>
 </networks>
 <models>
  <model name="Emotion Model"/>
  <model name="Twitter Model">
   <param name="interval time duration" value="0.1"/>
   <param name="maximum post inactivity" value="24.0"/>
  </model>
 </models>
 <outputs>
  <output type="dynetml">
   <param name="network names" value="emotion network"/>
   <param name="timeperiods" value="all"/>
   <param name="output file" value="emotion_network.xml"/>
  </output>
  <output type="media events">
   <param name="model name" value="Twitter Model"/>
   <param name="output file" value="emotion_event.json"/>
   <param name="start time" value="2024-09-11T00:00:00.000Z"/>
   <param name="time conversion to seconds" value="360.0"/>
  </output>
 </outputs>
</construct>
