platform,timestamp,author,author_toxicity,toxicity,knowledge,platform_model name,platform_network name,platform_interval time duration,platform_maximum post inactivity,platform_toxicity threshold,platform_full ban,platform_partial ban,platform_warning,platform_remove content,platform_network ban threshold,platform_network warning threshold,platform_moderation miss probability
1,1,agent_1,0.672653,,0,Toxic Model 1,Network1,0.1,24.0,0.05,true,true,true,true,1,1,0.2
1,1,agent_1,0.672653,,0,Toxic Model 1,Network1,0.1,24.0,0.05,true,true,true,true,1,1,0.2
1,1,agent_8,0.632556,,0,Toxic Model 1,Network1,0.1,24.0,0.05,true,true,true,true,1,1,0.2
1,3,agent_4,0.593045,0.049896519631147385,0,Toxic Model 1,Network1,0.1,24.0,0.05,true,true,true,true,1,1,0.2
1,3,agent_6,0.270481,,0,Toxic Model 1,Network1,0.1,24.0,0.05,true,true,true,true,1,1,0.2
1,3,agent_6,0.270481,,0,Toxic Model 1,Network1,0.1,24.0,0.05,true,true,true,true,1,1,0.2
1,3,agent_0,0.870639,,0,Toxic Model 1,Network1,0.1,24.0,0.05,true,true,true,true,1,1,0.2
1,4,agent_1,0.672653,,0,Toxic Model 1,Network1,0.1,24.0,0.05,true,true,true,true,1,1,0.2
1,4,agent_2,0.587706,,0,Toxic Model 1,Network1,0.1,24.0,0.05,true,true,true,true,1,1,0.2
1,4,agent_8,0.632556,,0,Toxic Model 1,Network1,0.1,24.0,0.05,true,true,true,true,1,1,0.2
1,4,agent_6,0.270481,0.02875366248190403,0,Toxic Model 1,Network1,0.1,24.0,0.05,true,true,true,true,1,1,0.2
1,5,agent_6,0.270481,,0,Toxic Model 1,Network1,0.1,24.0,0.05,true,true,true,true,1,1,0.2
1,5,agent_9,0.1,0.09112955629825592,0,Toxic Model 1,Network1,0.1,24.0,0.05,true,true,true,true,1,1,0.2
1,6,agent_1,0.672653,,0,Toxic Model 1,Network1,0.1,24.0,0.05,true,true,true,true,1,1,0.2
1,6,agent_4,0.593045,,0,Toxic Model 1,Network1,0.1,24.0,0.05,true,true,true,true,1,1,0.2
1,6,agent_9,0.1,,0,Toxic Model 1,Network1,0.1,24.0,0.05,true,true,true,true,1,1,0.2
1,7,agent_1,0.672653,,0,Toxic Model 1,Network1,0.1,24.0,0.05,true,true,true,true,1,1,0.2
1,9,agent_7,0.0959302,,0,Toxic Model 1,Network1,0.1,24.0,0.05,true,true,true,true,1,1,0.2
1,9,agent_1,0.672653,0.6325848698616028,0,Toxic Model 1,Network1,0.1,24.0,0.05,true,true,true,true,1,1,0.2
1,10,agent_2,0.587706,,0,Toxic Model 1,Network1,0.1,24.0,0.05,true,true,true,true,1,1,0.2
1,10,agent_4,0.593045,0.5451070070266724,0,Toxic Model 1,Network1,0.1,24.0,0.05,true,true,true,true,1,1,0.2
1,11,agent_7,0.0959302,0.030102143064141273,0,Toxic Model 1,Network1,0.1,24.0,0.05,true,true,true,true,1,1,0.2
1,11,agent_9,0.1,,0,Toxic Model 1,Network1,0.1,24.0,0.05,true,true,true,true,1,1,0.2
1,11,agent_2,0.587706,,0,Toxic Model 1,Network1,0.1,24.0,0.05,true,true,true,true,1,1,0.2
1,12,agent_2,0.587706,,0,Toxic Model 1,Network1,0.1,24.0,0.05,true,true,true,true,1,1,0.2
1,12,agent_4,0.593045,,0,Toxic Model 1,Network1,0.1,24.0,0.05,true,true,true,true,1,1,0.2
1,14,agent_9,0.1,0.013410179875791073,0,Toxic Model 1,Network1,0.1,24.0,0.05,true,true,true,true,1,1,0.2
1,16,agent_7,0.0959302,,0,Toxic Model 1,Network1,0.1,24.0,0.05,true,true,true,true,1,1,0.2
1,17,agent_7,0.0959302,,0,Toxic Model 1,Network1,0.1,24.0,0.05,true,true,true,true,1,1,0.2
1,19,agent_9,0.1,,0,Toxic Model 1,Network1,0.1,24.0,0.05,true,true,true,true,1,1,0.2
1,21,agent_9,0.1,,0,Toxic Model 1,Network1,0.1,24.0,0.05,true,true,true,true,1,1,0.2
1,22,agent_9,0.1,,0,Toxic Model 1,Network1,0.1,24.0,0.05,true,true,true,true,1,1,0.2
1,25,agent_9,0.1,,0,Toxic Model 1,Network1,0.1,24.0,0.05,true,true,true,true,1,1,0.2
1,28,agent_9,0.1,0.043357547372579575,0,Toxic Model 1,Network1,0.1,24.0,0.05,true,true,true,true,1,1,0.2
1,29,agent_9,0.1,0.08804894238710403,0,Toxic Model 1,Network1,0.1,24.0,0.05,true,true,true,true,1,1,0.2
1,30,agent_9,0.1,0.00714872544631362,0,Toxic Model 1,Network1,0.1,24.0,0.05,true,true,true,true,1,1,0.2
1,31,agent_9,0.1,,0,Toxic Model 1,Network1,0.1,24.0,0.05,true,true,true,true,1,1,0.2
1,32,agent_9,0.1,0.029643544927239418,0,Toxic Model 1,Network1,0.1,24.0,0.05,true,true,true,true,1,1,0.2
2,1,agent_0,0.870639,,0,Toxic Model 2,Network2,0.1,24.0,0.05,true,true,true,true,2,10,0.4
2,2,agent_8,0.632556,0.37384286522865295,0,Toxic Model 2,Network2,0.1,24.0,0.05,true,true,true,true,2,10,0.4
2,3,agent_0,0.870639,,0,Toxic Model 2,Network2,0.1,24.0,0.05,true,true,true,true,2,10,0.4
2,3,agent_8,0.632556,,0,Toxic Model 2,Network2,0.1,24.0,0.05,true,true,true,true,2,10,0.4
2,3,agent_8,0.632556,0.5018589496612549,0,Toxic Model 2,Network2,0.1,24.0,0.05,true,true,true,true,2,10,0.4
2,3,agent_1,0.672653,,0,Toxic Model 2,Network2,0.1,24.0,0.05,true,true,true,true,2,10,0.4
2,4,agent_0,0.870639,0.8098418712615967,0,Toxic Model 2,Network2,0.1,24.0,0.05,true,true,true,true,2,10,0.4
2,4,agent_3,0.255014,,0,Toxic Model 2,Network2,0.1,24.0,0.05,true,true,true,true,2,10,0.4
2,4,agent_3,0.255014,,0,Toxic Model 2,Network2,0.1,24.0,0.05,true,true,true,true,2,10,0.4
2,4,agent_7,0.0959302,,0,Toxic Model 2,Network2,0.1,24.0,0.05,true,true,true,true,2,10,0.4
2,5,agent_8,0.632556,0.16990886628627777,0,Toxic Model 2,Network2,0.1,24.0,0.05,true,true,true,true,2,10,0.4
2,5,agent_7,0.0959302,0.019648658111691475,0,Toxic Model 2,Network2,0.1,24.0,0.05,true,true,true,true,2,10,0.4
2,6,agent_0,0.870639,,0,Toxic Model 2,Network2,0.1,24.0,0.05,true,true,true,true,2,10,0.4
2,6,agent_7,0.0959302,0.030835557729005814,0,Toxic Model 2,Network2,0.1,24.0,0.05,true,true,true,true,2,10,0.4
2,7,agent_0,0.870639,0.15048016607761383,0,Toxic Model 2,Network2,0.1,24.0,0.05,true,true,true,true,2,10,0.4
2,7,agent_4,0.593045,0.10633766651153564,0,Toxic Model 2,Network2,0.1,24.0,0.05,true,true,true,true,2,10,0.4
2,7,agent_0,0.870639,,0,Toxic Model 2,Network2,0.1,24.0,0.05,true,true,true,true,2,10,0.4
2,8,agent_7,0.0959302,0.04410325363278389,0,Toxic Model 2,Network2,0.1,24.0,0.05,true,true,true,true,2,10,0.4
2,8,agent_7,0.0959302,,0,Toxic Model 2,Network2,0.1,24.0,0.05,true,true,true,true,2,10,0.4
2,8,agent_3,0.255014,0.0980788841843605,0,Toxic Model 2,Network2,0.1,24.0,0.05,true,true,true,true,2,10,0.4
2,8,agent_1,0.672653,,0,Toxic Model 2,Network2,0.1,24.0,0.05,true,true,true,true,2,10,0.4
2,8,agent_0,0.870639,0.8227365612983704,0,Toxic Model 2,Network2,0.1,24.0,0.05,true,true,true,true,2,10,0.4
2,8,agent_0,0.870639,,0,Toxic Model 2,Network2,0.1,24.0,0.05,true,true,true,true,2,10,0.4
2,10,agent_3,0.255014,0.2526477873325348,0,Toxic Model 2,Network2,0.1,24.0,0.05,true,true,true,true,2,10,0.4
2,11,agent_1,0.672653,0.2163418084383011,0,Toxic Model 2,Network2,0.1,24.0,0.05,true,true,true,true,2,10,0.4
2,11,agent_1,0.672653,0.01809038408100605,0,Toxic Model 2,Network2,0.1,24.0,0.05,true,true,true,true,2,10,0.4
2,12,agent_7,0.0959302,0.015347587876021862,0,Toxic Model 2,Network2,0.1,24.0,0.05,true,true,true,true,2,10,0.4
2,12,agent_7,0.0959302,0.017789602279663086,0,Toxic Model 2,Network2,0.1,24.0,0.05,true,true,true,true,2,10,0.4
2,13,agent_4,0.593045,,0,Toxic Model 2,Network2,0.1,24.0,0.05,true,true,true,true,2,10,0.4
2,13,agent_4,0.593045,,0,Toxic Model 2,Network2,0.1,24.0,0.05,true,true,true,true,2,10,0.4
2,13,agent_3,0.255014,0.2531719505786896,0,Toxic Model 2,Network2,0.1,24.0,0.05,true,true,true,true,2,10,0.4
2,14,agent_8,0.632556,0.5627387166023254,0,Toxic Model 2,Network2,0.1,24.0,0.05,true,true,true,true,2,10,0.4
2,15,agent_4,0.593045,,0,Toxic Model 2,Network2,0.1,24.0,0.05,true,true,true,true,2,10,0.4
2,16,agent_0,0.870639,0.2624189853668213,0,Toxic Model 2,Network2,0.1,24.0,0.05,true,true,true,true,2,10,0.4
2,16,agent_4,0.593045,0.10157103836536407,0,Toxic Model 2,Network2,0.1,24.0,0.05,true,true,true,true,2,10,0.4
2,16,agent_4,0.593045,,0,Toxic Model 2,Network2,0.1,24.0,0.05,true,true,true,true,2,10,0.4
2,16,agent_7,0.0959302,0.07201538980007172,0,Toxic Model 2,Network2,0.1,24.0,0.05,true,true,true,true,2,10,0.4
2,18,agent_3,0.255014,,0,Toxic Model 2,Network2,0.1,24.0,0.05,true,true,true,true,2,10,0.4
2,18,agent_7,0.0959302,,0,Toxic Model 2,Network2,0.1,24.0,0.05,true,true,true,true,2,10,0.4
2,18,agent_7,0.0959302,0.026884347200393677,0,Toxic Model 2,Network2,0.1,24.0,0.05,true,true,true,true,2,10,0.4
2,19,agent_7,0.0959302,0.08065185695886612,0,Toxic Model 2,Network2,0.1,24.0,0.05,true,true,true,true,2,10,0.4
2,19,agent_7,0.0959302,0.01345094759017229,0,Toxic Model 2,Network2,0.1,24.0,0.05,true,true,true,true,2,10,0.4
2,20,agent_0,0.870639,0.31109854578971863,0,Toxic Model 2,Network2,0.1,24.0,0.05,true,true,true,true,2,10,0.4
2,20,agent_2,0.587706,,0,Toxic Model 2,Network2,0.1,24.0,0.05,true,true,true,true,2,10,0.4
2,21,agent_7,0.0959302,,0,Toxic Model 2,Network2,0.1,24.0,0.05,true,true,true,true,2,10,0.4
2,21,agent_7,0.0959302,,0,Toxic Model 2,Network2,0.1,24.0,0.05,true,true,true,true,2,10,0.4
2,22,agent_4,0.593045,,0,Toxic Model 2,Network2,0.1,24.0,0.05,true,true,true,true,2,10,0.4
2,22,agent_6,0.270481,,0,Toxic Model 2,Network2,0.1,24.0,0.05,true,true,true,true,2,10,0.4
2,22,agent_1,0.672653,0.03694445267319679,0,Toxic Model 2,Network2,0.1,24.0,0.05,true,true,true,true,2,10,0.4
2,23,agent_2,0.587706,,0,Toxic Model 2,Network2,0.1,24.0,0.05,true,true,true,true,2,10,0.4
2,23,agent_6,0.270481,,0,Toxic Model 2,Network2,0.1,24.0,0.05,true,true,true,true,2,10,0.4
2,23,agent_7,0.0959302,0.08937819302082062,0,Toxic Model 2,Network2,0.1,24.0,0.05,true,true,true,true,2,10,0.4
2,23,agent_7,0.0959302,,0,Toxic Model 2,Network2,0.1,24.0,0.05,true,true,true,true,2,10,0.4
2,23,agent_8,0.632556,,0,Toxic Model 2,Network2,0.1,24.0,0.05,true,true,true,true,2,10,0.4
2,23,agent_6,0.270481,0.17716141045093536,0,Toxic Model 2,Network2,0.1,24.0,0.05,true,true,true,true,2,10,0.4
2,23,agent_4,0.593045,,0,Toxic Model 2,Network2,0.1,24.0,0.05,true,true,true,true,2,10,0.4
2,24,agent_5,0.27172,,0,Toxic Model 2,Network2,0.1,24.0,0.05,true,true,true,true,2,10,0.4
2,24,agent_5,0.27172,,0,Toxic Model 2,Network2,0.1,24.0,0.05,true,true,true,true,2,10,0.4
2,24,agent_8,0.632556,,0,Toxic Model 2,Network2,0.1,24.0,0.05,true,true,true,true,2,10,0.4
2,25,agent_1,0.672653,,0,Toxic Model 2,Network2,0.1,24.0,0.05,true,true,true,true,2,10,0.4
2,25,agent_6,0.270481,0.02970375306904316,0,Toxic Model 2,Network2,0.1,24.0,0.05,true,true,true,true,2,10,0.4
2,25,agent_8,0.632556,,0,Toxic Model 2,Network2,0.1,24.0,0.05,true,true,true,true,2,10,0.4
2,27,agent_7,0.0959302,0.015354106202721596,0,Toxic Model 2,Network2,0.1,24.0,0.05,true,true,true,true,2,10,0.4
2,28,agent_0,0.870639,,0,Toxic Model 2,Network2,0.1,24.0,0.05,true,true,true,true,2,10,0.4
2,28,agent_7,0.0959302,,0,Toxic Model 2,Network2,0.1,24.0,0.05,true,true,true,true,2,10,0.4
2,28,agent_7,0.0959302,0.019651761278510094,0,Toxic Model 2,Network2,0.1,24.0,0.05,true,true,true,true,2,10,0.4
2,29,agent_8,0.632556,,0,Toxic Model 2,Network2,0.1,24.0,0.05,true,true,true,true,2,10,0.4
2,29,agent_7,0.0959302,0.0747334212064743,0,Toxic Model 2,Network2,0.1,24.0,0.05,true,true,true,true,2,10,0.4
2,30,agent_3,0.255014,0.0200121458619833,0,Toxic Model 2,Network2,0.1,24.0,0.05,true,true,true,true,2,10,0.4
2,31,agent_1,0.672653,0.24914635717868805,0,Toxic Model 2,Network2,0.1,24.0,0.05,true,true,true,true,2,10,0.4
2,31,agent_7,0.0959302,0.06965260207653046,0,Toxic Model 2,Network2,0.1,24.0,0.05,true,true,true,true,2,10,0.4
2,31,agent_1,0.672653,0.009529421105980873,0,Toxic Model 2,Network2,0.1,24.0,0.05,true,true,true,true,2,10,0.4
2,32,agent_3,0.255014,,0,Toxic Model 2,Network2,0.1,24.0,0.05,true,true,true,true,2,10,0.4
2,32,agent_5,0.27172,,0,Toxic Model 2,Network2,0.1,24.0,0.05,true,true,true,true,2,10,0.4
2,33,agent_4,0.593045,,0,Toxic Model 2,Network2,0.1,24.0,0.05,true,true,true,true,2,10,0.4
2,33,agent_4,0.593045,0.4334196150302887,0,Toxic Model 2,Network2,0.1,24.0,0.05,true,true,true,true,2,10,0.4
2,33,agent_7,0.0959302,,0,Toxic Model 2,Network2,0.1,24.0,0.05,true,true,true,true,2,10,0.4
2,33,agent_4,0.593045,,0,Toxic Model 2,Network2,0.1,24.0,0.05,true,true,true,true,2,10,0.4
2,34,agent_1,0.672653,,0,Toxic Model 2,Network2,0.1,24.0,0.05,true,true,true,true,2,10,0.4
2,34,agent_4,0.593045,,0,Toxic Model 2,Network2,0.1,24.0,0.05,true,true,true,true,2,10,0.4
2,34,agent_6,0.270481,0.17184068262577057,0,Toxic Model 2,Network2,0.1,24.0,0.05,true,true,true,true,2,10,0.4
2,35,agent_0,0.870639,,0,Toxic Model 2,Network2,0.1,24.0,0.05,true,true,true,true,2,10,0.4
2,35,agent_9,0.1,0.050726618617773056,0,Toxic Model 2,Network2,0.1,24.0,0.05,true,true,true,true,2,10,0.4
2,35,agent_6,0.270481,0.02306661568582058,0,Toxic Model 2,Network2,0.1,24.0,0.05,true,true,true,true,2,10,0.4
2,36,agent_0,0.870639,0.8338654637336731,0,Toxic Model 2,Network2,0.1,24.0,0.05,true,true,true,true,2,10,0.4
2,37,agent_0,0.870639,,0,Toxic Model 2,Network2,0.1,24.0,0.05,true,true,true,true,2,10,0.4
2,37,agent_0,0.870639,,0,Toxic Model 2,Network2,0.1,24.0,0.05,true,true,true,true,2,10,0.4
2,38,agent_1,0.672653,0.4815080165863037,0,Toxic Model 2,Network2,0.1,24.0,0.05,true,true,true,true,2,10,0.4
2,38,agent_1,0.672653,,0,Toxic Model 2,Network2,0.1,24.0,0.05,true,true,true,true,2,10,0.4
2,38,agent_7,0.0959302,0.03770190849900246,0,Toxic Model 2,Network2,0.1,24.0,0.05,true,true,true,true,2,10,0.4
2,38,agent_9,0.1,0.008246003650128841,0,Toxic Model 2,Network2,0.1,24.0,0.05,true,true,true,true,2,10,0.4
2,38,agent_9,0.1,0.015030614100396633,0,Toxic Model 2,Network2,0.1,24.0,0.05,true,true,true,true,2,10,0.4
2,40,agent_4,0.593045,,0,Toxic Model 2,Network2,0.1,24.0,0.05,true,true,true,true,2,10,0.4
2,40,agent_4,0.593045,0.024946240708231926,0,Toxic Model 2,Network2,0.1,24.0,0.05,true,true,true,true,2,10,0.4
2,40,agent_5,0.27172,,0,Toxic Model 2,Network2,0.1,24.0,0.05,true,true,true,true,2,10,0.4
2,41,agent_0,0.870639,0.1319042295217514,0,Toxic Model 2,Network2,0.1,24.0,0.05,true,true,true,true,2,10,0.4
2,41,agent_1,0.672653,0.6385988593101501,0,Toxic Model 2,Network2,0.1,24.0,0.05,true,true,true,true,2,10,0.4
2,42,agent_6,0.270481,0.04548969492316246,0,Toxic Model 2,Network2,0.1,24.0,0.05,true,true,true,true,2,10,0.4
2,42,agent_7,0.0959302,0.003591367742046714,0,Toxic Model 2,Network2,0.1,24.0,0.05,true,true,true,true,2,10,0.4
2,42,agent_7,0.0959302,0.039827194064855576,0,Toxic Model 2,Network2,0.1,24.0,0.05,true,true,true,true,2,10,0.4
2,43,agent_1,0.672653,0.05274795740842819,0,Toxic Model 2,Network2,0.1,24.0,0.05,true,true,true,true,2,10,0.4
2,44,agent_3,0.255014,0.2540742754936218,0,Toxic Model 2,Network2,0.1,24.0,0.05,true,true,true,true,2,10,0.4
2,44,agent_7,0.0959302,0.007321694400161505,0,Toxic Model 2,Network2,0.1,24.0,0.05,true,true,true,true,2,10,0.4
2,46,agent_2,0.587706,,0,Toxic Model 2,Network2,0.1,24.0,0.05,true,true,true,true,2,10,0.4
2,47,agent_4,0.593045,,0,Toxic Model 2,Network2,0.1,24.0,0.05,true,true,true,true,2,10,0.4
2,48,agent_9,0.1,,0,Toxic Model 2,Network2,0.1,24.0,0.05,true,true,true,true,2,10,0.4
2,48,agent_9,0.1,0.0032839954365044832,0,Toxic Model 2,Network2,0.1,24.0,0.05,true,true,true,true,2,10,0.4
2,48,agent_7,0.0959302,0.033618174493312836,0,Toxic Model 2,Network2,0.1,24.0,0.05,true,true,true,true,2,10,0.4
2,48,agent_7,0.0959302,0.031326040625572205,0,Toxic Model 2,Network2,0.1,24.0,0.05,true,true,true,true,2,10,0.4
2,48,agent_5,0.27172,,0,Toxic Model 2,Network2,0.1,24.0,0.05,true,true,true,true,2,10,0.4
2,50,agent_0,0.870639,0.0426945760846138,0,Toxic Model 2,Network2,0.1,24.0,0.05,true,true,true,true,2,10,0.4
2,50,agent_0,0.870639,,0,Toxic Model 2,Network2,0.1,24.0,0.05,true,true,true,true,2,10,0.4
2,51,agent_3,0.255014,,0,Toxic Model 2,Network2,0.1,24.0,0.05,true,true,true,true,2,10,0.4
2,55,agent_2,0.587706,,0,Toxic Model 2,Network2,0.1,24.0,0.05,true,true,true,true,2,10,0.4
2,55,agent_2,0.587706,,0,Toxic Model 2,Network2,0.1,24.0,0.05,true,true,true,true,2,10,0.4
2,58,agent_5,0.27172,,0,Toxic Model 2,Network2,0.1,24.0,0.05,true,true,true,true,2,10,0.4
2,59,agent_5,0.27172,,0,Toxic Model 2,Network2,0.1,24.0,0.05,true,true,true,true,2,10,0.4
2,60,agent_9,0.1,,0,Toxic Model 2,Network2,0.1,24.0,0.05,true,true,true,true,2,10,0.4
2,64,agent_6,0.270481,,0,Toxic Model 2,Network2,0.1,24.0,0.05,true,true,true,true,2,10,0.4
2,66,agent_2,0.587706,,0,Toxic Model 2,Network2,0.1,24.0,0.05,true,true,true,true,2,10,0.4
2,68,agent_3,0.255014,0.020053548738360405,0,Toxic Model 2,Network2,0.1,24.0,0.05,true,true,true,true,2,10,0.4
2,68,agent_3,0.255014,,0,Toxic Model 2,Network2,0.1,24.0,0.05,true,true,true,true,2,10,0.4
2,70,agent_2,0.587706,,0,Toxic Model 2,Network2,0.1,24.0,0.05,true,true,true,true,2,10,0.4
2,70,agent_3,0.255014,,0,Toxic Model 2,Network2,0.1,24.0,0.05,true,true,true,true,2,10,0.4
2,72,agent_5,0.27172,0.04788096621632576,0,Toxic Model 2,Network2,0.1,24.0,0.05,true,true,true,true,2,10,0.4
2,75,agent_2,0.587706,,0,Toxic Model 2,Network2,0.1,24.0,0.05,true,true,true,true,2,10,0.4
2,76,agent_5,0.27172,,0,Toxic Model 2,Network2,0.1,24.0,0.05,true,true,true,true,2,10,0.4
2,76,agent_5,0.27172,,0,Toxic Model 2,Network2,0.1,24.0,0.05,true,true,true,true,2,10,0.4
2,77,agent_5,0.27172,0.21366289258003235,0,Toxic Model 2,Network2,0.1,24.0,0.05,true,true,true,true,2,10,0.4
2,78,agent_2,0.587706,0.39419639110565186,0,Toxic Model 2,Network2,0.1,24.0,0.05,true,true,true,true,2,10,0.4
2,78,agent_3,0.255014,0.06685931235551834,0,Toxic Model 2,Network2,0.1,24.0,0.05,true,true,true,true,2,10,0.4
2,82,agent_9,0.1,,0,Toxic Model 2,Network2,0.1,24.0,0.05,true,true,true,true,2,10,0.4
2,82,agent_2,0.587706,,0,Toxic Model 2,Network2,0.1,24.0,0.05,true,true,true,true,2,10,0.4
2,84,agent_9,0.1,0.030455207452178,0,Toxic Model 2,Network2,0.1,24.0,0.05,true,true,true,true,2,10,0.4
2,84,agent_9,0.1,0.07209717482328415,0,Toxic Model 2,Network2,0.1,24.0,0.05,true,true,true,true,2,10,0.4
2,88,agent_5,0.27172,,0,Toxic Model 2,Network2,0.1,24.0,0.05,true,true,true,true,2,10,0.4
2,91,agent_0,0.870639,0.44296354055404663,0,Toxic Model 2,Network2,0.1,24.0,0.05,true,true,true,true,2,10,0.4
2,91,agent_2,0.587706,,0,Toxic Model 2,Network2,0.1,24.0,0.05,true,true,true,true,2,10,0.4
2,94,agent_0,0.870639,0.791861355304718,0,Toxic Model 2,Network2,0.1,24.0,0.05,true,true,true,true,2,10,0.4
2,95,agent_9,0.1,,0,Toxic Model 2,Network2,0.1,24.0,0.05,true,true,true,true,2,10,0.4
2,95,agent_9,0.1,0.07275504618883133,0,Toxic Model 2,Network2,0.1,24.0,0.05,true,true,true,true,2,10,0.4
2,95,agent_2,0.587706,,0,Toxic Model 2,Network2,0.1,24.0,0.05,true,true,true,true,2,10,0.4
2,96,agent_2,0.587706,,0,Toxic Model 2,Network2,0.1,24.0,0.05,true,true,true,true,2,10,0.4
2,96,agent_2,0.587706,,0,Toxic Model 2,Network2,0.1,24.0,0.05,true,true,true,true,2,10,0.4
2,98,agent_3,0.255014,,0,Toxic Model 2,Network2,0.1,24.0,0.05,true,true,true,true,2,10,0.4
2,99,agent_9,0.1,,0,Toxic Model 2,Network2,0.1,24.0,0.05,true,true,true,true,2,10,0.4
2,99,agent_5,0.27172,,0,Toxic Model 2,Network2,0.1,24.0,0.05,true,true,true,true,2,10,0.4
3,0,agent_5,0.27172,,0,Toxic Model 3,Network3,0.1,24.0,0.4,false,true,true,false,2,1,0.6
3,2,agent_2,0.587706,0.1486959457397461,0,Toxic Model 3,Network3,0.1,24.0,0.4,false,true,true,false,2,1,0.6
3,3,agent_6,0.270481,0.06463441997766495,0,Toxic Model 3,Network3,0.1,24.0,0.4,false,true,true,false,2,1,0.6
3,3,agent_8,0.632556,0.4138748049736023,0,Toxic Model 3,Network3,0.1,24.0,0.4,false,true,true,false,2,1,0.6
3,4,agent_5,0.27172,0.24919471144676208,0,Toxic Model 3,Network3,0.1,24.0,0.4,false,true,true,false,2,1,0.6
3,4,agent_2,0.587706,0.17341288924217224,0,Toxic Model 3,Network3,0.1,24.0,0.4,false,true,true,false,2,1,0.6
3,4,agent_2,0.587706,,0,Toxic Model 3,Network3,0.1,24.0,0.4,false,true,true,false,2,1,0.6
3,5,agent_2,0.587706,,0,Toxic Model 3,Network3,0.1,24.0,0.4,false,true,true,false,2,1,0.6
3,5,agent_2,0.587706,,0,Toxic Model 3,Network3,0.1,24.0,0.4,false,true,true,false,2,1,0.6
3,5,agent_6,0.270481,,0,Toxic Model 3,Network3,0.1,24.0,0.4,false,true,true,false,2,1,0.6
3,5,agent_8,0.632556,0.5748307704925537,0,Toxic Model 3,Network3,0.1,24.0,0.4,false,true,true,false,2,1,0.6
3,6,agent_2,0.587706,,0,Toxic Model 3,Network3,0.1,24.0,0.4,false,true,true,false,2,1,0.6
3,6,agent_8,0.632556,,0,Toxic Model 3,Network3,0.1,24.0,0.4,false,true,true,false,2,1,0.6
3,8,agent_0,0.870639,0.17252863943576813,0,Toxic Model 3,Network3,0.1,24.0,0.4,false,true,true,false,2,1,0.6
3,8,agent_6,0.270481,0.14896260201931,0,Toxic Model 3,Network3,0.1,24.0,0.4,false,true,true,false,2,1,0.6
3,9,agent_5,0.27172,0.17669297754764557,0,Toxic Model 3,Network3,0.1,24.0,0.4,false,true,true,false,2,1,0.6
3,9,agent_5,0.27172,,0,Toxic Model 3,Network3,0.1,24.0,0.4,false,true,true,false,2,1,0.6
3,9,agent_5,0.27172,,0,Toxic Model 3,Network3,0.1,24.0,0.4,false,true,true,false,2,1,0.6
3,9,agent_5,0.27172,,0,Toxic Model 3,Network3,0.1,24.0,0.4,false,true,true,false,2,1,0.6
3,10,agent_2,0.587706,0.09152974933385849,0,Toxic Model 3,Network3,0.1,24.0,0.4,false,true,true,false,2,1,0.6
3,10,agent_8,0.632556,0.4950302243232727,0,Toxic Model 3,Network3,0.1,24.0,0.4,false,true,true,false,2,1,0.6
3,10,agent_6,0.270481,0.012092240154743195,0,Toxic Model 3,Network3,0.1,24.0,0.4,false,true,true,false,2,1,0.6
3,11,agent_5,0.27172,0.07779891788959503,0,Toxic Model 3,Network3,0.1,24.0,0.4,false,true,true,false,2,1,0.6
3,12,agent_0,0.870639,0.8357936143875122,0,Toxic Model 3,Network3,0.1,24.0,0.4,false,true,true,false,2,1,0.6
3,12,agent_2,0.587706,0.47802209854125977,0,Toxic Model 3,Network3,0.1,24.0,0.4,false,true,true,false,2,1,0.6
3,12,agent_3,0.255014,0.10512720793485641,0,Toxic Model 3,Network3,0.1,24.0,0.4,false,true,true,false,2,1,0.6
3,12,agent_3,0.255014,,0,Toxic Model 3,Network3,0.1,24.0,0.4,false,true,true,false,2,1,0.6
3,12,agent_0,0.870639,0.7453863620758057,0,Toxic Model 3,Network3,0.1,24.0,0.4,false,true,true,false,2,1,0.6
3,12,agent_0,0.870639,,0,Toxic Model 3,Network3,0.1,24.0,0.4,false,true,true,false,2,1,0.6
3,13,agent_1,0.672653,0.3121018707752228,0,Toxic Model 3,Network3,0.1,24.0,0.4,false,true,true,false,2,1,0.6
3,13,agent_2,0.587706,0.5205274820327759,0,Toxic Model 3,Network3,0.1,24.0,0.4,false,true,true,false,2,1,0.6
3,13,agent_2,0.587706,0.42729249596595764,0,Toxic Model 3,Network3,0.1,24.0,0.4,false,true,true,false,2,1,0.6
3,13,agent_2,0.587706,0.1389181911945343,0,Toxic Model 3,Network3,0.1,24.0,0.4,false,true,true,false,2,1,0.6
3,14,agent_2,0.587706,,0,Toxic Model 3,Network3,0.1,24.0,0.4,false,true,true,false,2,1,0.6
3,14,agent_4,0.593045,,0,Toxic Model 3,Network3,0.1,24.0,0.4,false,true,true,false,2,1,0.6
3,14,agent_6,0.270481,0.08160169422626495,0,Toxic Model 3,Network3,0.1,24.0,0.4,false,true,true,false,2,1,0.6
3,14,agent_8,0.632556,0.24999377131462097,0,Toxic Model 3,Network3,0.1,24.0,0.4,false,true,true,false,2,1,0.6
3,14,agent_2,0.587706,0.10501523315906525,0,Toxic Model 3,Network3,0.1,24.0,0.4,false,true,true,false,2,1,0.6
3,14,agent_2,0.587706,0.2214781641960144,0,Toxic Model 3,Network3,0.1,24.0,0.4,false,true,true,false,2,1,0.6
3,15,agent_8,0.632556,0.19849136471748352,0,Toxic Model 3,Network3,0.1,24.0,0.4,false,true,true,false,2,1,0.6
3,16,agent_0,0.870639,,0,Toxic Model 3,Network3,0.1,24.0,0.4,false,true,true,false,2,1,0.6
3,16,agent_1,0.672653,0.18417078256607056,0,Toxic Model 3,Network3,0.1,24.0,0.4,false,true,true,false,2,1,0.6
3,16,agent_1,0.672653,0.0955604612827301,0,Toxic Model 3,Network3,0.1,24.0,0.4,false,true,true,false,2,1,0.6
3,16,agent_1,0.672653,,0,Toxic Model 3,Network3,0.1,24.0,0.4,false,true,true,false,2,1,0.6
3,16,agent_6,0.270481,,0,Toxic Model 3,Network3,0.1,24.0,0.4,false,true,true,false,2,1,0.6
3,16,agent_5,0.27172,,0,Toxic Model 3,Network3,0.1,24.0,0.4,false,true,true,false,2,1,0.6
3,16,agent_2,0.587706,,0,Toxic Model 3,Network3,0.1,24.0,0.4,false,true,true,false,2,1,0.6
3,16,agent_2,0.587706,0.12219393253326416,0,Toxic Model 3,Network3,0.1,24.0,0.4,false,true,true,false,2,1,0.6
3,17,agent_0,0.870639,0.5647812485694885,0,Toxic Model 3,Network3,0.1,24.0,0.4,false,true,true,false,2,1,0.6
3,17,agent_4,0.593045,,0,Toxic Model 3,Network3,0.1,24.0,0.4,false,true,true,false,2,1,0.6
3,17,agent_6,0.270481,,0,Toxic Model 3,Network3,0.1,24.0,0.4,false,true,true,false,2,1,0.6
3,17,agent_6,0.270481,,0,Toxic Model 3,Network3,0.1,24.0,0.4,false,true,true,false,2,1,0.6
3,18,agent_1,0.672653,0.24704070389270782,0,Toxic Model 3,Network3,0.1,24.0,0.4,false,true,true,false,2,1,0.6
3,18,agent_2,0.587706,0.12357106804847717,0,Toxic Model 3,Network3,0.1,24.0,0.4,false,true,true,false,2,1,0.6
3,18,agent_8,0.632556,0.28545284271240234,0,Toxic Model 3,Network3,0.1,24.0,0.4,false,true,true,false,2,1,0.6
3,18,agent_8,0.632556,,0,Toxic Model 3,Network3,0.1,24.0,0.4,false,true,true,false,2,1,0.6
3,18,agent_8,0.632556,0.04708998277783394,0,Toxic Model 3,Network3,0.1,24.0,0.4,false,true,true,false,2,1,0.6
3,18,agent_1,0.672653,0.4838385283946991,0,Toxic Model 3,Network3,0.1,24.0,0.4,false,true,true,false,2,1,0.6
3,19,agent_6,0.270481,0.14848953485488892,0,Toxic Model 3,Network3,0.1,24.0,0.4,false,true,true,false,2,1,0.6
3,19,agent_6,0.270481,0.1311928778886795,0,Toxic Model 3,Network3,0.1,24.0,0.4,false,true,true,false,2,1,0.6
3,19,agent_5,0.27172,0.10551511496305466,0,Toxic Model 3,Network3,0.1,24.0,0.4,false,true,true,false,2,1,0.6
3,19,agent_4,0.593045,0.20694240927696228,0,Toxic Model 3,Network3,0.1,24.0,0.4,false,true,true,false,2,1,0.6
3,20,agent_8,0.632556,0.10744225978851318,0,Toxic Model 3,Network3,0.1,24.0,0.4,false,true,true,false,2,1,0.6
3,20,agent_8,0.632556,0.32700422406196594,0,Toxic Model 3,Network3,0.1,24.0,0.4,false,true,true,false,2,1,0.6
3,20,agent_6,0.270481,0.12480748444795609,0,Toxic Model 3,Network3,0.1,24.0,0.4,false,true,true,false,2,1,0.6
3,21,agent_6,0.270481,0.060713011771440506,0,Toxic Model 3,Network3,0.1,24.0,0.4,false,true,true,false,2,1,0.6
3,22,agent_6,0.270481,0.24027003347873688,0,Toxic Model 3,Network3,0.1,24.0,0.4,false,true,true,false,2,1,0.6
3,22,agent_6,0.270481,0.16744504868984222,0,Toxic Model 3,Network3,0.1,24.0,0.4,false,true,true,false,2,1,0.6
3,22,agent_6,0.270481,0.22241154313087463,0,Toxic Model 3,Network3,0.1,24.0,0.4,false,true,true,false,2,1,0.6
3,22,agent_6,0.270481,0.19917401671409607,0,Toxic Model 3,Network3,0.1,24.0,0.4,false,true,true,false,2,1,0.6
3,23,agent_4,0.593045,,0,Toxic Model 3,Network3,0.1,24.0,0.4,false,true,true,false,2,1,0.6
3,23,agent_8,0.632556,,0,Toxic Model 3,Network3,0.1,24.0,0.4,false,true,true,false,2,1,0.6
3,23,agent_6,0.270481,0.14042651653289795,0,Toxic Model 3,Network3,0.1,24.0,0.4,false,true,true,false,2,1,0.6
3,23,agent_6,0.270481,,0,Toxic Model 3,Network3,0.1,24.0,0.4,false,true,true,false,2,1,0.6
3,23,agent_5,0.27172,0.21815864741802216,0,Toxic Model 3,Network3,0.1,24.0,0.4,false,true,true,false,2,1,0.6
3,23,agent_5,0.27172,0.07698255032300949,0,Toxic Model 3,Network3,0.1,24.0,0.4,false,true,true,false,2,1,0.6
3,23,agent_5,0.27172,0.0662040188908577,0,Toxic Model 3,Network3,0.1,24.0,0.4,false,true,true,false,2,1,0.6
3,23,agent_5,0.27172,0.2668403685092926,0,Toxic Model 3,Network3,0.1,24.0,0.4,false,true,true,false,2,1,0.6
3,23,agent_5,0.27172,,0,Toxic Model 3,Network3,0.1,24.0,0.4,false,true,true,false,2,1,0.6
3,24,agent_8,0.632556,0.4742623269557953,0,Toxic Model 3,Network3,0.1,24.0,0.4,false,true,true,false,2,1,0.6
3,24,agent_6,0.270481,0.18828749656677246,0,Toxic Model 3,Network3,0.1,24.0,0.4,false,true,true,false,2,1,0.6
3,24,agent_6,0.270481,0.11459747701883316,0,Toxic Model 3,Network3,0.1,24.0,0.4,false,true,true,false,2,1,0.6
3,24,agent_6,0.270481,0.23872359097003937,0,Toxic Model 3,Network3,0.1,24.0,0.4,false,true,true,false,2,1,0.6
3,25,agent_1,0.672653,,0,Toxic Model 3,Network3,0.1,24.0,0.4,false,true,true,false,2,1,0.6
3,25,agent_8,0.632556,,0,Toxic Model 3,Network3,0.1,24.0,0.4,false,true,true,false,2,1,0.6
3,25,agent_8,0.632556,0.6268698573112488,0,Toxic Model 3,Network3,0.1,24.0,0.4,false,true,true,false,2,1,0.6
3,25,agent_8,0.632556,0.2506774961948395,0,Toxic Model 3,Network3,0.1,24.0,0.4,false,true,true,false,2,1,0.6
3,26,agent_8,0.632556,,0,Toxic Model 3,Network3,0.1,24.0,0.4,false,true,true,false,2,1,0.6
3,26,agent_6,0.270481,0.2363404780626297,0,Toxic Model 3,Network3,0.1,24.0,0.4,false,true,true,false,2,1,0.6
3,26,agent_6,0.270481,,0,Toxic Model 3,Network3,0.1,24.0,0.4,false,true,true,false,2,1,0.6
3,26,agent_2,0.587706,0.03054242581129074,0,Toxic Model 3,Network3,0.1,24.0,0.4,false,true,true,false,2,1,0.6
3,26,agent_2,0.587706,0.4314264953136444,0,Toxic Model 3,Network3,0.1,24.0,0.4,false,true,true,false,2,1,0.6
3,26,agent_2,0.587706,,0,Toxic Model 3,Network3,0.1,24.0,0.4,false,true,true,false,2,1,0.6
3,26,agent_2,0.587706,0.15595516562461853,0,Toxic Model 3,Network3,0.1,24.0,0.4,false,true,true,false,2,1,0.6
3,27,agent_8,0.632556,,0,Toxic Model 3,Network3,0.1,24.0,0.4,false,true,true,false,2,1,0.6
3,27,agent_6,0.270481,0.052641160786151886,0,Toxic Model 3,Network3,0.1,24.0,0.4,false,true,true,false,2,1,0.6
3,28,agent_2,0.587706,,0,Toxic Model 3,Network3,0.1,24.0,0.4,false,true,true,false,2,1,0.6
3,28,agent_4,0.593045,,0,Toxic Model 3,Network3,0.1,24.0,0.4,false,true,true,false,2,1,0.6
3,29,agent_0,0.870639,0.1539383977651596,0,Toxic Model 3,Network3,0.1,24.0,0.4,false,true,true,false,2,1,0.6
3,30,agent_1,0.672653,0.05424549803137779,0,Toxic Model 3,Network3,0.1,24.0,0.4,false,true,true,false,2,1,0.6
3,30,agent_3,0.255014,0.07264415919780731,0,Toxic Model 3,Network3,0.1,24.0,0.4,false,true,true,false,2,1,0.6
3,31,agent_0,0.870639,,0,Toxic Model 3,Network3,0.1,24.0,0.4,false,true,true,false,2,1,0.6
3,31,agent_6,0.270481,,0,Toxic Model 3,Network3,0.1,24.0,0.4,false,true,true,false,2,1,0.6
3,31,agent_6,0.270481,0.13924629986286163,0,Toxic Model 3,Network3,0.1,24.0,0.4,false,true,true,false,2,1,0.6
3,31,agent_6,0.270481,0.05870402976870537,0,Toxic Model 3,Network3,0.1,24.0,0.4,false,true,true,false,2,1,0.6
3,32,agent_2,0.587706,,0,Toxic Model 3,Network3,0.1,24.0,0.4,false,true,true,false,2,1,0.6
3,33,agent_0,0.870639,0.6018282175064087,0,Toxic Model 3,Network3,0.1,24.0,0.4,false,true,true,false,2,1,0.6
3,33,agent_6,0.270481,,0,Toxic Model 3,Network3,0.1,24.0,0.4,false,true,true,false,2,1,0.6
3,33,agent_8,0.632556,0.11499680578708649,0,Toxic Model 3,Network3,0.1,24.0,0.4,false,true,true,false,2,1,0.6
3,33,agent_0,0.870639,0.31285548210144043,0,Toxic Model 3,Network3,0.1,24.0,0.4,false,true,true,false,2,1,0.6
3,34,agent_8,0.632556,0.3546293377876282,0,Toxic Model 3,Network3,0.1,24.0,0.4,false,true,true,false,2,1,0.6
3,35,agent_4,0.593045,,0,Toxic Model 3,Network3,0.1,24.0,0.4,false,true,true,false,2,1,0.6
3,35,agent_8,0.632556,,0,Toxic Model 3,Network3,0.1,24.0,0.4,false,true,true,false,2,1,0.6
3,35,agent_8,0.632556,0.280107706785202,0,Toxic Model 3,Network3,0.1,24.0,0.4,false,true,true,false,2,1,0.6
3,35,agent_5,0.27172,0.14511917531490326,0,Toxic Model 3,Network3,0.1,24.0,0.4,false,true,true,false,2,1,0.6
3,35,agent_4,0.593045,0.006789055187255144,0,Toxic Model 3,Network3,0.1,24.0,0.4,false,true,true,false,2,1,0.6
3,36,agent_5,0.27172,,0,Toxic Model 3,Network3,0.1,24.0,0.4,false,true,true,false,2,1,0.6
3,36,agent_8,0.632556,,0,Toxic Model 3,Network3,0.1,24.0,0.4,false,true,true,false,2,1,0.6
3,36,agent_6,0.270481,0.19035325944423676,0,Toxic Model 3,Network3,0.1,24.0,0.4,false,true,true,false,2,1,0.6
3,36,agent_2,0.587706,0.31595999002456665,0,Toxic Model 3,Network3,0.1,24.0,0.4,false,true,true,false,2,1,0.6
3,37,agent_9,0.1,0.06987100839614868,0,Toxic Model 3,Network3,0.1,24.0,0.4,false,true,true,false,2,1,0.6
3,37,agent_8,0.632556,,0,Toxic Model 3,Network3,0.1,24.0,0.4,false,true,true,false,2,1,0.6
3,38,agent_0,0.870639,,0,Toxic Model 3,Network3,0.1,24.0,0.4,false,true,true,false,2,1,0.6
3,38,agent_4,0.593045,,0,Toxic Model 3,Network3,0.1,24.0,0.4,false,true,true,false,2,1,0.6
3,38,agent_5,0.27172,0.10756843537092209,0,Toxic Model 3,Network3,0.1,24.0,0.4,false,true,true,false,2,1,0.6
3,38,agent_6,0.270481,,0,Toxic Model 3,Network3,0.1,24.0,0.4,false,true,true,false,2,1,0.6
3,38,agent_6,0.270481,0.2661966383457184,0,Toxic Model 3,Network3,0.1,24.0,0.4,false,true,true,false,2,1,0.6
3,38,agent_5,0.27172,,0,Toxic Model 3,Network3,0.1,24.0,0.4,false,true,true,false,2,1,0.6
3,39,agent_0,0.870639,0.782150387763977,0,Toxic Model 3,Network3,0.1,24.0,0.4,false,true,true,false,2,1,0.6
3,39,agent_2,0.587706,0.08056392520666122,0,Toxic Model 3,Network3,0.1,24.0,0.4,false,true,true,false,2,1,0.6
3,39,agent_5,0.27172,0.036104731261730194,0,Toxic Model 3,Network3,0.1,24.0,0.4,false,true,true,false,2,1,0.6
3,39,agent_2,0.587706,0.5122585296630859,0,Toxic Model 3,Network3,0.1,24.0,0.4,false,true,true,false,2,1,0.6
3,40,agent_4,0.593045,,0,Toxic Model 3,Network3,0.1,24.0,0.4,false,true,true,false,2,1,0.6
3,40,agent_4,0.593045,0.1991317868232727,0,Toxic Model 3,Network3,0.1,24.0,0.4,false,true,true,false,2,1,0.6
3,40,agent_2,0.587706,,0,Toxic Model 3,Network3,0.1,24.0,0.4,false,true,true,false,2,1,0.6
3,40,agent_2,0.587706,,0,Toxic Model 3,Network3,0.1,24.0,0.4,false,true,true,false,2,1,0.6
3,40,agent_2,0.587706,0.5532594919204712,0,Toxic Model 3,Network3,0.1,24.0,0.4,false,true,true,false,2,1,0.6
3,41,agent_3,0.255014,0.22756093740463257,0,Toxic Model 3,Network3,0.1,24.0,0.4,false,true,true,false,2,1,0.6
3,41,agent_6,0.270481,0.1222725436091423,0,Toxic Model 3,Network3,0.1,24.0,0.4,false,true,true,false,2,1,0.6
3,43,agent_8,0.632556,,0,Toxic Model 3,Network3,0.1,24.0,0.4,false,true,true,false,2,1,0.6
3,44,agent_4,0.593045,0.498189777135849,0,Toxic Model 3,Network3,0.1,24.0,0.4,false,true,true,false,2,1,0.6
3,44,agent_8,0.632556,0.5890277624130249,0,Toxic Model 3,Network3,0.1,24.0,0.4,false,true,true,false,2,1,0.6
3,44,agent_8,0.632556,0.4281241297721863,0,Toxic Model 3,Network3,0.1,24.0,0.4,false,true,true,false,2,1,0.6
3,44,agent_8,0.632556,,0,Toxic Model 3,Network3,0.1,24.0,0.4,false,true,true,false,2,1,0.6
3,44,agent_9,0.1,,0,Toxic Model 3,Network3,0.1,24.0,0.4,false,true,true,false,2,1,0.6
3,45,agent_5,0.27172,,0,Toxic Model 3,Network3,0.1,24.0,0.4,false,true,true,false,2,1,0.6
3,45,agent_6,0.270481,0.02308601140975952,0,Toxic Model 3,Network3,0.1,24.0,0.4,false,true,true,false,2,1,0.6
3,45,agent_6,0.270481,0.0916103944182396,0,Toxic Model 3,Network3,0.1,24.0,0.4,false,true,true,false,2,1,0.6
3,45,agent_0,0.870639,0.8647245764732361,0,Toxic Model 3,Network3,0.1,24.0,0.4,false,true,true,false,2,1,0.6
3,47,agent_0,0.870639,,0,Toxic Model 3,Network3,0.1,24.0,0.4,false,true,true,false,2,1,0.6
3,47,agent_2,0.587706,,0,Toxic Model 3,Network3,0.1,24.0,0.4,false,true,true,false,2,1,0.6
3,47,agent_9,0.1,0.03818926587700844,0,Toxic Model 3,Network3,0.1,24.0,0.4,false,true,true,false,2,1,0.6
3,47,agent_8,0.632556,0.580949068069458,0,Toxic Model 3,Network3,0.1,24.0,0.4,false,true,true,false,2,1,0.6
3,47,agent_8,0.632556,,0,Toxic Model 3,Network3,0.1,24.0,0.4,false,true,true,false,2,1,0.6
3,48,agent_3,0.255014,,0,Toxic Model 3,Network3,0.1,24.0,0.4,false,true,true,false,2,1,0.6
3,49,agent_2,0.587706,,0,Toxic Model 3,Network3,0.1,24.0,0.4,false,true,true,false,2,1,0.6
3,49,agent_3,0.255014,,0,Toxic Model 3,Network3,0.1,24.0,0.4,false,true,true,false,2,1,0.6
3,50,agent_5,0.27172,,0,Toxic Model 3,Network3,0.1,24.0,0.4,false,true,true,false,2,1,0.6
3,50,agent_2,0.587706,0.338547945022583,0,Toxic Model 3,Network3,0.1,24.0,0.4,false,true,true,false,2,1,0.6
3,50,agent_2,0.587706,0.2575248181819916,0,Toxic Model 3,Network3,0.1,24.0,0.4,false,true,true,false,2,1,0.6
3,51,agent_5,0.27172,0.09394638240337372,0,Toxic Model 3,Network3,0.1,24.0,0.4,false,true,true,false,2,1,0.6
3,51,agent_2,0.587706,0.13311903178691864,0,Toxic Model 3,Network3,0.1,24.0,0.4,false,true,true,false,2,1,0.6
3,52,agent_2,0.587706,0.44573795795440674,0,Toxic Model 3,Network3,0.1,24.0,0.4,false,true,true,false,2,1,0.6
3,52,agent_7,0.0959302,,0,Toxic Model 3,Network3,0.1,24.0,0.4,false,true,true,false,2,1,0.6
3,52,agent_2,0.587706,,0,Toxic Model 3,Network3,0.1,24.0,0.4,false,true,true,false,2,1,0.6
3,52,agent_2,0.587706,0.17369148135185242,0,Toxic Model 3,Network3,0.1,24.0,0.4,false,true,true,false,2,1,0.6
3,53,agent_0,0.870639,,0,Toxic Model 3,Network3,0.1,24.0,0.4,false,true,true,false,2,1,0.6
3,53,agent_2,0.587706,0.24876242876052856,0,Toxic Model 3,Network3,0.1,24.0,0.4,false,true,true,false,2,1,0.6
3,53,agent_1,0.672653,,0,Toxic Model 3,Network3,0.1,24.0,0.4,false,true,true,false,2,1,0.6
3,53,agent_1,0.672653,0.43563875555992126,0,Toxic Model 3,Network3,0.1,24.0,0.4,false,true,true,false,2,1,0.6
3,54,agent_2,0.587706,0.28789710998535156,0,Toxic Model 3,Network3,0.1,24.0,0.4,false,true,true,false,2,1,0.6
3,54,agent_0,0.870639,,0,Toxic Model 3,Network3,0.1,24.0,0.4,false,true,true,false,2,1,0.6
3,55,agent_8,0.632556,,0,Toxic Model 3,Network3,0.1,24.0,0.4,false,true,true,false,2,1,0.6
3,55,agent_8,0.632556,0.008267076686024666,0,Toxic Model 3,Network3,0.1,24.0,0.4,false,true,true,false,2,1,0.6
3,55,agent_8,0.632556,0.4718977212905884,0,Toxic Model 3,Network3,0.1,24.0,0.4,false,true,true,false,2,1,0.6
3,55,agent_1,0.672653,0.586771547794342,0,Toxic Model 3,Network3,0.1,24.0,0.4,false,true,true,false,2,1,0.6
3,56,agent_1,0.672653,0.033221036195755005,0,Toxic Model 3,Network3,0.1,24.0,0.4,false,true,true,false,2,1,0.6
3,57,agent_0,0.870639,0.11613751202821732,0,Toxic Model 3,Network3,0.1,24.0,0.4,false,true,true,false,2,1,0.6
3,57,agent_1,0.672653,0.5884410738945007,0,Toxic Model 3,Network3,0.1,24.0,0.4,false,true,true,false,2,1,0.6
3,57,agent_3,0.255014,0.13829614222049713,0,Toxic Model 3,Network3,0.1,24.0,0.4,false,true,true,false,2,1,0.6
3,57,agent_5,0.27172,,0,Toxic Model 3,Network3,0.1,24.0,0.4,false,true,true,false,2,1,0.6
3,57,agent_8,0.632556,0.19190694391727448,0,Toxic Model 3,Network3,0.1,24.0,0.4,false,true,true,false,2,1,0.6
3,57,agent_3,0.255014,0.21466603875160217,0,Toxic Model 3,Network3,0.1,24.0,0.4,false,true,true,false,2,1,0.6
3,58,agent_2,0.587706,,0,Toxic Model 3,Network3,0.1,24.0,0.4,false,true,true,false,2,1,0.6
3,58,agent_6,0.270481,0.14379321038722992,0,Toxic Model 3,Network3,0.1,24.0,0.4,false,true,true,false,2,1,0.6
3,58,agent_1,0.672653,,0,Toxic Model 3,Network3,0.1,24.0,0.4,false,true,true,false,2,1,0.6
3,58,agent_1,0.672653,,0,Toxic Model 3,Network3,0.1,24.0,0.4,false,true,true,false,2,1,0.6
3,58,agent_0,0.870639,0.6246926188468933,0,Toxic Model 3,Network3,0.1,24.0,0.4,false,true,true,false,2,1,0.6
3,58,agent_0,0.870639,0.4227638840675354,0,Toxic Model 3,Network3,0.1,24.0,0.4,false,true,true,false,2,1,0.6
3,59,agent_1,0.672653,,0,Toxic Model 3,Network3,0.1,24.0,0.4,false,true,true,false,2,1,0.6
3,59,agent_4,0.593045,0.06012186035513878,0,Toxic Model 3,Network3,0.1,24.0,0.4,false,true,true,false,2,1,0.6
3,59,agent_1,0.672653,0.5395351648330688,0,Toxic Model 3,Network3,0.1,24.0,0.4,false,true,true,false,2,1,0.6
3,60,agent_4,0.593045,0.5040178894996643,0,Toxic Model 3,Network3,0.1,24.0,0.4,false,true,true,false,2,1,0.6
3,60,agent_0,0.870639,0.3365631103515625,0,Toxic Model 3,Network3,0.1,24.0,0.4,false,true,true,false,2,1,0.6
3,61,agent_9,0.1,,0,Toxic Model 3,Network3,0.1,24.0,0.4,false,true,true,false,2,1,0.6
3,61,agent_6,0.270481,,0,Toxic Model 3,Network3,0.1,24.0,0.4,false,true,true,false,2,1,0.6
3,62,agent_2,0.587706,0.29144197702407837,0,Toxic Model 3,Network3,0.1,24.0,0.4,false,true,true,false,2,1,0.6
3,62,agent_4,0.593045,,0,Toxic Model 3,Network3,0.1,24.0,0.4,false,true,true,false,2,1,0.6
3,62,agent_4,0.593045,,0,Toxic Model 3,Network3,0.1,24.0,0.4,false,true,true,false,2,1,0.6
3,62,agent_1,0.672653,0.4834096431732178,0,Toxic Model 3,Network3,0.1,24.0,0.4,false,true,true,false,2,1,0.6
3,62,agent_1,0.672653,,0,Toxic Model 3,Network3,0.1,24.0,0.4,false,true,true,false,2,1,0.6
3,63,agent_5,0.27172,0.1628074198961258,0,Toxic Model 3,Network3,0.1,24.0,0.4,false,true,true,false,2,1,0.6
3,63,agent_6,0.270481,,0,Toxic Model 3,Network3,0.1,24.0,0.4,false,true,true,false,2,1,0.6
3,63,agent_6,0.270481,0.039023805409669876,0,Toxic Model 3,Network3,0.1,24.0,0.4,false,true,true,false,2,1,0.6
3,64,agent_1,0.672653,,0,Toxic Model 3,Network3,0.1,24.0,0.4,false,true,true,false,2,1,0.6
3,64,agent_1,0.672653,,0,Toxic Model 3,Network3,0.1,24.0,0.4,false,true,true,false,2,1,0.6
3,64,agent_7,0.0959302,,0,Toxic Model 3,Network3,0.1,24.0,0.4,false,true,true,false,2,1,0.6
3,64,agent_8,0.632556,,0,Toxic Model 3,Network3,0.1,24.0,0.4,false,true,true,false,2,1,0.6
3,64,agent_8,0.632556,,0,Toxic Model 3,Network3,0.1,24.0,0.4,false,true,true,false,2,1,0.6
3,64,agent_8,0.632556,0.09504791349172592,0,Toxic Model 3,Network3,0.1,24.0,0.4,false,true,true,false,2,1,0.6
3,64,agent_8,0.632556,,0,Toxic Model 3,Network3,0.1,24.0,0.4,false,true,true,false,2,1,0.6
3,64,agent_2,0.587706,0.5100472569465637,0,Toxic Model 3,Network3,0.1,24.0,0.4,false,true,true,false,2,1,0.6
3,65,agent_0,0.870639,0.6178348064422607,0,Toxic Model 3,Network3,0.1,24.0,0.4,false,true,true,false,2,1,0.6
3,65,agent_8,0.632556,0.15586386620998383,0,Toxic Model 3,Network3,0.1,24.0,0.4,false,true,true,false,2,1,0.6
3,65,agent_4,0.593045,,0,Toxic Model 3,Network3,0.1,24.0,0.4,false,true,true,false,2,1,0.6
3,66,agent_2,0.587706,,0,Toxic Model 3,Network3,0.1,24.0,0.4,false,true,true,false,2,1,0.6
3,66,agent_4,0.593045,,0,Toxic Model 3,Network3,0.1,24.0,0.4,false,true,true,false,2,1,0.6
3,66,agent_5,0.27172,,0,Toxic Model 3,Network3,0.1,24.0,0.4,false,true,true,false,2,1,0.6
3,66,agent_1,0.672653,0.24660448729991913,0,Toxic Model 3,Network3,0.1,24.0,0.4,false,true,true,false,2,1,0.6
3,67,agent_2,0.587706,,0,Toxic Model 3,Network3,0.1,24.0,0.4,false,true,true,false,2,1,0.6
3,67,agent_2,0.587706,,0,Toxic Model 3,Network3,0.1,24.0,0.4,false,true,true,false,2,1,0.6
3,67,agent_6,0.270481,0.07859745621681213,0,Toxic Model 3,Network3,0.1,24.0,0.4,false,true,true,false,2,1,0.6
3,67,agent_6,0.270481,0.2674548327922821,0,Toxic Model 3,Network3,0.1,24.0,0.4,false,true,true,false,2,1,0.6
3,67,agent_8,0.632556,0.04381348192691803,0,Toxic Model 3,Network3,0.1,24.0,0.4,false,true,true,false,2,1,0.6
3,67,agent_8,0.632556,0.6010040044784546,0,Toxic Model 3,Network3,0.1,24.0,0.4,false,true,true,false,2,1,0.6
3,67,agent_5,0.27172,,0,Toxic Model 3,Network3,0.1,24.0,0.4,false,true,true,false,2,1,0.6
3,67,agent_5,0.27172,0.08560728281736374,0,Toxic Model 3,Network3,0.1,24.0,0.4,false,true,true,false,2,1,0.6
3,68,agent_2,0.587706,0.4996229410171509,0,Toxic Model 3,Network3,0.1,24.0,0.4,false,true,true,false,2,1,0.6
3,68,agent_3,0.255014,0.221275195479393,0,Toxic Model 3,Network3,0.1,24.0,0.4,false,true,true,false,2,1,0.6
3,68,agent_5,0.27172,,0,Toxic Model 3,Network3,0.1,24.0,0.4,false,true,true,false,2,1,0.6
3,69,agent_0,0.870639,0.8519760966300964,0,Toxic Model 3,Network3,0.1,24.0,0.4,false,true,true,false,2,1,0.6
3,69,agent_6,0.270481,0.1411171853542328,0,Toxic Model 3,Network3,0.1,24.0,0.4,false,true,true,false,2,1,0.6
3,70,agent_1,0.672653,0.3318495452404022,0,Toxic Model 3,Network3,0.1,24.0,0.4,false,true,true,false,2,1,0.6
3,70,agent_1,0.672653,0.5670400857925415,0,Toxic Model 3,Network3,0.1,24.0,0.4,false,true,true,false,2,1,0.6
3,71,agent_5,0.27172,,0,Toxic Model 3,Network3,0.1,24.0,0.4,false,true,true,false,2,1,0.6
3,71,agent_8,0.632556,,0,Toxic Model 3,Network3,0.1,24.0,0.4,false,true,true,false,2,1,0.6
3,71,agent_9,0.1,0.08887240290641785,0,Toxic Model 3,Network3,0.1,24.0,0.4,false,true,true,false,2,1,0.6
3,71,agent_5,0.27172,,0,Toxic Model 3,Network3,0.1,24.0,0.4,false,true,true,false,2,1,0.6
3,71,agent_5,0.27172,0.12623295187950134,0,Toxic Model 3,Network3,0.1,24.0,0.4,false,true,true,false,2,1,0.6
3,71,agent_5,0.27172,,0,Toxic Model 3,Network3,0.1,24.0,0.4,false,true,true,false,2,1,0.6
3,71,agent_5,0.27172,0.17061814665794373,0,Toxic Model 3,Network3,0.1,24.0,0.4,false,true,true,false,2,1,0.6
3,71,agent_5,0.27172,0.2579561471939087,0,Toxic Model 3,Network3,0.1,24.0,0.4,false,true,true,false,2,1,0.6
3,71,agent_3,0.255014,0.16833432018756866,0,Toxic Model 3,Network3,0.1,24.0,0.4,false,true,true,false,2,1,0.6
3,71,agent_1,0.672653,0.2500387728214264,0,Toxic Model 3,Network3,0.1,24.0,0.4,false,true,true,false,2,1,0.6
3,71,agent_1,0.672653,0.06552134454250336,0,Toxic Model 3,Network3,0.1,24.0,0.4,false,true,true,false,2,1,0.6
3,71,agent_1,0.672653,0.1424531638622284,0,Toxic Model 3,Network3,0.1,24.0,0.4,false,true,true,false,2,1,0.6
3,72,agent_3,0.255014,,0,Toxic Model 3,Network3,0.1,24.0,0.4,false,true,true,false,2,1,0.6
3,72,agent_5,0.27172,0.10872665792703629,0,Toxic Model 3,Network3,0.1,24.0,0.4,false,true,true,false,2,1,0.6
3,72,agent_3,0.255014,0.028815941885113716,0,Toxic Model 3,Network3,0.1,24.0,0.4,false,true,true,false,2,1,0.6
3,72,agent_3,0.255014,0.06123322620987892,0,Toxic Model 3,Network3,0.1,24.0,0.4,false,true,true,false,2,1,0.6
3,73,agent_1,0.672653,,0,Toxic Model 3,Network3,0.1,24.0,0.4,false,true,true,false,2,1,0.6
3,73,agent_3,0.255014,0.18065978586673737,0,Toxic Model 3,Network3,0.1,24.0,0.4,false,true,true,false,2,1,0.6
3,73,agent_4,0.593045,,0,Toxic Model 3,Network3,0.1,24.0,0.4,false,true,true,false,2,1,0.6
3,73,agent_4,0.593045,,0,Toxic Model 3,Network3,0.1,24.0,0.4,false,true,true,false,2,1,0.6
3,73,agent_6,0.270481,,0,Toxic Model 3,Network3,0.1,24.0,0.4,false,true,true,false,2,1,0.6
3,73,agent_9,0.1,0.07744015753269196,0,Toxic Model 3,Network3,0.1,24.0,0.4,false,true,true,false,2,1,0.6
3,73,agent_0,0.870639,,0,Toxic Model 3,Network3,0.1,24.0,0.4,false,true,true,false,2,1,0.6
3,74,agent_4,0.593045,,0,Toxic Model 3,Network3,0.1,24.0,0.4,false,true,true,false,2,1,0.6
3,74,agent_5,0.27172,0.10088499635457993,0,Toxic Model 3,Network3,0.1,24.0,0.4,false,true,true,false,2,1,0.6
3,75,agent_5,0.27172,0.2207256406545639,0,Toxic Model 3,Network3,0.1,24.0,0.4,false,true,true,false,2,1,0.6
3,75,agent_5,0.27172,0.005816599354147911,0,Toxic Model 3,Network3,0.1,24.0,0.4,false,true,true,false,2,1,0.6
3,75,agent_6,0.270481,,0,Toxic Model 3,Network3,0.1,24.0,0.4,false,true,true,false,2,1,0.6
3,76,agent_2,0.587706,0.2385302186012268,0,Toxic Model 3,Network3,0.1,24.0,0.4,false,true,true,false,2,1,0.6
3,76,agent_3,0.255014,0.14639191329479218,0,Toxic Model 3,Network3,0.1,24.0,0.4,false,true,true,false,2,1,0.6
3,76,agent_5,0.27172,0.07870475947856903,0,Toxic Model 3,Network3,0.1,24.0,0.4,false,true,true,false,2,1,0.6
3,76,agent_6,0.270481,,0,Toxic Model 3,Network3,0.1,24.0,0.4,false,true,true,false,2,1,0.6
3,76,agent_5,0.27172,0.06404656171798706,0,Toxic Model 3,Network3,0.1,24.0,0.4,false,true,true,false,2,1,0.6
3,76,agent_4,0.593045,0.09076327830553055,0,Toxic Model 3,Network3,0.1,24.0,0.4,false,true,true,false,2,1,0.6
3,76,agent_4,0.593045,0.04694308340549469,0,Toxic Model 3,Network3,0.1,24.0,0.4,false,true,true,false,2,1,0.6
3,77,agent_1,0.672653,0.18562433123588562,0,Toxic Model 3,Network3,0.1,24.0,0.4,false,true,true,false,2,1,0.6
3,77,agent_8,0.632556,0.30034202337265015,0,Toxic Model 3,Network3,0.1,24.0,0.4,false,true,true,false,2,1,0.6
3,77,agent_8,0.632556,0.4649977385997772,0,Toxic Model 3,Network3,0.1,24.0,0.4,false,true,true,false,2,1,0.6
3,77,agent_3,0.255014,0.1604253351688385,0,Toxic Model 3,Network3,0.1,24.0,0.4,false,true,true,false,2,1,0.6
3,77,agent_3,0.255014,,0,Toxic Model 3,Network3,0.1,24.0,0.4,false,true,true,false,2,1,0.6
3,77,agent_3,0.255014,,0,Toxic Model 3,Network3,0.1,24.0,0.4,false,true,true,false,2,1,0.6
3,78,agent_2,0.587706,0.269481360912323,0,Toxic Model 3,Network3,0.1,24.0,0.4,false,true,true,false,2,1,0.6
3,78,agent_6,0.270481,0.012508740648627281,0,Toxic Model 3,Network3,0.1,24.0,0.4,false,true,true,false,2,1,0.6
3,78,agent_6,0.270481,,0,Toxic Model 3,Network3,0.1,24.0,0.4,false,true,true,false,2,1,0.6
3,78,agent_6,0.270481,0.05893669277429581,0,Toxic Model 3,Network3,0.1,24.0,0.4,false,true,true,false,2,1,0.6
3,78,agent_2,0.587706,0.36172375082969666,0,Toxic Model 3,Network3,0.1,24.0,0.4,false,true,true,false,2,1,0.6
3,78,agent_2,0.587706,,0,Toxic Model 3,Network3,0.1,24.0,0.4,false,true,true,false,2,1,0.6
3,79,agent_0,0.870639,,0,Toxic Model 3,Network3,0.1,24.0,0.4,false,true,true,false,2,1,0.6
3,79,agent_1,0.672653,,0,Toxic Model 3,Network3,0.1,24.0,0.4,false,true,true,false,2,1,0.6
3,79,agent_5,0.27172,0.13379308581352234,0,Toxic Model 3,Network3,0.1,24.0,0.4,false,true,true,false,2,1,0.6
3,79,agent_8,0.632556,,0,Toxic Model 3,Network3,0.1,24.0,0.4,false,true,true,false,2,1,0.6
3,80,agent_0,0.870639,,0,Toxic Model 3,Network3,0.1,24.0,0.4,false,true,true,false,2,1,0.6
3,80,agent_0,0.870639,,0,Toxic Model 3,Network3,0.1,24.0,0.4,false,true,true,false,2,1,0.6
3,80,agent_2,0.587706,,0,Toxic Model 3,Network3,0.1,24.0,0.4,false,true,true,false,2,1,0.6
3,80,agent_5,0.27172,,0,Toxic Model 3,Network3,0.1,24.0,0.4,false,true,true,false,2,1,0.6
3,80,agent_4,0.593045,0.5323458313941956,0,Toxic Model 3,Network3,0.1,24.0,0.4,false,true,true,false,2,1,0.6
3,81,agent_4,0.593045,,0,Toxic Model 3,Network3,0.1,24.0,0.4,false,true,true,false,2,1,0.6
3,81,agent_6,0.270481,,0,Toxic Model 3,Network3,0.1,24.0,0.4,false,true,true,false,2,1,0.6
3,81,agent_4,0.593045,,0,Toxic Model 3,Network3,0.1,24.0,0.4,false,true,true,false,2,1,0.6
3,82,agent_8,0.632556,0.06549958884716034,0,Toxic Model 3,Network3,0.1,24.0,0.4,false,true,true,false,2,1,0.6
3,82,agent_8,0.632556,0.5278564691543579,0,Toxic Model 3,Network3,0.1,24.0,0.4,false,true,true,false,2,1,0.6
3,82,agent_8,0.632556,0.3833576440811157,0,Toxic Model 3,Network3,0.1,24.0,0.4,false,true,true,false,2,1,0.6
3,83,agent_1,0.672653,0.43258076906204224,0,Toxic Model 3,Network3,0.1,24.0,0.4,false,true,true,false,2,1,0.6
3,83,agent_3,0.255014,0.22107632458209991,0,Toxic Model 3,Network3,0.1,24.0,0.4,false,true,true,false,2,1,0.6
3,83,agent_1,0.672653,0.5069385766983032,0,Toxic Model 3,Network3,0.1,24.0,0.4,false,true,true,false,2,1,0.6
3,84,agent_0,0.870639,0.8125724792480469,0,Toxic Model 3,Network3,0.1,24.0,0.4,false,true,true,false,2,1,0.6
3,84,agent_0,0.870639,,0,Toxic Model 3,Network3,0.1,24.0,0.4,false,true,true,false,2,1,0.6
3,84,agent_6,0.270481,0.17787401378154755,0,Toxic Model 3,Network3,0.1,24.0,0.4,false,true,true,false,2,1,0.6
3,84,agent_6,0.270481,,0,Toxic Model 3,Network3,0.1,24.0,0.4,false,true,true,false,2,1,0.6
3,84,agent_5,0.27172,0.04239130765199661,0,Toxic Model 3,Network3,0.1,24.0,0.4,false,true,true,false,2,1,0.6
3,84,agent_2,0.587706,,0,Toxic Model 3,Network3,0.1,24.0,0.4,false,true,true,false,2,1,0.6
3,84,agent_2,0.587706,0.10351927578449249,0,Toxic Model 3,Network3,0.1,24.0,0.4,false,true,true,false,2,1,0.6
3,84,agent_0,0.870639,0.7053899168968201,0,Toxic Model 3,Network3,0.1,24.0,0.4,false,true,true,false,2,1,0.6
3,84,agent_0,0.870639,0.17806178331375122,0,Toxic Model 3,Network3,0.1,24.0,0.4,false,true,true,false,2,1,0.6
3,85,agent_0,0.870639,,0,Toxic Model 3,Network3,0.1,24.0,0.4,false,true,true,false,2,1,0.6
3,85,agent_9,0.1,0.019635846838355064,0,Toxic Model 3,Network3,0.1,24.0,0.4,false,true,true,false,2,1,0.6
3,85,agent_0,0.870639,0.45710375905036926,0,Toxic Model 3,Network3,0.1,24.0,0.4,false,true,true,false,2,1,0.6
3,85,agent_0,0.870639,0.1614234447479248,0,Toxic Model 3,Network3,0.1,24.0,0.4,false,true,true,false,2,1,0.6
3,86,agent_5,0.27172,,0,Toxic Model 3,Network3,0.1,24.0,0.4,false,true,true,false,2,1,0.6
3,86,agent_7,0.0959302,0.06713192909955978,0,Toxic Model 3,Network3,0.1,24.0,0.4,false,true,true,false,2,1,0.6
3,86,agent_7,0.0959302,,0,Toxic Model 3,Network3,0.1,24.0,0.4,false,true,true,false,2,1,0.6
3,86,agent_7,0.0959302,0.07971484959125519,0,Toxic Model 3,Network3,0.1,24.0,0.4,false,true,true,false,2,1,0.6
3,87,agent_1,0.672653,,0,Toxic Model 3,Network3,0.1,24.0,0.4,false,true,true,false,2,1,0.6
3,87,agent_0,0.870639,0.022501705214381218,0,Toxic Model 3,Network3,0.1,24.0,0.4,false,true,true,false,2,1,0.6
3,87,agent_0,0.870639,0.30256184935569763,0,Toxic Model 3,Network3,0.1,24.0,0.4,false,true,true,false,2,1,0.6
3,88,agent_2,0.587706,0.2343209683895111,0,Toxic Model 3,Network3,0.1,24.0,0.4,false,true,true,false,2,1,0.6
3,88,agent_2,0.587706,0.07161995023488998,0,Toxic Model 3,Network3,0.1,24.0,0.4,false,true,true,false,2,1,0.6
3,89,agent_8,0.632556,0.38284993171691895,0,Toxic Model 3,Network3,0.1,24.0,0.4,false,true,true,false,2,1,0.6
3,89,agent_9,0.1,,0,Toxic Model 3,Network3,0.1,24.0,0.4,false,true,true,false,2,1,0.6
3,89,agent_9,0.1,0.016738062724471092,0,Toxic Model 3,Network3,0.1,24.0,0.4,false,true,true,false,2,1,0.6
3,91,agent_3,0.255014,,0,Toxic Model 3,Network3,0.1,24.0,0.4,false,true,true,false,2,1,0.6
3,91,agent_5,0.27172,,0,Toxic Model 3,Network3,0.1,24.0,0.4,false,true,true,false,2,1,0.6
3,91,agent_5,0.27172,,0,Toxic Model 3,Network3,0.1,24.0,0.4,false,true,true,false,2,1,0.6
3,92,agent_2,0.587706,,0,Toxic Model 3,Network3,0.1,24.0,0.4,false,true,true,false,2,1,0.6
3,92,agent_3,0.255014,0.02201966568827629,0,Toxic Model 3,Network3,0.1,24.0,0.4,false,true,true,false,2,1,0.6
3,92,agent_0,0.870639,0.8705222010612488,0,Toxic Model 3,Network3,0.1,24.0,0.4,false,true,true,false,2,1,0.6
3,92,agent_0,0.870639,,0,Toxic Model 3,Network3,0.1,24.0,0.4,false,true,true,false,2,1,0.6
3,93,agent_0,0.870639,,0,Toxic Model 3,Network3,0.1,24.0,0.4,false,true,true,false,2,1,0.6
3,93,agent_1,0.672653,,0,Toxic Model 3,Network3,0.1,24.0,0.4,false,true,true,false,2,1,0.6
3,93,agent_5,0.27172,0.07725869864225388,0,Toxic Model 3,Network3,0.1,24.0,0.4,false,true,true,false,2,1,0.6
3,93,agent_8,0.632556,,0,Toxic Model 3,Network3,0.1,24.0,0.4,false,true,true,false,2,1,0.6
3,93,agent_9,0.1,0.07895021885633469,0,Toxic Model 3,Network3,0.1,24.0,0.4,false,true,true,false,2,1,0.6
3,93,agent_9,0.1,0.05050797387957573,0,Toxic Model 3,Network3,0.1,24.0,0.4,false,true,true,false,2,1,0.6
3,93,agent_6,0.270481,0.27037858963012695,0,Toxic Model 3,Network3,0.1,24.0,0.4,false,true,true,false,2,1,0.6
3,93,agent_6,0.270481,0.041352253407239914,0,Toxic Model 3,Network3,0.1,24.0,0.4,false,true,true,false,2,1,0.6
3,93,agent_5,0.27172,0.22057944536209106,0,Toxic Model 3,Network3,0.1,24.0,0.4,false,true,true,false,2,1,0.6
3,93,agent_1,0.672653,,0,Toxic Model 3,Network3,0.1,24.0,0.4,false,true,true,false,2,1,0.6
3,94,agent_3,0.255014,0.09517104923725128,0,Toxic Model 3,Network3,0.1,24.0,0.4,false,true,true,false,2,1,0.6
3,94,agent_8,0.632556,,0,Toxic Model 3,Network3,0.1,24.0,0.4,false,true,true,false,2,1,0.6
3,94,agent_8,0.632556,,0,Toxic Model 3,Network3,0.1,24.0,0.4,false,true,true,false,2,1,0.6
3,94,agent_6,0.270481,,0,Toxic Model 3,Network3,0.1,24.0,0.4,false,true,true,false,2,1,0.6
3,94,agent_6,0.270481,0.0691978856921196,0,Toxic Model 3,Network3,0.1,24.0,0.4,false,true,true,false,2,1,0.6
3,94,agent_3,0.255014,0.1590409278869629,0,Toxic Model 3,Network3,0.1,24.0,0.4,false,true,true,false,2,1,0.6
3,94,agent_3,0.255014,0.19167116284370422,0,Toxic Model 3,Network3,0.1,24.0,0.4,false,true,true,false,2,1,0.6
3,94,agent_3,0.255014,0.11998260766267776,0,Toxic Model 3,Network3,0.1,24.0,0.4,false,true,true,false,2,1,0.6
3,95,agent_8,0.632556,,0,Toxic Model 3,Network3,0.1,24.0,0.4,false,true,true,false,2,1,0.6
3,95,agent_2,0.587706,,0,Toxic Model 3,Network3,0.1,24.0,0.4,false,true,true,false,2,1,0.6
3,96,agent_1,0.672653,0.25615039467811584,0,Toxic Model 3,Network3,0.1,24.0,0.4,false,true,true,false,2,1,0.6
3,96,agent_2,0.587706,,0,Toxic Model 3,Network3,0.1,24.0,0.4,false,true,true,false,2,1,0.6
3,96,agent_4,0.593045,,0,Toxic Model 3,Network3,0.1,24.0,0.4,false,true,true,false,2,1,0.6
3,96,agent_6,0.270481,,0,Toxic Model 3,Network3,0.1,24.0,0.4,false,true,true,false,2,1,0.6
3,96,agent_5,0.27172,0.1773620992898941,0,Toxic Model 3,Network3,0.1,24.0,0.4,false,true,true,false,2,1,0.6
3,97,agent_5,0.27172,0.12254946678876877,0,Toxic Model 3,Network3,0.1,24.0,0.4,false,true,true,false,2,1,0.6
3,97,agent_9,0.1,,0,Toxic Model 3,Network3,0.1,24.0,0.4,false,true,true,false,2,1,0.6
3,97,agent_9,0.1,0.04383447766304016,0,Toxic Model 3,Network3,0.1,24.0,0.4,false,true,true,false,2,1,0.6
3,98,agent_0,0.870639,,0,Toxic Model 3,Network3,0.1,24.0,0.4,false,true,true,false,2,1,0.6
3,98,agent_4,0.593045,,0,Toxic Model 3,Network3,0.1,24.0,0.4,false,true,true,false,2,1,0.6
3,98,agent_4,0.593045,,0,Toxic Model 3,Network3,0.1,24.0,0.4,false,true,true,false,2,1,0.6
3,98,agent_8,0.632556,0.5262620449066162,0,Toxic Model 3,Network3,0.1,24.0,0.4,false,true,true,false,2,1,0.6
