platform,timestamp,author,author_toxicity,toxicity,knowledge,platform_model name,platform_network name,platform_interval time duration,platform_maximum post inactivity,platform_toxicity threshold,platform_full ban,platform_partial ban,platform_warning,platform_remove content,platform_network ban threshold,platform_network warning threshold,platform_moderation miss probability
2,1,agent_0,0.870639,,0,Toxic Model 2,Network2,0.1,24.0,0.05,true,true,true,true,2,10,0.4
2,2,agent_8,0.632556,0.37384286522865295,0,Toxic Model 2,Network2,0.1,24.0,0.05,true,true,true,true,2,10,0.4
2,3,agent_0,0.870639,,0,Toxic Model 2,Network2,0.1,24.0,0.05,true,true,true,true,2,10,0.4
2,3,agent_8,0.632556,,0,Toxic Model 2,Network2,0.1,24.0,0.05,true,true,true,true,2,10,0.4
2,3,agent_8,0.632556,0.5018589496612549,0,Toxic Model 2,Network2,0.1,24.0,0.05,true,true,true,true,2,10,0.4
2,3,agent_1,0.672653,,0,Toxic Model 2,Network2,0.1,24.0,0.05,true,true,true,true,2,10,0.4
2,4,agent_0,0.870639,0.8098418712615967,0,Toxic Model 2,Network2,0.1,24.0,0.05,true,true,true,true,2,10,0.4
2,4,agent_3,0.255014,,0,Toxic Model 2,Network2,0.1,24.0,0.05,true,true,true,true,2,10,0.4
2,4,agent_3,0.255014,,0,Toxic Model 2,Network2,0.1,24.0,0.05,true,true,true,true,2,10,0.4
2,4,agent_7,0.0959302,,0,Toxic Model 2,Network2,0.1,24.0,0.05,true,true,true,true,2,10,0.4
2,5,agent_8,0.632556,0.16990886628627777,0,Toxic Model 2,Network2,0.1,24.0,0.05,true,true,true,true,2,10,0.4
2,5,agent_7,0.0959302,0.019648658111691475,0,Toxic Model 2,Network2,0.1,24.0,0.05,true,true,true,true,2,10,0.4
2,6,agent_0,0.870639,,0,Toxic Model 2,Network2,0.1,24.0,0.05,true,true,true,true,2,10,0.4
2,6,agent_7,0.0959302,0.030835557729005814,0,Toxic Model 2,Network2,0.1,24.0,0.05,true,true,true,true,2,10,0.4
2,7,agent_0,0.870639,0.15048016607761383,0,Toxic Model 2,Network2,0.1,24.0,0.05,true,true,true,true,2,10,0.4
2,7,agent_4,0.593045,0.10633766651153564,0,Toxic Model 2,Network2,0.1,24.0,0.05,true,true,true,true,2,10,0.4
2,7,agent_0,0.870639,,0,Toxic Model 2,Network2,0.1,24.0,0.05,true,true,true,true,2,10,0.4
2,8,agent_7,0.0959302,0.04410325363278389,0,Toxic Model 2,Network2,0.1,24.0,0.05,true,true,true,true,2,10,0.4
2,8,agent_7,0.0959302,,0,Toxic Model 2,Network2,0.1,24.0,0.05,true,true,true,true,2,10,0.4
2,8,agent_3,0.255014,0.0980788841843605,0,Toxic Model 2,Network2,0.1,24.0,0.05,true,true,true,true,2,10,0.4
2,8,agent_1,0.672653,,0,Toxic Model 2,Network2,0.1,24.0,0.05,true,true,true,true,2,10,0.4
2,8,agent_0,0.870639,0.8227365612983704,0,Toxic Model 2,Network2,0.1,24.0,0.05,true,true,true,true,2,10,0.4
2,8,agent_0,0.870639,,0,Toxic Model 2,Network2,0.1,24.0,0.05,true,true,true,true,2,10,0.4
2,10,agent_3,0.255014,0.2526477873325348,0,Toxic Model 2,Network2,0.1,24.0,0.05,true,true,true,true,2,10,0.4
2,11,agent_1,0.672653,0.2163418084383011,0,Toxic Model 2,Network2,0.1,24.0,0.05,true,true,true,true,2,10,0.4
2,11,agent_1,0.672653,0.01809038408100605,0,Toxic Model 2,Network2,0.1,24.0,0.05,true,true,true,true,2,10,0.4
2,12,agent_7,0.0959302,0.015347587876021862,0,Toxic Model 2,Network2,0.1,24.0,0.05,true,true,true,true,2,10,0.4
2,12,agent_7,0.0959302,0.017789602279663086,0,Toxic Model 2,Network2,0.1,24.0,0.05,true,true,true,true,2,10,0.4
2,13,agent_4,0.593045,,0,Toxic Model 2,Network2,0.1,24.0,0.05,true,true,true,true,2,10,0.4
2,13,agent_4,0.593045,,0,Toxic Model 2,Network2,0.1,24.0,0.05,true,true,true,true,2,10,0.4
2,13,agent_3,0.255014,0.2531719505786896,0,Toxic Model 2,Network2,0.1,24.0,0.05,true,true,true,true,2,10,0.4
2,14,agent_8,0.632556,0.5627387166023254,0,Toxic Model 2,Network2,0.1,24.0,0.05,true,true,true,true,2,10,0.4
2,15,agent_4,0.593045,,0,Toxic Model 2,Network2,0.1,24.0,0.05,true,true,true,true,2,10,0.4
2,16,agent_0,0.870639,0.2624189853668213,0,Toxic Model 2,Network2,0.1,24.0,0.05,true,true,true,true,2,10,0.4
2,16,agent_4,0.593045,0.10157103836536407,0,Toxic Model 2,Network2,0.1,24.0,0.05,true,true,true,true,2,10,0.4
2,16,agent_4,0.593045,,0,Toxic Model 2,Network2,0.1,24.0,0.05,true,true,true,true,2,10,0.4
2,16,agent_7,0.0959302,0.07201538980007172,0,Toxic Model 2,Network2,0.1,24.0,0.05,true,true,true,true,2,10,0.4
2,18,agent_3,0.255014,,0,Toxic Model 2,Network2,0.1,24.0,0.05,true,true,true,true,2,10,0.4
2,18,agent_7,0.0959302,,0,Toxic Model 2,Network2,0.1,24.0,0.05,true,true,true,true,2,10,0.4
2,18,agent_7,0.0959302,0.026884347200393677,0,Toxic Model 2,Network2,0.1,24.0,0.05,true,true,true,true,2,10,0.4
2,19,agent_7,0.0959302,0.08065185695886612,0,Toxic Model 2,Network2,0.1,24.0,0.05,true,true,true,true,2,10,0.4
2,19,agent_7,0.0959302,0.01345094759017229,0,Toxic Model 2,Network2,0.1,24.0,0.05,true,true,true,true,2,10,0.4
2,20,agent_0,0.870639,0.31109854578971863,0,Toxic Model 2,Network2,0.1,24.0,0.05,true,true,true,true,2,10,0.4
2,20,agent_2,0.587706,,0,Toxic Model 2,Network2,0.1,24.0,0.05,true,true,true,true,2,10,0.4
2,21,agent_7,0.0959302,,0,Toxic Model 2,Network2,0.1,24.0,0.05,true,true,true,true,2,10,0.4
2,21,agent_7,0.0959302,,0,Toxic Model 2,Network2,0.1,24.0,0.05,true,true,true,true,2,10,0.4
2,22,agent_4,0.593045,,0,Toxic Model 2,Network2,0.1,24.0,0.05,true,true,true,true,2,10,0.4
2,22,agent_6,0.270481,,0,Toxic Model 2,Network2,0.1,24.0,0.05,true,true,true,true,2,10,0.4
2,22,agent_1,0.672653,0.03694445267319679,0,Toxic Model 2,Network2,0.1,24.0,0.05,true,true,true,true,2,10,0.4
2,23,agent_2,0.587706,,0,Toxic Model 2,Network2,0.1,24.0,0.05,true,true,true,true,2,10,0.4
2,23,agent_6,0.270481,,0,Toxic Model 2,Network2,0.1,24.0,0.05,true,true,true,true,2,10,0.4
2,23,agent_7,0.0959302,0.08937819302082062,0,Toxic Model 2,Network2,0.1,24.0,0.05,true,true,true,true,2,10,0.4
2,23,agent_7,0.0959302,,0,Toxic Model 2,Network2,0.1,24.0,0.05,true,true,true,true,2,10,0.4
2,23,agent_8,0.632556,,0,Toxic Model 2,Network2,0.1,24.0,0.05,true,true,true,true,2,10,0.4
2,23,agent_6,0.270481,0.17716141045093536,0,Toxic Model 2,Network2,0.1,24.0,0.05,true,true,true,true,2,10,0.4
2,23,agent_4,0.593045,,0,Toxic Model 2,Network2,0.1,24.0,0.05,true,true,true,true,2,10,0.4
2,24,agent_5,0.27172,,0,Toxic Model 2,Network2,0.1,24.0,0.05,true,true,true,true,2,10,0.4
2,24,agent_5,0.27172,,0,Toxic Model 2,Network2,0.1,24.0,0.05,true,true,true,true,2,10,0.4
2,24,agent_8,0.632556,,0,Toxic Model 2,Network2,0.1,24.0,0.05,true,true,true,true,2,10,0.4
2,25,agent_1,0.672653,,0,Toxic Model 2,Network2,0.1,24.0,0.05,true,true,true,true,2,10,0.4
2,25,agent_6,0.270481,0.02970375306904316,0,Toxic Model 2,Network2,0.1,24.0,0.05,true,true,true,true,2,10,0.4
2,25,agent_8,0.632556,,0,Toxic Model 2,Network2,0.1,24.0,0.05,true,true,true,true,2,10,0.4
2,27,agent_7,0.0959302,0.015354106202721596,0,Toxic Model 2,Network2,0.1,24.0,0.05,true,true,true,true,2,10,0.4
2,28,agent_0,0.870639,,0,Toxic Model 2,Network2,0.1,24.0,0.05,true,true,true,true,2,10,0.4
2,28,agent_7,0.0959302,,0,Toxic Model 2,Network2,0.1,24.0,0.05,true,true,true,true,2,10,0.4
2,28,agent_7,0.0959302,0.019651761278510094,0,Toxic Model 2,Network2,0.1,24.0,0.05,true,true,true,true,2,10,0.4
2,29,agent_8,0.632556,,0,Toxic Model 2,Network2,0.1,24.0,0.05,true,true,true,true,2,10,0.4
2,29,agent_7,0.0959302,0.0747334212064743,0,Toxic Model 2,Network2,0.1,24.0,0.05,true,true,true,true,2,10,0.4
2,30,agent_3,0.255014,0.0200121458619833,0,Toxic Model 2,Network2,0.1,24.0,0.05,true,true,true,true,2,10,0.4
2,31,agent_1,0.672653,0.24914635717868805,0,Toxic Model 2,Network2,0.1,24.0,0.05,true,true,true,true,2,10,0.4
2,31,agent_7,0.0959302,0.06965260207653046,0,Toxic Model 2,Network2,0.1,24.0,0.05,true,true,true,true,2,10,0.4
2,31,agent_1,0.672653,0.009529421105980873,0,Toxic Model 2,Network2,0.1,24.0,0.05,true,true,true,true,2,10,0.4
2,32,agent_3,0.255014,,0,Toxic Model 2,Network2,0.1,24.0,0.05,true,true,true,true,2,10,0.4
2,32,agent_5,0.27172,,0,Toxic Model 2,Network2,0.1,24.0,0.05,true,true,true,true,2,10,0.4
2,33,agent_4,0.593045,,0,Toxic Model 2,Network2,0.1,24.0,0.05,true,true,true,true,2,10,0.4
2,33,agent_4,0.593045,0.4334196150302887,0,Toxic Model 2,Network2,0.1,24.0,0.05,true,true,true,true,2,10,0.4
2,33,agent_7,0.0959302,,0,Toxic Model 2,Network2,0.1,24.0,0.05,true,true,true,true,2,10,0.4
2,33,agent_4,0.593045,,0,Toxic Model 2,Network2,0.1,24.0,0.05,true,true,true,true,2,10,0.4
2,34,agent_1,0.672653,,0,Toxic Model 2,Network2,0.1,24.0,0.05,true,true,true,true,2,10,0.4
2,34,agent_4,0.593045,,0,Toxic Model 2,Network2,0.1,24.0,0.05,true,true,true,true,2,10,0.4
2,34,agent_6,0.270481,0.17184068262577057,0,Toxic Model 2,Network2,0.1,24.0,0.05,true,true,true,true,2,10,0.4
2,35,agent_0,0.870639,,0,Toxic Model 2,Network2,0.1,24.0,0.05,true,true,true,true,2,10,0.4
2,35,agent_9,0.1,0.050726618617773056,0,Toxic Model 2,Network2,0.1,24.0,0.05,true,true,true,true,2,10,0.4
2,35,agent_6,0.270481,0.02306661568582058,0,Toxic Model 2,Network2,0.1,24.0,0.05,true,true,true,true,2,10,0.4
2,36,agent_0,0.870639,0.8338654637336731,0,Toxic Model 2,Network2,0.1,24.0,0.05,true,true,true,true,2,10,0.4
2,37,agent_0,0.870639,,0,Toxic Model 2,Network2,0.1,24.0,0.05,true,true,true,true,2,10,0.4
2,37,agent_0,0.870639,,0,Toxic Model 2,Network2,0.1,24.0,0.05,true,true,true,true,2,10,0.4
2,38,agent_1,0.672653,0.4815080165863037,0,Toxic Model 2,Network2,0.1,24.0,0.05,true,true,true,true,2,10,0.4
2,38,agent_1,0.672653,,0,Toxic Model 2,Network2,0.1,24.0,0.05,true,true,true,true,2,10,0.4
2,38,agent_7,0.0959302,0.03770190849900246,0,Toxic Model 2,Network2,0.1,24.0,0.05,true,true,true,true,2,10,0.4
2,38,agent_9,0.1,0.008246003650128841,0,Toxic Model 2,Network2,0.1,24.0,0.05,true,true,true,true,2,10,0.4
2,38,agent_9,0.1,0.015030614100396633,0,Toxic Model 2,Network2,0.1,24.0,0.05,true,true,true,true,2,10,0.4
2,40,agent_4,0.593045,,0,Toxic Model 2,Network2,0.1,24.0,0.05,true,true,true,true,2,10,0.4
2,40,agent_4,0.593045,0.024946240708231926,0,Toxic Model 2,Network2,0.1,24.0,0.05,true,true,true,true,2,10,0.4
2,40,agent_5,0.27172,,0,Toxic Model 2,Network2,0.1,24.0,0.05,true,true,true,true,2,10,0.4
2,41,agent_0,0.870639,0.1319042295217514,0,Toxic Model 2,Network2,0.1,24.0,0.05,true,true,true,true,2,10,0.4
2,41,agent_1,0.672653,0.6385988593101501,0,Toxic Model 2,Network2,0.1,24.0,0.05,true,true,true,true,2,10,0.4
2,42,agent_6,0.270481,0.04548969492316246,0,Toxic Model 2,Network2,0.1,24.0,0.05,true,true,true,true,2,10,0.4
2,42,agent_7,0.0959302,0.003591367742046714,0,Toxic Model 2,Network2,0.1,24.0,0.05,true,true,true,true,2,10,0.4
2,42,agent_7,0.0959302,0.039827194064855576,0,Toxic Model 2,Network2,0.1,24.0,0.05,true,true,true,true,2,10,0.4
2,43,agent_1,0.672653,0.05274795740842819,0,Toxic Model 2,Network2,0.1,24.0,0.05,true,true,true,true,2,10,0.4
2,44,agent_3,0.255014,0.2540742754936218,0,Toxic Model 2,Network2,0.1,24.0,0.05,true,true,true,true,2,10,0.4
2,44,agent_7,0.0959302,0.007321694400161505,0,Toxic Model 2,Network2,0.1,24.0,0.05,true,true,true,true,2,10,0.4
2,46,agent_2,0.587706,,0,Toxic Model 2,Network2,0.1,24.0,0.05,true,true,true,true,2,10,0.4
2,47,agent_4,0.593045,,0,Toxic Model 2,Network2,0.1,24.0,0.05,true,true,true,true,2,10,0.4
2,48,agent_9,0.1,,0,Toxic Model 2,Network2,0.1,24.0,0.05,true,true,true,true,2,10,0.4
2,48,agent_9,0.1,0.0032839954365044832,0,Toxic Model 2,Network2,0.1,24.0,0.05,true,true,true,true,2,10,0.4
2,48,agent_7,0.0959302,0.033618174493312836,0,Toxic Model 2,Network2,0.1,24.0,0.05,true,true,true,true,2,10,0.4
2,48,agent_7,0.0959302,0.031326040625572205,0,Toxic Model 2,Network2,0.1,24.0,0.05,true,true,true,true,2,10,0.4
2,48,agent_5,0.27172,,0,Toxic Model 2,Network2,0.1,24.0,0.05,true,true,true,true,2,10,0.4
2,50,agent_0,0.870639,0.0426945760846138,0,Toxic Model 2,Network2,0.1,24.0,0.05,true,true,true,true,2,10,0.4
2,50,agent_0,0.870639,,0,Toxic Model 2,Network2,0.1,24.0,0.05,true,true,true,true,2,10,0.4
2,51,agent_3,0.255014,,0,Toxic Model 2,Network2,0.1,24.0,0.05,true,true,true,true,2,10,0.4
2,55,agent_2,0.587706,,0,Toxic Model 2,Network2,0.1,24.0,0.05,true,true,true,true,2,10,0.4
2,55,agent_2,0.587706,,0,Toxic Model 2,Network2,0.1,24.0,0.05,true,true,true,true,2,10,0.4
2,58,agent_5,0.27172,,0,Toxic Model 2,Network2,0.1,24.0,0.05,true,true,true,true,2,10,0.4
2,59,agent_5,0.27172,,0,Toxic Model 2,Network2,0.1,24.0,0.05,true,true,true,true,2,10,0.4
2,60,agent_9,0.1,,0,Toxic Model 2,Network2,0.1,24.0,0.05,true,true,true,true,2,10,0.4
2,64,agent_6,0.270481,,0,Toxic Model 2,Network2,0.1,24.0,0.05,true,true,true,true,2,10,0.4
2,66,agent_2,0.587706,,0,Toxic Model 2,Network2,0.1,24.0,0.05,true,true,true,true,2,10,0.4
2,68,agent_3,0.255014,0.020053548738360405,0,Toxic Model 2,Network2,0.1,24.0,0.05,true,true,true,true,2,10,0.4
2,68,agent_3,0.255014,,0,Toxic Model 2,Network2,0.1,24.0,0.05,true,true,true,true,2,10,0.4
2,70,agent_2,0.587706,,0,Toxic Model 2,Network2,0.1,24.0,0.05,true,true,true,true,2,10,0.4
2,70,agent_3,0.255014,,0,Toxic Model 2,Network2,0.1,24.0,0.05,true,true,true,true,2,10,0.4
2,72,agent_5,0.27172,0.04788096621632576,0,Toxic Model 2,Network2,0.1,24.0,0.05,true,true,true,true,2,10,0.4
2,75,agent_2,0.587706,,0,Toxic Model 2,Network2,0.1,24.0,0.05,true,true,true,true,2,10,0.4
2,76,agent_5,0.27172,,0,Toxic Model 2,Network2,0.1,24.0,0.05,true,true,true,true,2,10,0.4
2,76,agent_5,0.27172,,0,Toxic Model 2,Network2,0.1,24.0,0.05,true,true,true,true,2,10,0.4
2,77,agent_5,0.27172,0.21366289258003235,0,Toxic Model 2,Network2,0.1,24.0,0.05,true,true,true,true,2,10,0.4
2,78,agent_2,0.587706,0.39419639110565186,0,Toxic Model 2,Network2,0.1,24.0,0.05,true,true,true,true,2,10,0.4
2,78,agent_3,0.255014,0.06685931235551834,0,Toxic Model 2,Network2,0.1,24.0,0.05,true,true,true,true,2,10,0.4
2,82,agent_9,0.1,,0,Toxic Model 2,Network2,0.1,24.0,0.05,true,true,true,true,2,10,0.4
2,82,agent_2,0.587706,,0,Toxic Model 2,Network2,0.1,24.0,0.05,true,true,true,true,2,10,0.4
2,84,agent_9,0.1,0.030455207452178,0,Toxic Model 2,Network2,0.1,24.0,0.05,true,true,true,true,2,10,0.4
2,84,agent_9,0.1,0.07209717482328415,0,Toxic Model 2,Network2,0.1,24.0,0.05,true,true,true,true,2,10,0.4
2,88,agent_5,0.27172,,0,Toxic Model 2,Network2,0.1,24.0,0.05,true,true,true,true,2,10,0.4
2,91,agent_0,0.870639,0.44296354055404663,0,Toxic Model 2,Network2,0.1,24.0,0.05,true,true,true,true,2,10,0.4
2,91,agent_2,0.587706,,0,Toxic Model 2,Network2,0.1,24.0,0.05,true,true,true,true,2,10,0.4
2,94,agent_0,0.870639,0.791861355304718,0,Toxic Model 2,Network2,0.1,24.0,0.05,true,true,true,true,2,10,0.4
2,95,agent_9,0.1,,0,Toxic Model 2,Network2,0.1,24.0,0.05,true,true,true,true,2,10,0.4
2,95,agent_9,0.1,0.07275504618883133,0,Toxic Model 2,Network2,0.1,24.0,0.05,true,true,true,true,2,10,0.4
2,95,agent_2,0.587706,,0,Toxic Model 2,Network2,0.1,24.0,0.05,true,true,true,true,2,10,0.4
2,96,agent_2,0.587706,,0,Toxic Model 2,Network2,0.1,24.0,0.05,true,true,true,true,2,10,0.4
2,96,agent_2,0.587706,,0,Toxic Model 2,Network2,0.1,24.0,0.05,true,true,true,true,2,10,0.4
2,98,agent_3,0.255014,,0,Toxic Model 2,Network2,0.1,24.0,0.05,true,true,true,true,2,10,0.4
2,99,agent_9,0.1,,0,Toxic Model 2,Network2,0.1,24.0,0.05,true,true,true,true,2,10,0.4
2,99,agent_5,0.27172,,0,Toxic Model 2,Network2,0.1,24.0,0.05,true,true,true,true,2,10,0.4
