{
  "run_id": "run4",
  "statistics": {
    "num_timesteps": 100,
    "num_users": 10
  },
  "parameters": {
    "run_id": "run4",
    "platform_1": {
      "model name": "Toxic Model 1",
      "network name": "Network1",
      "interval time duration": "0.1",
      "maximum post inactivity": "24.0",
      "toxicity threshold": "0.05",
      "full ban": "true",
      "partial ban": "true",
      "warning": "true",
      "remove content": "true",
      "network ban threshold": "1",
      "network warning threshold": "1",
      "moderation miss probability": "0.2"
    },
    "platform_2": {
      "model name": "Toxic Model 2",
      "network name": "Network2",
      "interval time duration": "0.1",
      "maximum post inactivity": "24.0",
      "toxicity threshold": "0.05",
      "full ban": "true",
      "partial ban": "true",
      "warning": "true",
      "remove content": "true",
      "network ban threshold": "2",
      "network warning threshold": "10",
      "moderation miss probability": "0.4"
    },
    "platform_3": {
      "model name": "Toxic Model 3",
      "network name": "Network3",
      "interval time duration": "0.1",
      "maximum post inactivity": "24.0",
      "toxicity threshold": "0.4",
      "full ban": "false",
      "partial ban": "true",
      "warning": "true",
      "remove content": "false",
      "network ban threshold": "2",
      "network warning threshold": "1",
      "moderation miss probability": "0.6"
    },
    "user_toxicity": {
      "agent_0": 0.870639,
      "agent_1": 0.672653,
      "agent_2": 0.587706,
      "agent_3": 0.255014,
      "agent_4": 0.593045,
      "agent_5": 0.27172,
      "agent_6": 0.270481,
      "agent_7": 0.0959302,
      "agent_8": 0.632556,
      "agent_9": 0.1
    }
  }
}